patient_id,image_filename,image_path,laterality,age,abnormality,label,view_position,rows,columns,manufacturer
D1-0001,D1-0001_1-1.png,processed_images\D1-0001_1-1.png,R,44,calcification,Benign,,2294,1914,
D1-0001,D1-0001_1-2.png,processed_images\D1-0001_1-2.png,R,44,calcification,Benign,,2294,1914,
D1-0002,D1-0002_1-1.png,processed_images\D1-0002_1-1.png,L,40,calcification,Benign,,2294,1914,
D1-0002,D1-0002_1-2.png,processed_images\D1-0002_1-2.png,L,40,calcification,Benign,,2294,1914,
D1-0003,D1-0003_1-1.png,processed_images\D1-0003_1-1.png,L,39,calcification,Benign,,2294,1914,
D1-0003,D1-0003_1-2.png,processed_images\D1-0003_1-2.png,L,39,calcification,Benign,,2294,1914,
D1-0004,D1-0004_1-1.png,processed_images\D1-0004_1-1.png,L,41,calcification,Benign,,2294,1914,
D1-0004,D1-0004_1-2.png,processed_images\D1-0004_1-2.png,L,41,calcification,Benign,,2294,1914,
D1-0005,D1-0005_1-1.png,processed_images\D1-0005_1-1.png,R,42,calcification,Benign,,2294,1914,
D1-0005,D1-0005_1-2.png,processed_images\D1-0005_1-2.png,R,42,calcification,Benign,,2294,1914,
D1-0006,D1-0006_1-1.png,processed_images\D1-0006_1-1.png,L,46,calcification,Benign,,2294,1914,
D1-0006,D1-0006_1-2.png,processed_images\D1-0006_1-2.png,L,46,calcification,Benign,,2294,1914,
D1-0007,D1-0007_1-1.png,processed_images\D1-0007_1-1.png,R,54,calcification,Benign,,2294,1914,
D1-0007,D1-0007_1-2.png,processed_images\D1-0007_1-2.png,R,54,calcification,Benign,,2294,1914,
D1-0008,D1-0008_1-1.png,processed_images\D1-0008_1-1.png,L,38,calcification,Benign,,2294,1914,
D1-0008,D1-0008_1-2.png,processed_images\D1-0008_1-2.png,L,38,calcification,Benign,,2294,1914,
D1-0009,D1-0009_1-1.png,processed_images\D1-0009_1-1.png,L,59,calcification,Benign,,2294,1914,
D1-0009,D1-0009_1-2.png,processed_images\D1-0009_1-2.png,L,59,calcification,Benign,,2294,1914,
D1-0010,D1-0010_1-1.png,processed_images\D1-0010_1-1.png,R,43,calcification,Benign,,2294,1914,
D1-0010,D1-0010_1-2.png,processed_images\D1-0010_1-2.png,R,43,calcification,Benign,,2294,1914,
D1-0011,D1-0011_1-1.png,processed_images\D1-0011_1-1.png,L,27,calcification,Benign,,2294,1914,
D1-0011,D1-0011_1-2.png,processed_images\D1-0011_1-2.png,L,27,calcification,Benign,,2294,1914,
D1-0012,D1-0012_1-1.png,processed_images\D1-0012_1-1.png,L,34,calcification,Benign,,2294,1914,
D1-0012,D1-0012_1-2.png,processed_images\D1-0012_1-2.png,L,34,calcification,Benign,,2294,1914,
D1-0013,D1-0013_1-1.png,processed_images\D1-0013_1-1.png,L,52,calcification,Benign,,2294,1914,
D1-0013,D1-0013_1-2.png,processed_images\D1-0013_1-2.png,L,52,calcification,Benign,,2294,1914,
D1-0014,D1-0014_1-1.png,processed_images\D1-0014_1-1.png,L,52,calcification,Benign,,2294,1914,
D1-0014,D1-0014_1-2.png,processed_images\D1-0014_1-2.png,L,52,calcification,Benign,,2294,1914,
D1-0015,D1-0015_1-1.png,processed_images\D1-0015_1-1.png,R,29,calcification,Benign,,2294,1914,
D1-0015,D1-0015_1-2.png,processed_images\D1-0015_1-2.png,R,29,calcification,Benign,,2294,1914,
D1-0016,D1-0016_1-1.png,processed_images\D1-0016_1-1.png,R,58,calcification,Benign,,2294,1914,
D1-0016,D1-0016_1-2.png,processed_images\D1-0016_1-2.png,R,58,calcification,Benign,,2294,1914,
D1-0017,D1-0017_1-1.png,processed_images\D1-0017_1-1.png,R,45,calcification,Benign,,2294,1914,
D1-0017,D1-0017_1-2.png,processed_images\D1-0017_1-2.png,R,45,calcification,Benign,,2294,1914,
D1-0018,D1-0018_1-1.png,processed_images\D1-0018_1-1.png,R,46,calcification,Benign,,2294,1914,
D1-0018,D1-0018_1-2.png,processed_images\D1-0018_1-2.png,R,46,calcification,Benign,,2294,1914,
D1-0019,D1-0019_1-1.png,processed_images\D1-0019_1-1.png,L,44,calcification,Benign,,2294,1914,
D1-0019,D1-0019_1-2.png,processed_images\D1-0019_1-2.png,L,44,calcification,Benign,,2294,1914,
D1-0020,D1-0020_1-1.png,processed_images\D1-0020_1-1.png,R,53,calcification,Benign,,2294,1914,
D1-0020,D1-0020_1-2.png,processed_images\D1-0020_1-2.png,R,53,calcification,Benign,,2294,1914,
D1-0021,D1-0021_1-1.png,processed_images\D1-0021_1-1.png,L,22,calcification,Benign,,2294,1914,
D1-0021,D1-0021_1-2.png,processed_images\D1-0021_1-2.png,L,22,calcification,Benign,,2294,1914,
D1-0021,D1-0021_1-3.png,processed_images\D1-0021_1-3.png,R,22,calcification,Benign,,2294,1914,
D1-0021,D1-0021_1-4.png,processed_images\D1-0021_1-4.png,R,22,calcification,Benign,,2294,1914,
D1-0022,D1-0022_1-1.png,processed_images\D1-0022_1-1.png,L,34,calcification,Benign,,2294,1914,
D1-0022,D1-0022_1-2.png,processed_images\D1-0022_1-2.png,L,34,calcification,Benign,,2294,1914,
D1-0023,D1-0023_1-1.png,processed_images\D1-0023_1-1.png,R,48,calcification,Benign,,2294,1914,
D1-0023,D1-0023_1-2.png,processed_images\D1-0023_1-2.png,R,48,calcification,Benign,,2294,1914,
D1-0024,D1-0024_1-1.png,processed_images\D1-0024_1-1.png,R,33,calcification,Benign,,2294,1914,
D1-0024,D1-0024_1-2.png,processed_images\D1-0024_1-2.png,R,33,calcification,Benign,,2294,1914,
D1-0025,D1-0025_1-1.png,processed_images\D1-0025_1-1.png,L,49,calcification,Benign,,2294,1914,
D1-0025,D1-0025_1-2.png,processed_images\D1-0025_1-2.png,L,49,calcification,Benign,,2294,1914,
D1-0026,D1-0026_1-1.png,processed_images\D1-0026_1-1.png,R,25,calcification,Benign,,2294,1914,
D1-0026,D1-0026_1-2.png,processed_images\D1-0026_1-2.png,R,25,calcification,Benign,,2294,1914,
D1-0027,D1-0027_1-1.png,processed_images\D1-0027_1-1.png,L,44,calcification,Benign,,2294,1914,
D1-0027,D1-0027_1-2.png,processed_images\D1-0027_1-2.png,L,44,calcification,Benign,,2294,1914,
D1-0028,D1-0028_1-1.png,processed_images\D1-0028_1-1.png,L,35,calcification,Benign,,2294,1914,
D1-0028,D1-0028_1-2.png,processed_images\D1-0028_1-2.png,L,35,calcification,Benign,,2294,1914,
D1-0029,D1-0029_1-1.png,processed_images\D1-0029_1-1.png,L,43,calcification,Benign,,2294,1914,
D1-0029,D1-0029_1-2.png,processed_images\D1-0029_1-2.png,L,43,calcification,Benign,,2294,1914,
D1-0030,D1-0030_1-1.png,processed_images\D1-0030_1-1.png,L,37,calcification,Benign,,2294,1914,
D1-0030,D1-0030_1-2.png,processed_images\D1-0030_1-2.png,L,37,calcification,Benign,,2294,1914,
D1-0031,D1-0031_1-1.png,processed_images\D1-0031_1-1.png,R,51,calcification,Benign,,2294,1914,
D1-0031,D1-0031_1-2.png,processed_images\D1-0031_1-2.png,R,51,calcification,Benign,,2294,1914,
D1-0032,D1-0032_1-1.png,processed_images\D1-0032_1-1.png,L,49,calcification,Benign,,2294,1914,
D1-0032,D1-0032_1-2.png,processed_images\D1-0032_1-2.png,L,49,calcification,Benign,,2294,1914,
D1-0032,D1-0032_1-3.png,processed_images\D1-0032_1-3.png,R,49,calcification,Benign,,2294,1914,
D1-0032,D1-0032_1-4.png,processed_images\D1-0032_1-4.png,R,49,calcification,Benign,,2294,1914,
D1-0033,D1-0033_1-1.png,processed_images\D1-0033_1-1.png,R,57,calcification,Benign,,2294,1914,
D1-0033,D1-0033_1-2.png,processed_images\D1-0033_1-2.png,R,57,calcification,Benign,,2294,1914,
D1-0034,D1-0034_1-1.png,processed_images\D1-0034_1-1.png,L,44,calcification,Benign,,2294,1914,
D1-0034,D1-0034_1-2.png,processed_images\D1-0034_1-2.png,L,44,calcification,Benign,,2294,1914,
D1-0034,D1-0034_1-3.png,processed_images\D1-0034_1-3.png,R,44,calcification,Benign,,2294,1914,
D1-0034,D1-0034_1-4.png,processed_images\D1-0034_1-4.png,R,44,calcification,Benign,,2294,1914,
D1-0035,D1-0035_1-1.png,processed_images\D1-0035_1-1.png,L,45,calcification,Benign,,2294,1914,
D1-0035,D1-0035_1-2.png,processed_images\D1-0035_1-2.png,L,45,calcification,Benign,,2294,1914,
D1-0035,D1-0035_1-3.png,processed_images\D1-0035_1-3.png,R,45,calcification,Benign,,2294,1914,
D1-0035,D1-0035_1-4.png,processed_images\D1-0035_1-4.png,R,45,calcification,Benign,,2294,1914,
D1-0036,D1-0036_1-1.png,processed_images\D1-0036_1-1.png,L,28,calcification,Benign,,2294,1914,
D1-0036,D1-0036_1-2.png,processed_images\D1-0036_1-2.png,L,28,calcification,Benign,,2294,1914,
D1-0037,D1-0037_1-1.png,processed_images\D1-0037_1-1.png,L,41,calcification,Benign,,2294,1914,
D1-0037,D1-0037_1-2.png,processed_images\D1-0037_1-2.png,L,41,calcification,Benign,,2294,1914,
D1-0038,D1-0038_1-1.png,processed_images\D1-0038_1-1.png,R,47,calcification,Benign,,2294,1914,
D1-0038,D1-0038_1-2.png,processed_images\D1-0038_1-2.png,R,47,calcification,Benign,,2294,1914,
D1-0039,D1-0039_1-1.png,processed_images\D1-0039_1-1.png,L,41,calcification,Benign,,2294,1914,
D1-0039,D1-0039_1-2.png,processed_images\D1-0039_1-2.png,L,41,calcification,Benign,,2294,1914,
D1-0039,D1-0039_1-3.png,processed_images\D1-0039_1-3.png,R,41,calcification,Benign,,2294,1914,
D1-0039,D1-0039_1-4.png,processed_images\D1-0039_1-4.png,R,41,calcification,Benign,,2294,1914,
D1-0040,D1-0040_1-1.png,processed_images\D1-0040_1-1.png,L,36,calcification,Benign,,2294,1914,
D1-0040,D1-0040_1-2.png,processed_images\D1-0040_1-2.png,L,36,calcification,Benign,,2294,1914,
D1-0041,D1-0041_1-1.png,processed_images\D1-0041_1-1.png,L,42,calcification,Benign,,2294,1914,
D1-0041,D1-0041_1-2.png,processed_images\D1-0041_1-2.png,L,42,calcification,Benign,,2294,1914,
D1-0042,D1-0042_1-1.png,processed_images\D1-0042_1-1.png,L,41,calcification,Benign,,2294,1914,
D1-0042,D1-0042_1-2.png,processed_images\D1-0042_1-2.png,L,41,calcification,Benign,,2294,1914,
D1-0043,D1-0043_1-1.png,processed_images\D1-0043_1-1.png,L,44,calcification,Benign,,2294,1914,
D1-0043,D1-0043_1-2.png,processed_images\D1-0043_1-2.png,L,44,calcification,Benign,,2294,1914,
D1-0087,D1-0087_1-1.png,processed_images\D1-0087_1-1.png,L,59,calcification,Benign,,2294,1914,
D1-0087,D1-0087_1-2.png,processed_images\D1-0087_1-2.png,L,59,calcification,Benign,,2294,1914,
D1-0089,D1-0089_1-3.png,processed_images\D1-0089_1-3.png,R,63,calcification,Benign,,2294,1914,
D1-0089,D1-0089_1-4.png,processed_images\D1-0089_1-4.png,R,63,calcification,Benign,,2294,1914,
D1-0121,D1-0121_1-1.png,processed_images\D1-0121_1-1.png,L,49,calcification,Benign,,2294,1914,
D1-0121,D1-0121_1-2.png,processed_images\D1-0121_1-2.png,L,49,calcification,Benign,,2294,1914,
D1-0173,D1-0173_1-3.png,processed_images\D1-0173_1-3.png,R,43,calcification,Benign,,2294,1914,
D1-0173,D1-0173_1-4.png,processed_images\D1-0173_1-4.png,R,43,calcification,Benign,,2294,1914,
D1-0202,D1-0202_1-3.png,processed_images\D1-0202_1-3.png,R,38,calcification,Benign,,2294,1914,
D1-0202,D1-0202_1-4.png,processed_images\D1-0202_1-4.png,R,38,calcification,Benign,,2294,1914,
D1-0203,D1-0203_1-1.png,processed_images\D1-0203_1-1.png,L,69,calcification,Benign,,2294,1914,
D1-0203,D1-0203_1-2.png,processed_images\D1-0203_1-2.png,L,69,calcification,Benign,,2294,1914,
D1-0207,D1-0207_1-3.png,processed_images\D1-0207_1-3.png,R,31,calcification,Benign,,2294,1914,
D1-0207,D1-0207_1-4.png,processed_images\D1-0207_1-4.png,R,31,calcification,Benign,,2294,1914,
D1-0213,D1-0213_1-1.png,processed_images\D1-0213_1-1.png,L,41,calcification,Benign,,2294,1914,
D1-0213,D1-0213_1-2.png,processed_images\D1-0213_1-2.png,L,41,calcification,Benign,,2294,1914,
D1-0221,D1-0221_1-1.png,processed_images\D1-0221_1-1.png,L,40,calcification,Benign,,2294,1914,
D1-0221,D1-0221_1-2.png,processed_images\D1-0221_1-2.png,L,40,calcification,Benign,,2294,1914,
D1-0223,D1-0223_1-3.png,processed_images\D1-0223_1-3.png,R,46,calcification,Benign,,2294,1914,
D1-0223,D1-0223_1-4.png,processed_images\D1-0223_1-4.png,R,46,calcification,Benign,,2294,1914,
D1-0242,D1-0242_1-1.png,processed_images\D1-0242_1-1.png,R,58,both,Benign,,2294,1914,
D1-0242,D1-0242_1-2.png,processed_images\D1-0242_1-2.png,R,58,both,Benign,,2294,1914,
D1-0243,D1-0243_1-1.png,processed_images\D1-0243_1-1.png,R,43,both,Benign,,2294,1914,
D1-0243,D1-0243_1-2.png,processed_images\D1-0243_1-2.png,R,43,both,Benign,,2294,1914,
D1-0244,D1-0244_1-1.png,processed_images\D1-0244_1-1.png,R,43,both,Benign,,2294,1914,
D1-0244,D1-0244_1-2.png,processed_images\D1-0244_1-2.png,R,43,both,Benign,,2294,1914,
D1-0245,D1-0245_1-1.png,processed_images\D1-0245_1-1.png,L,41,both,Benign,,2294,1914,
D1-0245,D1-0245_1-2.png,processed_images\D1-0245_1-2.png,L,41,both,Benign,,2294,1914,
D1-0245,D1-0245_1-3.png,processed_images\D1-0245_1-3.png,R,41,both,Benign,,2294,1914,
D1-0245,D1-0245_1-4.png,processed_images\D1-0245_1-4.png,R,41,both,Benign,,2294,1914,
D1-0246,D1-0246_1-1.png,processed_images\D1-0246_1-1.png,L,50,both,Benign,,2294,1914,
D1-0246,D1-0246_1-2.png,processed_images\D1-0246_1-2.png,L,50,both,Benign,,2294,1914,
D1-0246,D1-0246_1-3.png,processed_images\D1-0246_1-3.png,R,50,both,Benign,,2294,1914,
D1-0246,D1-0246_1-4.png,processed_images\D1-0246_1-4.png,R,50,both,Benign,,2294,1914,
D1-0247,D1-0247_1-1.png,processed_images\D1-0247_1-1.png,L,48,both,Benign,,2294,1914,
D1-0247,D1-0247_1-2.png,processed_images\D1-0247_1-2.png,L,48,both,Benign,,2294,1914,
D1-0248,D1-0248_1-1.png,processed_images\D1-0248_1-1.png,L,33,both,Benign,,2294,1914,
D1-0248,D1-0248_1-2.png,processed_images\D1-0248_1-2.png,L,33,both,Benign,,2294,1914,
D1-0249,D1-0249_1-1.png,processed_images\D1-0249_1-1.png,R,51,both,Benign,,2294,1914,
D1-0249,D1-0249_1-2.png,processed_images\D1-0249_1-2.png,R,51,both,Benign,,2294,1914,
D1-0250,D1-0250_1-1.png,processed_images\D1-0250_1-1.png,L,29,both,Benign,,2294,1914,
D1-0250,D1-0250_1-2.png,processed_images\D1-0250_1-2.png,L,29,both,Benign,,2294,1914,
D1-0250,D1-0250_1-3.png,processed_images\D1-0250_1-3.png,R,29,both,Benign,,2294,1914,
D1-0250,D1-0250_1-4.png,processed_images\D1-0250_1-4.png,R,29,both,Benign,,2294,1914,
D1-0251,D1-0251_1-1.png,processed_images\D1-0251_1-1.png,R,39,both,Benign,,2294,1914,
D1-0251,D1-0251_1-2.png,processed_images\D1-0251_1-2.png,R,39,both,Benign,,2294,1914,
D1-0252,D1-0252_1-1.png,processed_images\D1-0252_1-1.png,R,37,both,Benign,,2294,1914,
D1-0252,D1-0252_1-2.png,processed_images\D1-0252_1-2.png,R,37,both,Benign,,2294,1914,
D1-0253,D1-0253_1-1.png,processed_images\D1-0253_1-1.png,R,41,both,Benign,,2294,1914,
D1-0253,D1-0253_1-2.png,processed_images\D1-0253_1-2.png,R,41,both,Benign,,2294,1914,
D1-0254,D1-0254_1-1.png,processed_images\D1-0254_1-1.png,L,44,both,Benign,,2294,1914,
D1-0254,D1-0254_1-2.png,processed_images\D1-0254_1-2.png,L,44,both,Benign,,2294,1914,
D1-0254,D1-0254_1-3.png,processed_images\D1-0254_1-3.png,R,44,both,Benign,,2294,1914,
D1-0254,D1-0254_1-4.png,processed_images\D1-0254_1-4.png,R,44,both,Benign,,2294,1914,
D1-0255,D1-0255_1-1.png,processed_images\D1-0255_1-1.png,L,51,both,Benign,,2294,1914,
D1-0255,D1-0255_1-2.png,processed_images\D1-0255_1-2.png,L,51,both,Benign,,2294,1914,
D1-0256,D1-0256_1-1.png,processed_images\D1-0256_1-1.png,R,40,both,Benign,,2294,1914,
D1-0256,D1-0256_1-2.png,processed_images\D1-0256_1-2.png,R,40,both,Benign,,2294,1914,
D1-0257,D1-0257_1-1.png,processed_images\D1-0257_1-1.png,L,46,both,Benign,,2294,1914,
D1-0257,D1-0257_1-2.png,processed_images\D1-0257_1-2.png,L,46,both,Benign,,2294,1914,
D1-0257,D1-0257_1-3.png,processed_images\D1-0257_1-3.png,R,46,both,Benign,,2294,1914,
D1-0257,D1-0257_1-4.png,processed_images\D1-0257_1-4.png,R,46,both,Benign,,2294,1914,
D1-0258,D1-0258_1-1.png,processed_images\D1-0258_1-1.png,R,39,both,Benign,,2294,1914,
D1-0258,D1-0258_1-2.png,processed_images\D1-0258_1-2.png,R,39,both,Benign,,2294,1914,
D1-0259,D1-0259_1-1.png,processed_images\D1-0259_1-1.png,R,44,both,Benign,,2294,1914,
D1-0259,D1-0259_1-2.png,processed_images\D1-0259_1-2.png,R,44,both,Benign,,2294,1914,
D1-0260,D1-0260_1-1.png,processed_images\D1-0260_1-1.png,L,42,both,Benign,,2294,1914,
D1-0260,D1-0260_1-2.png,processed_images\D1-0260_1-2.png,L,42,both,Benign,,2294,1914,
D1-0261,D1-0261_1-1.png,processed_images\D1-0261_1-1.png,L,29,both,Benign,,2294,1914,
D1-0261,D1-0261_1-2.png,processed_images\D1-0261_1-2.png,L,29,both,Benign,,2294,1914,
D1-0262,D1-0262_1-1.png,processed_images\D1-0262_1-1.png,R,45,both,Benign,,2294,1914,
D1-0262,D1-0262_1-2.png,processed_images\D1-0262_1-2.png,R,45,both,Benign,,2294,1914,
D1-0263,D1-0263_1-1.png,processed_images\D1-0263_1-1.png,L,45,both,Benign,,2294,1914,
D1-0263,D1-0263_1-2.png,processed_images\D1-0263_1-2.png,L,45,both,Benign,,2294,1914,
D1-0263,D1-0263_1-3.png,processed_images\D1-0263_1-3.png,R,45,both,Benign,,2294,1914,
D1-0263,D1-0263_1-4.png,processed_images\D1-0263_1-4.png,R,45,both,Benign,,2294,1914,
D1-0264,D1-0264_1-1.png,processed_images\D1-0264_1-1.png,L,38,both,Benign,,2294,1914,
D1-0264,D1-0264_1-2.png,processed_images\D1-0264_1-2.png,L,38,both,Benign,,2294,1914,
D1-0265,D1-0265_1-1.png,processed_images\D1-0265_1-1.png,L,30,both,Benign,,2294,1914,
D1-0265,D1-0265_1-2.png,processed_images\D1-0265_1-2.png,L,30,both,Benign,,2294,1914,
D1-0266,D1-0266_1-1.png,processed_images\D1-0266_1-1.png,L,36,both,Benign,,2294,1914,
D1-0266,D1-0266_1-2.png,processed_images\D1-0266_1-2.png,L,36,both,Benign,,2294,1914,
D1-0267,D1-0267_1-1.png,processed_images\D1-0267_1-1.png,L,45,both,Benign,,2294,1914,
D1-0267,D1-0267_1-2.png,processed_images\D1-0267_1-2.png,L,45,both,Benign,,2294,1914,
D1-0268,D1-0268_1-1.png,processed_images\D1-0268_1-1.png,R,45,both,Benign,,2294,1914,
D1-0268,D1-0268_1-2.png,processed_images\D1-0268_1-2.png,R,45,both,Benign,,2294,1914,
D1-0269,D1-0269_1-1.png,processed_images\D1-0269_1-1.png,L,52,both,Benign,,2294,1914,
D1-0269,D1-0269_1-2.png,processed_images\D1-0269_1-2.png,L,52,both,Benign,,2294,1914,
D1-0270,D1-0270_1-1.png,processed_images\D1-0270_1-1.png,L,50,both,Benign,,2294,1914,
D1-0270,D1-0270_1-2.png,processed_images\D1-0270_1-2.png,L,50,both,Benign,,2294,1914,
D1-0271,D1-0271_1-1.png,processed_images\D1-0271_1-1.png,R,43,both,Benign,,2294,1914,
D1-0271,D1-0271_1-2.png,processed_images\D1-0271_1-2.png,R,43,both,Benign,,2294,1914,
D1-0272,D1-0272_1-1.png,processed_images\D1-0272_1-1.png,L,51,both,Benign,,2294,1914,
D1-0272,D1-0272_1-2.png,processed_images\D1-0272_1-2.png,L,51,both,Benign,,2294,1914,
D1-0273,D1-0273_1-1.png,processed_images\D1-0273_1-1.png,L,26,both,Benign,,2294,1914,
D1-0273,D1-0273_1-2.png,processed_images\D1-0273_1-2.png,L,26,both,Benign,,2294,1914,
D1-0273,D1-0273_1-3.png,processed_images\D1-0273_1-3.png,R,26,both,Benign,,2294,1914,
D1-0273,D1-0273_1-4.png,processed_images\D1-0273_1-4.png,R,26,both,Benign,,2294,1914,
D1-0274,D1-0274_1-1.png,processed_images\D1-0274_1-1.png,L,44,both,Benign,,2294,1914,
D1-0274,D1-0274_1-2.png,processed_images\D1-0274_1-2.png,L,44,both,Benign,,2294,1914,
D1-0274,D1-0274_1-3.png,processed_images\D1-0274_1-3.png,R,44,both,Benign,,2294,1914,
D1-0274,D1-0274_1-4.png,processed_images\D1-0274_1-4.png,R,44,both,Benign,,2294,1914,
D1-0275,D1-0275_1-1.png,processed_images\D1-0275_1-1.png,L,26,both,Benign,,2294,1914,
D1-0275,D1-0275_1-2.png,processed_images\D1-0275_1-2.png,L,26,both,Benign,,2294,1914,
D1-0275,D1-0275_1-3.png,processed_images\D1-0275_1-3.png,R,26,both,Benign,,2294,1914,
D1-0275,D1-0275_1-4.png,processed_images\D1-0275_1-4.png,R,26,both,Benign,,2294,1914,
D1-0276,D1-0276_1-1.png,processed_images\D1-0276_1-1.png,L,51,both,Benign,,2294,1914,
D1-0276,D1-0276_1-2.png,processed_images\D1-0276_1-2.png,L,51,both,Benign,,2294,1914,
D1-0277,D1-0277_1-1.png,processed_images\D1-0277_1-1.png,L,49,both,Benign,,2294,1914,
D1-0277,D1-0277_1-2.png,processed_images\D1-0277_1-2.png,L,49,both,Benign,,2294,1914,
D1-0278,D1-0278_1-1.png,processed_images\D1-0278_1-1.png,R,64,both,Benign,,2294,1914,
D1-0278,D1-0278_1-2.png,processed_images\D1-0278_1-2.png,R,64,both,Benign,,2294,1914,
D1-0279,D1-0279_1-1.png,processed_images\D1-0279_1-1.png,L,52,both,Benign,,2294,1914,
D1-0279,D1-0279_1-2.png,processed_images\D1-0279_1-2.png,L,52,both,Benign,,2294,1914,
D1-0279,D1-0279_1-3.png,processed_images\D1-0279_1-3.png,R,52,both,Benign,,2294,1914,
D1-0279,D1-0279_1-4.png,processed_images\D1-0279_1-4.png,R,52,both,Benign,,2294,1914,
D1-0280,D1-0280_1-1.png,processed_images\D1-0280_1-1.png,R,39,both,Benign,,2294,1914,
D1-0280,D1-0280_1-2.png,processed_images\D1-0280_1-2.png,R,39,both,Benign,,2294,1914,
D1-0281,D1-0281_1-1.png,processed_images\D1-0281_1-1.png,L,52,both,Benign,,2294,1914,
D1-0281,D1-0281_1-2.png,processed_images\D1-0281_1-2.png,L,52,both,Benign,,2294,1914,
D1-0281,D1-0281_1-3.png,processed_images\D1-0281_1-3.png,R,52,both,Benign,,2294,1914,
D1-0281,D1-0281_1-4.png,processed_images\D1-0281_1-4.png,R,52,both,Benign,,2294,1914,
D1-0282,D1-0282_1-1.png,processed_images\D1-0282_1-1.png,R,35,both,Benign,,2294,1914,
D1-0282,D1-0282_1-2.png,processed_images\D1-0282_1-2.png,R,35,both,Benign,,2294,1914,
D1-0283,D1-0283_1-1.png,processed_images\D1-0283_1-1.png,R,50,both,Benign,,2294,1914,
D1-0283,D1-0283_1-2.png,processed_images\D1-0283_1-2.png,R,50,both,Benign,,2294,1914,
D1-0284,D1-0284_1-1.png,processed_images\D1-0284_1-1.png,R,38,both,Benign,,2294,1914,
D1-0284,D1-0284_1-2.png,processed_images\D1-0284_1-2.png,R,38,both,Benign,,2294,1914,
D1-0285,D1-0285_1-1.png,processed_images\D1-0285_1-1.png,R,40,both,Benign,,2294,1914,
D1-0285,D1-0285_1-2.png,processed_images\D1-0285_1-2.png,R,40,both,Benign,,2294,1914,
D1-0286,D1-0286_1-1.png,processed_images\D1-0286_1-1.png,L,58,both,Benign,,2294,1914,
D1-0286,D1-0286_1-2.png,processed_images\D1-0286_1-2.png,L,58,both,Benign,,2294,1914,
D1-0287,D1-0287_1-1.png,processed_images\D1-0287_1-1.png,L,52,both,Benign,,2294,1914,
D1-0287,D1-0287_1-2.png,processed_images\D1-0287_1-2.png,L,52,both,Benign,,2294,1914,
D1-0288,D1-0288_1-1.png,processed_images\D1-0288_1-1.png,R,38,both,Benign,,2294,1914,
D1-0288,D1-0288_1-2.png,processed_images\D1-0288_1-2.png,R,38,both,Benign,,2294,1914,
D1-0289,D1-0289_1-1.png,processed_images\D1-0289_1-1.png,R,33,both,Benign,,2294,1914,
D1-0289,D1-0289_1-2.png,processed_images\D1-0289_1-2.png,R,33,both,Benign,,2294,1914,
D1-0290,D1-0290_1-1.png,processed_images\D1-0290_1-1.png,R,32,both,Benign,,2294,1914,
D1-0290,D1-0290_1-2.png,processed_images\D1-0290_1-2.png,R,32,both,Benign,,2294,1914,
D1-0291,D1-0291_1-1.png,processed_images\D1-0291_1-1.png,L,47,both,Benign,,2294,1914,
D1-0291,D1-0291_1-2.png,processed_images\D1-0291_1-2.png,L,47,both,Benign,,2294,1914,
D1-0292,D1-0292_1-1.png,processed_images\D1-0292_1-1.png,R,30,both,Benign,,2294,1914,
D1-0292,D1-0292_1-2.png,processed_images\D1-0292_1-2.png,R,30,both,Benign,,2294,1914,
D1-0293,D1-0293_1-1.png,processed_images\D1-0293_1-1.png,R,43,both,Benign,,2294,1914,
D1-0293,D1-0293_1-2.png,processed_images\D1-0293_1-2.png,R,43,both,Benign,,2294,1914,
D1-0294,D1-0294_1-1.png,processed_images\D1-0294_1-1.png,R,67,both,Benign,,2294,1914,
D1-0294,D1-0294_1-2.png,processed_images\D1-0294_1-2.png,R,67,both,Benign,,2294,1914,
D1-0295,D1-0295_1-1.png,processed_images\D1-0295_1-1.png,L,40,both,Benign,,2294,1914,
D1-0295,D1-0295_1-2.png,processed_images\D1-0295_1-2.png,L,40,both,Benign,,2294,1914,
D1-0295,D1-0295_1-3.png,processed_images\D1-0295_1-3.png,R,40,both,Benign,,2294,1914,
D1-0295,D1-0295_1-4.png,processed_images\D1-0295_1-4.png,R,40,both,Benign,,2294,1914,
D1-0296,D1-0296_1-1.png,processed_images\D1-0296_1-1.png,L,40,both,Benign,,2294,1914,
D1-0296,D1-0296_1-2.png,processed_images\D1-0296_1-2.png,L,40,both,Benign,,2294,1914,
D1-0297,D1-0297_1-1.png,processed_images\D1-0297_1-1.png,L,42,both,Benign,,2294,1914,
D1-0297,D1-0297_1-2.png,processed_images\D1-0297_1-2.png,L,42,both,Benign,,2294,1914,
D1-0298,D1-0298_1-1.png,processed_images\D1-0298_1-1.png,R,43,both,Benign,,2294,1914,
D1-0298,D1-0298_1-2.png,processed_images\D1-0298_1-2.png,R,43,both,Benign,,2294,1914,
D1-0299,D1-0299_1-1.png,processed_images\D1-0299_1-1.png,L,46,both,Benign,,2294,1914,
D1-0299,D1-0299_1-2.png,processed_images\D1-0299_1-2.png,L,46,both,Benign,,2294,1914,
D1-0300,D1-0300_1-1.png,processed_images\D1-0300_1-1.png,L,45,both,Benign,,2294,1914,
D1-0300,D1-0300_1-2.png,processed_images\D1-0300_1-2.png,L,45,both,Benign,,2294,1914,
D1-0300,D1-0300_1-3.png,processed_images\D1-0300_1-3.png,R,45,both,Benign,,2294,1914,
D1-0300,D1-0300_1-4.png,processed_images\D1-0300_1-4.png,R,45,both,Benign,,2294,1914,
D1-0301,D1-0301_1-1.png,processed_images\D1-0301_1-1.png,L,33,both,Benign,,2294,1914,
D1-0301,D1-0301_1-2.png,processed_images\D1-0301_1-2.png,L,33,both,Benign,,2294,1914,
D1-0310,D1-0310_1-3.png,processed_images\D1-0310_1-3.png,R,50,both,Benign,,2294,1914,
D1-0310,D1-0310_1-4.png,processed_images\D1-0310_1-4.png,R,50,both,Benign,,2294,1914,
D1-0335,D1-0335_1-3.png,processed_images\D1-0335_1-3.png,R,48,both,Benign,,2294,1914,
D1-0335,D1-0335_1-4.png,processed_images\D1-0335_1-4.png,R,48,both,Benign,,2294,1914,
D1-0373,D1-0373_1-3.png,processed_images\D1-0373_1-3.png,R,41,both,Benign,,2294,1914,
D1-0373,D1-0373_1-4.png,processed_images\D1-0373_1-4.png,R,41,both,Benign,,2294,1914,
D1-0609,D1-0609_1-3.png,processed_images\D1-0609_1-3.png,R,45,both,Benign,,2294,1914,
D1-0609,D1-0609_1-4.png,processed_images\D1-0609_1-4.png,R,45,both,Benign,,2294,1914,
D1-0681,D1-0681_1-1.png,processed_images\D1-0681_1-1.png,L,37,mass,Benign,,2294,1914,
D1-0681,D1-0681_1-2.png,processed_images\D1-0681_1-2.png,L,37,mass,Benign,,2294,1914,
D1-0681,D1-0681_1-3.png,processed_images\D1-0681_1-3.png,R,37,mass,Benign,,2294,1914,
D1-0681,D1-0681_1-4.png,processed_images\D1-0681_1-4.png,R,37,mass,Benign,,2294,1914,
D1-0682,D1-0682_1-1.png,processed_images\D1-0682_1-1.png,R,50,mass,Benign,,2294,1914,
D1-0682,D1-0682_1-2.png,processed_images\D1-0682_1-2.png,R,50,mass,Benign,,2294,1914,
D1-0683,D1-0683_1-1.png,processed_images\D1-0683_1-1.png,L,51,mass,Benign,,2294,1914,
D1-0683,D1-0683_1-2.png,processed_images\D1-0683_1-2.png,L,51,mass,Benign,,2294,1914,
D1-0684,D1-0684_1-1.png,processed_images\D1-0684_1-1.png,R,44,mass,Benign,,2294,1914,
D1-0684,D1-0684_1-2.png,processed_images\D1-0684_1-2.png,R,44,mass,Benign,,2294,1914,
D1-0685,D1-0685_1-1.png,processed_images\D1-0685_1-1.png,R,32,mass,Benign,,2294,1914,
D1-0685,D1-0685_1-2.png,processed_images\D1-0685_1-2.png,R,32,mass,Benign,,2294,1914,
D1-0686,D1-0686_1-1.png,processed_images\D1-0686_1-1.png,L,46,mass,Benign,,2294,1914,
D1-0686,D1-0686_1-2.png,processed_images\D1-0686_1-2.png,L,46,mass,Benign,,2294,1914,
D1-0687,D1-0687_1-1.png,processed_images\D1-0687_1-1.png,L,46,mass,Benign,,2294,1914,
D1-0687,D1-0687_1-2.png,processed_images\D1-0687_1-2.png,L,46,mass,Benign,,2294,1914,
D1-0687,D1-0687_1-3.png,processed_images\D1-0687_1-3.png,R,46,mass,Benign,,2294,1914,
D1-0687,D1-0687_1-4.png,processed_images\D1-0687_1-4.png,R,46,mass,Benign,,2294,1914,
D1-0688,D1-0688_1-1.png,processed_images\D1-0688_1-1.png,R,32,mass,Benign,,2294,1914,
D1-0688,D1-0688_1-2.png,processed_images\D1-0688_1-2.png,R,32,mass,Benign,,2294,1914,
D1-0689,D1-0689_1-1.png,processed_images\D1-0689_1-1.png,L,56,mass,Benign,,2294,1914,
D1-0689,D1-0689_1-2.png,processed_images\D1-0689_1-2.png,L,56,mass,Benign,,2294,1914,
D1-0690,D1-0690_1-1.png,processed_images\D1-0690_1-1.png,R,58,mass,Benign,,2294,1914,
D1-0690,D1-0690_1-2.png,processed_images\D1-0690_1-2.png,R,58,mass,Benign,,2294,1914,
D1-0691,D1-0691_1-1.png,processed_images\D1-0691_1-1.png,R,43,mass,Benign,,2294,1914,
D1-0691,D1-0691_1-2.png,processed_images\D1-0691_1-2.png,R,43,mass,Benign,,2294,1914,
D1-0692,D1-0692_1-1.png,processed_images\D1-0692_1-1.png,L,48,mass,Benign,,2294,1914,
D1-0692,D1-0692_1-2.png,processed_images\D1-0692_1-2.png,L,48,mass,Benign,,2294,1914,
D1-0693,D1-0693_1-1.png,processed_images\D1-0693_1-1.png,R,48,mass,Benign,,2294,1914,
D1-0693,D1-0693_1-2.png,processed_images\D1-0693_1-2.png,R,48,mass,Benign,,2294,1914,
D1-0694,D1-0694_1-1.png,processed_images\D1-0694_1-1.png,L,68,mass,Benign,,2294,1914,
D1-0694,D1-0694_1-2.png,processed_images\D1-0694_1-2.png,L,68,mass,Benign,,2294,1914,
D1-0695,D1-0695_1-1.png,processed_images\D1-0695_1-1.png,L,67,mass,Benign,,2294,1914,
D1-0695,D1-0695_1-2.png,processed_images\D1-0695_1-2.png,L,67,mass,Benign,,2294,1914,
D1-0696,D1-0696_1-1.png,processed_images\D1-0696_1-1.png,R,47,mass,Benign,,2294,1914,
D1-0696,D1-0696_1-2.png,processed_images\D1-0696_1-2.png,R,47,mass,Benign,,2294,1914,
D1-0697,D1-0697_1-1.png,processed_images\D1-0697_1-1.png,L,36,mass,Benign,,2294,1914,
D1-0697,D1-0697_1-2.png,processed_images\D1-0697_1-2.png,L,36,mass,Benign,,2294,1914,
D1-0698,D1-0698_1-1.png,processed_images\D1-0698_1-1.png,R,51,mass,Benign,,2294,1914,
D1-0698,D1-0698_1-2.png,processed_images\D1-0698_1-2.png,R,51,mass,Benign,,2294,1914,
D1-0699,D1-0699_1-1.png,processed_images\D1-0699_1-1.png,R,48,mass,Benign,,2294,1914,
D1-0699,D1-0699_1-2.png,processed_images\D1-0699_1-2.png,R,48,mass,Benign,,2294,1914,
D1-0700,D1-0700_1-1.png,processed_images\D1-0700_1-1.png,L,37,mass,Benign,,2294,1914,
D1-0700,D1-0700_1-2.png,processed_images\D1-0700_1-2.png,L,37,mass,Benign,,2294,1914,
D1-0701,D1-0701_1-1.png,processed_images\D1-0701_1-1.png,L,50,mass,Benign,,2294,1914,
D1-0701,D1-0701_1-2.png,processed_images\D1-0701_1-2.png,L,50,mass,Benign,,2294,1914,
D1-0702,D1-0702_1-1.png,processed_images\D1-0702_1-1.png,R,44,mass,Benign,,2294,1914,
D1-0702,D1-0702_1-2.png,processed_images\D1-0702_1-2.png,R,44,mass,Benign,,2294,1914,
D1-0703,D1-0703_1-1.png,processed_images\D1-0703_1-1.png,L,26,mass,Benign,,2294,1914,
D1-0703,D1-0703_1-2.png,processed_images\D1-0703_1-2.png,L,26,mass,Benign,,2294,1914,
D1-0704,D1-0704_1-1.png,processed_images\D1-0704_1-1.png,L,28,mass,Benign,,2294,1914,
D1-0704,D1-0704_1-2.png,processed_images\D1-0704_1-2.png,L,28,mass,Benign,,2294,1914,
D1-0705,D1-0705_1-1.png,processed_images\D1-0705_1-1.png,L,40,mass,Benign,,2294,1914,
D1-0705,D1-0705_1-2.png,processed_images\D1-0705_1-2.png,L,40,mass,Benign,,2294,1914,
D1-0706,D1-0706_1-1.png,processed_images\D1-0706_1-1.png,R,45,mass,Benign,,2294,1914,
D1-0706,D1-0706_1-2.png,processed_images\D1-0706_1-2.png,R,45,mass,Benign,,2294,1914,
D1-0707,D1-0707_1-1.png,processed_images\D1-0707_1-1.png,L,43,mass,Benign,,2294,1914,
D1-0707,D1-0707_1-2.png,processed_images\D1-0707_1-2.png,L,43,mass,Benign,,2294,1914,
D1-0708,D1-0708_1-1.png,processed_images\D1-0708_1-1.png,L,45,mass,Benign,,2294,1914,
D1-0708,D1-0708_1-2.png,processed_images\D1-0708_1-2.png,L,45,mass,Benign,,2294,1914,
D1-0708,D1-0708_1-3.png,processed_images\D1-0708_1-3.png,R,45,mass,Benign,,2294,1914,
D1-0708,D1-0708_1-4.png,processed_images\D1-0708_1-4.png,R,45,mass,Benign,,2294,1914,
D1-0709,D1-0709_1-1.png,processed_images\D1-0709_1-1.png,L,55,mass,Benign,,2294,1914,
D1-0709,D1-0709_1-2.png,processed_images\D1-0709_1-2.png,L,55,mass,Benign,,2294,1914,
D1-0710,D1-0710_1-1.png,processed_images\D1-0710_1-1.png,R,21,mass,Benign,,2294,1914,
D1-0710,D1-0710_1-2.png,processed_images\D1-0710_1-2.png,R,21,mass,Benign,,2294,1914,
D1-0711,D1-0711_1-1.png,processed_images\D1-0711_1-1.png,L,45,mass,Benign,,2294,1914,
D1-0711,D1-0711_1-2.png,processed_images\D1-0711_1-2.png,L,45,mass,Benign,,2294,1914,
D1-0712,D1-0712_1-1.png,processed_images\D1-0712_1-1.png,R,18,mass,Benign,,2294,1914,
D1-0712,D1-0712_1-2.png,processed_images\D1-0712_1-2.png,R,18,mass,Benign,,2294,1914,
D1-0713,D1-0713_1-1.png,processed_images\D1-0713_1-1.png,R,51,mass,Benign,,2294,1914,
D1-0713,D1-0713_1-2.png,processed_images\D1-0713_1-2.png,R,51,mass,Benign,,2294,1914,
D1-0714,D1-0714_1-1.png,processed_images\D1-0714_1-1.png,L,17,mass,Benign,,2294,1914,
D1-0714,D1-0714_1-2.png,processed_images\D1-0714_1-2.png,L,17,mass,Benign,,2294,1914,
D1-0715,D1-0715_1-1.png,processed_images\D1-0715_1-1.png,R,26,mass,Benign,,2294,1914,
D1-0715,D1-0715_1-2.png,processed_images\D1-0715_1-2.png,R,26,mass,Benign,,2294,1914,
D1-0716,D1-0716_1-1.png,processed_images\D1-0716_1-1.png,R,32,mass,Benign,,2294,1914,
D1-0716,D1-0716_1-2.png,processed_images\D1-0716_1-2.png,R,32,mass,Benign,,2294,1914,
D1-0717,D1-0717_1-1.png,processed_images\D1-0717_1-1.png,L,39,mass,Benign,,2294,1914,
D1-0717,D1-0717_1-2.png,processed_images\D1-0717_1-2.png,L,39,mass,Benign,,2294,1914,
D1-0718,D1-0718_1-1.png,processed_images\D1-0718_1-1.png,R,31,mass,Benign,,2294,1914,
D1-0718,D1-0718_1-2.png,processed_images\D1-0718_1-2.png,R,31,mass,Benign,,2294,1914,
D1-0719,D1-0719_1-1.png,processed_images\D1-0719_1-1.png,L,49,mass,Benign,,2294,1914,
D1-0719,D1-0719_1-2.png,processed_images\D1-0719_1-2.png,L,49,mass,Benign,,2294,1914,
D1-0720,D1-0720_1-1.png,processed_images\D1-0720_1-1.png,R,41,mass,Benign,,2294,1914,
D1-0720,D1-0720_1-2.png,processed_images\D1-0720_1-2.png,R,41,mass,Benign,,2294,1914,
D1-0721,D1-0721_1-1.png,processed_images\D1-0721_1-1.png,R,47,mass,Benign,,2294,1914,
D1-0721,D1-0721_1-2.png,processed_images\D1-0721_1-2.png,R,47,mass,Benign,,2294,1914,
D1-0722,D1-0722_1-1.png,processed_images\D1-0722_1-1.png,L,36,mass,Benign,,2294,1914,
D1-0722,D1-0722_1-2.png,processed_images\D1-0722_1-2.png,L,36,mass,Benign,,2294,1914,
D1-0723,D1-0723_1-1.png,processed_images\D1-0723_1-1.png,L,36,mass,Benign,,2294,1914,
D1-0723,D1-0723_1-2.png,processed_images\D1-0723_1-2.png,L,36,mass,Benign,,2294,1914,
D1-0724,D1-0724_1-1.png,processed_images\D1-0724_1-1.png,L,32,mass,Benign,,2294,1914,
D1-0724,D1-0724_1-2.png,processed_images\D1-0724_1-2.png,L,32,mass,Benign,,2294,1914,
D1-0725,D1-0725_1-1.png,processed_images\D1-0725_1-1.png,R,29,mass,Benign,,2294,1914,
D1-0725,D1-0725_1-2.png,processed_images\D1-0725_1-2.png,R,29,mass,Benign,,2294,1914,
D1-0726,D1-0726_1-1.png,processed_images\D1-0726_1-1.png,L,39,mass,Benign,,2294,1914,
D1-0726,D1-0726_1-2.png,processed_images\D1-0726_1-2.png,L,39,mass,Benign,,2294,1914,
D1-0727,D1-0727_1-1.png,processed_images\D1-0727_1-1.png,L,35,mass,Benign,,2294,1914,
D1-0727,D1-0727_1-2.png,processed_images\D1-0727_1-2.png,L,35,mass,Benign,,2294,1914,
D1-0728,D1-0728_1-1.png,processed_images\D1-0728_1-1.png,R,36,mass,Benign,,2294,1914,
D1-0728,D1-0728_1-2.png,processed_images\D1-0728_1-2.png,R,36,mass,Benign,,2294,1914,
D1-0729,D1-0729_1-1.png,processed_images\D1-0729_1-1.png,L,83,mass,Benign,,2294,1914,
D1-0729,D1-0729_1-2.png,processed_images\D1-0729_1-2.png,L,83,mass,Benign,,2294,1914,
D1-0730,D1-0730_1-1.png,processed_images\D1-0730_1-1.png,R,67,mass,Benign,,2294,1914,
D1-0730,D1-0730_1-2.png,processed_images\D1-0730_1-2.png,R,67,mass,Benign,,2294,1914,
D1-0731,D1-0731_1-1.png,processed_images\D1-0731_1-1.png,R,39,mass,Benign,,2294,1914,
D1-0731,D1-0731_1-2.png,processed_images\D1-0731_1-2.png,R,39,mass,Benign,,2294,1914,
D1-0732,D1-0732_1-1.png,processed_images\D1-0732_1-1.png,L,44,mass,Benign,,2294,1914,
D1-0732,D1-0732_1-2.png,processed_images\D1-0732_1-2.png,L,44,mass,Benign,,2294,1914,
D1-0733,D1-0733_1-1.png,processed_images\D1-0733_1-1.png,L,38,mass,Benign,,2294,1914,
D1-0733,D1-0733_1-2.png,processed_images\D1-0733_1-2.png,L,38,mass,Benign,,2294,1914,
D1-0734,D1-0734_1-1.png,processed_images\D1-0734_1-1.png,R,45,mass,Benign,,2294,1914,
D1-0734,D1-0734_1-2.png,processed_images\D1-0734_1-2.png,R,45,mass,Benign,,2294,1914,
D1-0735,D1-0735_1-1.png,processed_images\D1-0735_1-1.png,L,47,mass,Benign,,2294,1914,
D1-0735,D1-0735_1-2.png,processed_images\D1-0735_1-2.png,L,47,mass,Benign,,2294,1914,
D1-0736,D1-0736_1-1.png,processed_images\D1-0736_1-1.png,L,40,mass,Benign,,2294,1914,
D1-0736,D1-0736_1-2.png,processed_images\D1-0736_1-2.png,L,40,mass,Benign,,2294,1914,
D1-0737,D1-0737_1-1.png,processed_images\D1-0737_1-1.png,L,35,mass,Benign,,2294,1914,
D1-0737,D1-0737_1-2.png,processed_images\D1-0737_1-2.png,L,35,mass,Benign,,2294,1914,
D1-0738,D1-0738_1-1.png,processed_images\D1-0738_1-1.png,R,36,mass,Benign,,2294,1914,
D1-0738,D1-0738_1-2.png,processed_images\D1-0738_1-2.png,R,36,mass,Benign,,2294,1914,
D1-0739,D1-0739_1-1.png,processed_images\D1-0739_1-1.png,R,27,mass,Benign,,2294,1914,
D1-0739,D1-0739_1-2.png,processed_images\D1-0739_1-2.png,R,27,mass,Benign,,2294,1914,
D1-0740,D1-0740_1-1.png,processed_images\D1-0740_1-1.png,L,44,mass,Benign,,2294,1914,
D1-0740,D1-0740_1-2.png,processed_images\D1-0740_1-2.png,L,44,mass,Benign,,2294,1914,
D1-0741,D1-0741_1-1.png,processed_images\D1-0741_1-1.png,L,43,mass,Benign,,2294,1914,
D1-0741,D1-0741_1-2.png,processed_images\D1-0741_1-2.png,L,43,mass,Benign,,2294,1914,
D1-0742,D1-0742_1-1.png,processed_images\D1-0742_1-1.png,L,34,mass,Benign,,2294,1914,
D1-0742,D1-0742_1-2.png,processed_images\D1-0742_1-2.png,L,34,mass,Benign,,2294,1914,
D1-0742,D1-0742_1-3.png,processed_images\D1-0742_1-3.png,R,34,mass,Benign,,2294,1914,
D1-0742,D1-0742_1-4.png,processed_images\D1-0742_1-4.png,R,34,mass,Benign,,2294,1914,
D1-0743,D1-0743_1-1.png,processed_images\D1-0743_1-1.png,L,46,mass,Benign,,2294,1914,
D1-0743,D1-0743_1-2.png,processed_images\D1-0743_1-2.png,L,46,mass,Benign,,2294,1914,
D1-0744,D1-0744_1-1.png,processed_images\D1-0744_1-1.png,R,43,mass,Benign,,2294,1914,
D1-0744,D1-0744_1-2.png,processed_images\D1-0744_1-2.png,R,43,mass,Benign,,2294,1914,
D1-0745,D1-0745_1-1.png,processed_images\D1-0745_1-1.png,L,42,mass,Benign,,2294,1914,
D1-0745,D1-0745_1-2.png,processed_images\D1-0745_1-2.png,L,42,mass,Benign,,2294,1914,
D1-0746,D1-0746_1-1.png,processed_images\D1-0746_1-1.png,L,23,mass,Benign,,2294,1914,
D1-0746,D1-0746_1-2.png,processed_images\D1-0746_1-2.png,L,23,mass,Benign,,2294,1914,
D1-0747,D1-0747_1-1.png,processed_images\D1-0747_1-1.png,L,41,mass,Benign,,2294,1914,
D1-0747,D1-0747_1-2.png,processed_images\D1-0747_1-2.png,L,41,mass,Benign,,2294,1914,
D1-0748,D1-0748_1-1.png,processed_images\D1-0748_1-1.png,R,41,mass,Benign,,2294,1914,
D1-0748,D1-0748_1-2.png,processed_images\D1-0748_1-2.png,R,41,mass,Benign,,2294,1914,
D1-0749,D1-0749_1-1.png,processed_images\D1-0749_1-1.png,R,47,mass,Benign,,2294,1914,
D1-0749,D1-0749_1-2.png,processed_images\D1-0749_1-2.png,R,47,mass,Benign,,2294,1914,
D1-0750,D1-0750_1-1.png,processed_images\D1-0750_1-1.png,L,42,mass,Benign,,2294,1914,
D1-0750,D1-0750_1-2.png,processed_images\D1-0750_1-2.png,L,42,mass,Benign,,2294,1914,
D1-0750,D1-0750_1-3.png,processed_images\D1-0750_1-3.png,R,42,mass,Benign,,2294,1914,
D1-0750,D1-0750_1-4.png,processed_images\D1-0750_1-4.png,R,42,mass,Benign,,2294,1914,
D1-0751,D1-0751_1-1.png,processed_images\D1-0751_1-1.png,R,43,mass,Benign,,2294,1914,
D1-0751,D1-0751_1-2.png,processed_images\D1-0751_1-2.png,R,43,mass,Benign,,2294,1914,
D1-0752,D1-0752_1-1.png,processed_images\D1-0752_1-1.png,L,40,mass,Benign,,2294,1914,
D1-0752,D1-0752_1-2.png,processed_images\D1-0752_1-2.png,L,40,mass,Benign,,2294,1914,
D1-0753,D1-0753_1-1.png,processed_images\D1-0753_1-1.png,L,24,mass,Benign,,2294,1914,
D1-0753,D1-0753_1-2.png,processed_images\D1-0753_1-2.png,L,24,mass,Benign,,2294,1914,
D1-0754,D1-0754_1-1.png,processed_images\D1-0754_1-1.png,R,42,mass,Benign,,2294,1914,
D1-0754,D1-0754_1-2.png,processed_images\D1-0754_1-2.png,R,42,mass,Benign,,2294,1914,
D1-0755,D1-0755_1-1.png,processed_images\D1-0755_1-1.png,L,38,mass,Benign,,2294,1914,
D1-0755,D1-0755_1-2.png,processed_images\D1-0755_1-2.png,L,38,mass,Benign,,2294,1914,
D1-0756,D1-0756_1-1.png,processed_images\D1-0756_1-1.png,L,39,mass,Benign,,2294,1914,
D1-0756,D1-0756_1-2.png,processed_images\D1-0756_1-2.png,L,39,mass,Benign,,2294,1914,
D1-0757,D1-0757_1-1.png,processed_images\D1-0757_1-1.png,R,52,mass,Benign,,2294,1914,
D1-0757,D1-0757_1-2.png,processed_images\D1-0757_1-2.png,R,52,mass,Benign,,2294,1914,
D1-0758,D1-0758_1-1.png,processed_images\D1-0758_1-1.png,L,29,mass,Benign,,2294,1914,
D1-0758,D1-0758_1-2.png,processed_images\D1-0758_1-2.png,L,29,mass,Benign,,2294,1914,
D1-0759,D1-0759_1-1.png,processed_images\D1-0759_1-1.png,L,60,mass,Benign,,2294,1914,
D1-0759,D1-0759_1-2.png,processed_images\D1-0759_1-2.png,L,60,mass,Benign,,2294,1914,
D1-0759,D1-0759_1-3.png,processed_images\D1-0759_1-3.png,R,60,mass,Benign,,2294,1914,
D1-0759,D1-0759_1-4.png,processed_images\D1-0759_1-4.png,R,60,mass,Benign,,2294,1914,
D1-0760,D1-0760_1-1.png,processed_images\D1-0760_1-1.png,L,38,mass,Benign,,2294,1914,
D1-0760,D1-0760_1-2.png,processed_images\D1-0760_1-2.png,L,38,mass,Benign,,2294,1914,
D1-0761,D1-0761_1-1.png,processed_images\D1-0761_1-1.png,R,48,mass,Benign,,2294,1914,
D1-0761,D1-0761_1-2.png,processed_images\D1-0761_1-2.png,R,48,mass,Benign,,2294,1914,
D1-0762,D1-0762_1-1.png,processed_images\D1-0762_1-1.png,R,66,mass,Benign,,2294,1914,
D1-0762,D1-0762_1-2.png,processed_images\D1-0762_1-2.png,R,66,mass,Benign,,2294,1914,
D1-0763,D1-0763_1-1.png,processed_images\D1-0763_1-1.png,R,45,mass,Benign,,2294,1914,
D1-0763,D1-0763_1-2.png,processed_images\D1-0763_1-2.png,R,45,mass,Benign,,2294,1914,
D1-0764,D1-0764_1-1.png,processed_images\D1-0764_1-1.png,L,35,mass,Benign,,2294,1914,
D1-0764,D1-0764_1-2.png,processed_images\D1-0764_1-2.png,L,35,mass,Benign,,2294,1914,
D1-0764,D1-0764_1-3.png,processed_images\D1-0764_1-3.png,R,35,mass,Benign,,2294,1914,
D1-0764,D1-0764_1-4.png,processed_images\D1-0764_1-4.png,R,35,mass,Benign,,2294,1914,
D1-0765,D1-0765_1-1.png,processed_images\D1-0765_1-1.png,L,46,mass,Benign,,2294,1914,
D1-0765,D1-0765_1-2.png,processed_images\D1-0765_1-2.png,L,46,mass,Benign,,2294,1914,
D1-0766,D1-0766_1-1.png,processed_images\D1-0766_1-1.png,L,39,mass,Benign,,2294,1914,
D1-0766,D1-0766_1-2.png,processed_images\D1-0766_1-2.png,L,39,mass,Benign,,2294,1914,
D1-0767,D1-0767_1-1.png,processed_images\D1-0767_1-1.png,L,46,mass,Benign,,2294,1914,
D1-0767,D1-0767_1-2.png,processed_images\D1-0767_1-2.png,L,46,mass,Benign,,2294,1914,
D1-0767,D1-0767_1-3.png,processed_images\D1-0767_1-3.png,R,46,mass,Benign,,2294,1914,
D1-0767,D1-0767_1-4.png,processed_images\D1-0767_1-4.png,R,46,mass,Benign,,2294,1914,
D1-0768,D1-0768_1-1.png,processed_images\D1-0768_1-1.png,R,48,mass,Benign,,2294,1914,
D1-0768,D1-0768_1-2.png,processed_images\D1-0768_1-2.png,R,48,mass,Benign,,2294,1914,
D1-0769,D1-0769_1-1.png,processed_images\D1-0769_1-1.png,L,37,mass,Benign,,2294,1914,
D1-0769,D1-0769_1-2.png,processed_images\D1-0769_1-2.png,L,37,mass,Benign,,2294,1914,
D1-0770,D1-0770_1-1.png,processed_images\D1-0770_1-1.png,L,23,mass,Benign,,2294,1914,
D1-0770,D1-0770_1-2.png,processed_images\D1-0770_1-2.png,L,23,mass,Benign,,2294,1914,
D1-0770,D1-0770_1-3.png,processed_images\D1-0770_1-3.png,R,23,mass,Benign,,2294,1914,
D1-0770,D1-0770_1-4.png,processed_images\D1-0770_1-4.png,R,23,mass,Benign,,2294,1914,
D1-0771,D1-0771_1-1.png,processed_images\D1-0771_1-1.png,L,45,mass,Benign,,2294,1914,
D1-0771,D1-0771_1-2.png,processed_images\D1-0771_1-2.png,L,45,mass,Benign,,2294,1914,
D1-0772,D1-0772_1-1.png,processed_images\D1-0772_1-1.png,L,29,mass,Benign,,2294,1914,
D1-0772,D1-0772_1-2.png,processed_images\D1-0772_1-2.png,L,29,mass,Benign,,2294,1914,
D1-0773,D1-0773_1-1.png,processed_images\D1-0773_1-1.png,R,48,mass,Benign,,2294,1914,
D1-0773,D1-0773_1-2.png,processed_images\D1-0773_1-2.png,R,48,mass,Benign,,2294,1914,
D1-0774,D1-0774_1-1.png,processed_images\D1-0774_1-1.png,L,19,mass,Benign,,2294,1914,
D1-0774,D1-0774_1-2.png,processed_images\D1-0774_1-2.png,L,19,mass,Benign,,2294,1914,
D1-0774,D1-0774_1-3.png,processed_images\D1-0774_1-3.png,R,19,mass,Benign,,2294,1914,
D1-0774,D1-0774_1-4.png,processed_images\D1-0774_1-4.png,R,19,mass,Benign,,2294,1914,
D1-0775,D1-0775_1-1.png,processed_images\D1-0775_1-1.png,L,46,mass,Benign,,2294,1914,
D1-0775,D1-0775_1-2.png,processed_images\D1-0775_1-2.png,L,46,mass,Benign,,2294,1914,
D1-0776,D1-0776_1-1.png,processed_images\D1-0776_1-1.png,R,46,mass,Benign,,2294,1914,
D1-0776,D1-0776_1-2.png,processed_images\D1-0776_1-2.png,R,46,mass,Benign,,2294,1914,
D1-0777,D1-0777_1-1.png,processed_images\D1-0777_1-1.png,R,34,mass,Benign,,2294,1914,
D1-0777,D1-0777_1-2.png,processed_images\D1-0777_1-2.png,R,34,mass,Benign,,2294,1914,
D1-0778,D1-0778_1-1.png,processed_images\D1-0778_1-1.png,R,38,mass,Benign,,2294,1914,
D1-0778,D1-0778_1-2.png,processed_images\D1-0778_1-2.png,R,38,mass,Benign,,2294,1914,
D1-0779,D1-0779_1-1.png,processed_images\D1-0779_1-1.png,L,43,mass,Benign,,2294,1914,
D1-0779,D1-0779_1-2.png,processed_images\D1-0779_1-2.png,L,43,mass,Benign,,2294,1914,
D1-0780,D1-0780_1-1.png,processed_images\D1-0780_1-1.png,L,38,mass,Benign,,2294,1914,
D1-0780,D1-0780_1-2.png,processed_images\D1-0780_1-2.png,L,38,mass,Benign,,2294,1914,
D1-0781,D1-0781_1-1.png,processed_images\D1-0781_1-1.png,L,46,mass,Benign,,2294,1914,
D1-0781,D1-0781_1-2.png,processed_images\D1-0781_1-2.png,L,46,mass,Benign,,2294,1914,
D1-0782,D1-0782_1-1.png,processed_images\D1-0782_1-1.png,L,46,mass,Benign,,2294,1914,
D1-0782,D1-0782_1-2.png,processed_images\D1-0782_1-2.png,L,46,mass,Benign,,2294,1914,
D1-0783,D1-0783_1-1.png,processed_images\D1-0783_1-1.png,L,39,mass,Benign,,2294,1914,
D1-0783,D1-0783_1-2.png,processed_images\D1-0783_1-2.png,L,39,mass,Benign,,2294,1914,
D1-0784,D1-0784_1-1.png,processed_images\D1-0784_1-1.png,L,35,mass,Benign,,2294,1914,
D1-0784,D1-0784_1-2.png,processed_images\D1-0784_1-2.png,L,35,mass,Benign,,2294,1914,
D1-0785,D1-0785_1-1.png,processed_images\D1-0785_1-1.png,R,55,mass,Benign,,2294,1914,
D1-0785,D1-0785_1-2.png,processed_images\D1-0785_1-2.png,R,55,mass,Benign,,2294,1914,
D1-0786,D1-0786_1-1.png,processed_images\D1-0786_1-1.png,L,56,mass,Benign,,2294,1914,
D1-0786,D1-0786_1-2.png,processed_images\D1-0786_1-2.png,L,56,mass,Benign,,2294,1914,
D1-0786,D1-0786_1-3.png,processed_images\D1-0786_1-3.png,R,56,mass,Benign,,2294,1914,
D1-0786,D1-0786_1-4.png,processed_images\D1-0786_1-4.png,R,56,mass,Benign,,2294,1914,
D1-0787,D1-0787_1-1.png,processed_images\D1-0787_1-1.png,R,40,mass,Benign,,2294,1914,
D1-0787,D1-0787_1-2.png,processed_images\D1-0787_1-2.png,R,40,mass,Benign,,2294,1914,
D1-0788,D1-0788_1-1.png,processed_images\D1-0788_1-1.png,L,48,mass,Benign,,2294,1914,
D1-0788,D1-0788_1-2.png,processed_images\D1-0788_1-2.png,L,48,mass,Benign,,2294,1914,
D1-0788,D1-0788_1-3.png,processed_images\D1-0788_1-3.png,R,48,mass,Benign,,2294,1914,
D1-0788,D1-0788_1-4.png,processed_images\D1-0788_1-4.png,R,48,mass,Benign,,2294,1914,
D1-0789,D1-0789_1-1.png,processed_images\D1-0789_1-1.png,R,41,mass,Benign,,2294,1914,
D1-0789,D1-0789_1-2.png,processed_images\D1-0789_1-2.png,R,41,mass,Benign,,2294,1914,
D1-0790,D1-0790_1-1.png,processed_images\D1-0790_1-1.png,L,34,mass,Benign,,2294,1914,
D1-0790,D1-0790_1-2.png,processed_images\D1-0790_1-2.png,L,34,mass,Benign,,2294,1914,
D1-0791,D1-0791_1-1.png,processed_images\D1-0791_1-1.png,R,37,mass,Benign,,2294,1914,
D1-0791,D1-0791_1-2.png,processed_images\D1-0791_1-2.png,R,37,mass,Benign,,2294,1914,
D1-0792,D1-0792_1-1.png,processed_images\D1-0792_1-1.png,R,39,mass,Benign,,2294,1914,
D1-0792,D1-0792_1-2.png,processed_images\D1-0792_1-2.png,R,39,mass,Benign,,2294,1914,
D1-0793,D1-0793_1-1.png,processed_images\D1-0793_1-1.png,L,55,mass,Benign,,2294,1914,
D1-0793,D1-0793_1-2.png,processed_images\D1-0793_1-2.png,L,55,mass,Benign,,2294,1914,
D1-0794,D1-0794_1-1.png,processed_images\D1-0794_1-1.png,R,29,mass,Benign,,2294,1914,
D1-0794,D1-0794_1-2.png,processed_images\D1-0794_1-2.png,R,29,mass,Benign,,2294,1914,
D1-0795,D1-0795_1-1.png,processed_images\D1-0795_1-1.png,R,47,mass,Benign,,2294,1914,
D1-0795,D1-0795_1-2.png,processed_images\D1-0795_1-2.png,R,47,mass,Benign,,2294,1914,
D1-0796,D1-0796_1-1.png,processed_images\D1-0796_1-1.png,R,45,mass,Benign,,2294,1914,
D1-0796,D1-0796_1-2.png,processed_images\D1-0796_1-2.png,R,45,mass,Benign,,2294,1914,
D1-0797,D1-0797_1-1.png,processed_images\D1-0797_1-1.png,R,40,mass,Benign,,2294,1914,
D1-0797,D1-0797_1-2.png,processed_images\D1-0797_1-2.png,R,40,mass,Benign,,2294,1914,
D1-0798,D1-0798_1-1.png,processed_images\D1-0798_1-1.png,L,48,mass,Benign,,2294,1914,
D1-0798,D1-0798_1-2.png,processed_images\D1-0798_1-2.png,L,48,mass,Benign,,2294,1914,
D1-0799,D1-0799_1-1.png,processed_images\D1-0799_1-1.png,L,52,mass,Benign,,2294,1914,
D1-0799,D1-0799_1-2.png,processed_images\D1-0799_1-2.png,L,52,mass,Benign,,2294,1914,
D1-0800,D1-0800_1-1.png,processed_images\D1-0800_1-1.png,L,44,mass,Benign,,2294,1914,
D1-0800,D1-0800_1-2.png,processed_images\D1-0800_1-2.png,L,44,mass,Benign,,2294,1914,
D1-0801,D1-0801_1-1.png,processed_images\D1-0801_1-1.png,L,23,mass,Benign,,2294,1914,
D1-0801,D1-0801_1-2.png,processed_images\D1-0801_1-2.png,L,23,mass,Benign,,2294,1914,
D1-0801,D1-0801_1-3.png,processed_images\D1-0801_1-3.png,R,23,mass,Benign,,2294,1914,
D1-0801,D1-0801_1-4.png,processed_images\D1-0801_1-4.png,R,23,mass,Benign,,2294,1914,
D1-0802,D1-0802_1-1.png,processed_images\D1-0802_1-1.png,L,37,mass,Benign,,2294,1914,
D1-0802,D1-0802_1-2.png,processed_images\D1-0802_1-2.png,L,37,mass,Benign,,2294,1914,
D1-0802,D1-0802_1-3.png,processed_images\D1-0802_1-3.png,R,37,mass,Benign,,2294,1914,
D1-0802,D1-0802_1-4.png,processed_images\D1-0802_1-4.png,R,37,mass,Benign,,2294,1914,
D1-0803,D1-0803_1-1.png,processed_images\D1-0803_1-1.png,R,46,mass,Benign,,2294,1914,
D1-0803,D1-0803_1-2.png,processed_images\D1-0803_1-2.png,R,46,mass,Benign,,2294,1914,
D1-0804,D1-0804_1-1.png,processed_images\D1-0804_1-1.png,L,37,mass,Benign,,2294,1914,
D1-0804,D1-0804_1-2.png,processed_images\D1-0804_1-2.png,L,37,mass,Benign,,2294,1914,
D1-0805,D1-0805_1-1.png,processed_images\D1-0805_1-1.png,R,34,mass,Benign,,2294,1914,
D1-0805,D1-0805_1-2.png,processed_images\D1-0805_1-2.png,R,34,mass,Benign,,2294,1914,
D1-0806,D1-0806_1-1.png,processed_images\D1-0806_1-1.png,R,33,mass,Benign,,2294,1914,
D1-0806,D1-0806_1-2.png,processed_images\D1-0806_1-2.png,R,33,mass,Benign,,2294,1914,
D1-0807,D1-0807_1-1.png,processed_images\D1-0807_1-1.png,R,36,mass,Benign,,2294,1914,
D1-0807,D1-0807_1-2.png,processed_images\D1-0807_1-2.png,R,36,mass,Benign,,2294,1914,
D1-0808,D1-0808_1-1.png,processed_images\D1-0808_1-1.png,R,45,mass,Benign,,2294,1914,
D1-0808,D1-0808_1-2.png,processed_images\D1-0808_1-2.png,R,45,mass,Benign,,2294,1914,
D1-0809,D1-0809_1-1.png,processed_images\D1-0809_1-1.png,R,36,mass,Benign,,2294,1914,
D1-0809,D1-0809_1-2.png,processed_images\D1-0809_1-2.png,R,36,mass,Benign,,2294,1914,
D1-0810,D1-0810_1-1.png,processed_images\D1-0810_1-1.png,R,29,mass,Benign,,2294,1914,
D1-0810,D1-0810_1-2.png,processed_images\D1-0810_1-2.png,R,29,mass,Benign,,2294,1914,
D1-0811,D1-0811_1-1.png,processed_images\D1-0811_1-1.png,L,46,mass,Benign,,2294,1914,
D1-0811,D1-0811_1-2.png,processed_images\D1-0811_1-2.png,L,46,mass,Benign,,2294,1914,
D1-0812,D1-0812_1-1.png,processed_images\D1-0812_1-1.png,L,44,mass,Benign,,2294,1914,
D1-0812,D1-0812_1-2.png,processed_images\D1-0812_1-2.png,L,44,mass,Benign,,2294,1914,
D1-0813,D1-0813_1-1.png,processed_images\D1-0813_1-1.png,L,33,mass,Benign,,2294,1914,
D1-0813,D1-0813_1-2.png,processed_images\D1-0813_1-2.png,L,33,mass,Benign,,2294,1914,
D1-0814,D1-0814_1-1.png,processed_images\D1-0814_1-1.png,L,67,mass,Benign,,2294,1914,
D1-0814,D1-0814_1-2.png,processed_images\D1-0814_1-2.png,L,67,mass,Benign,,2294,1914,
D1-0815,D1-0815_1-1.png,processed_images\D1-0815_1-1.png,R,41,mass,Benign,,2294,1914,
D1-0815,D1-0815_1-2.png,processed_images\D1-0815_1-2.png,R,41,mass,Benign,,2294,1914,
D1-0816,D1-0816_1-1.png,processed_images\D1-0816_1-1.png,L,59,mass,Benign,,2294,1914,
D1-0816,D1-0816_1-2.png,processed_images\D1-0816_1-2.png,L,59,mass,Benign,,2294,1914,
D1-0816,D1-0816_1-3.png,processed_images\D1-0816_1-3.png,R,59,mass,Benign,,2294,1914,
D1-0816,D1-0816_1-4.png,processed_images\D1-0816_1-4.png,R,59,mass,Benign,,2294,1914,
D1-0817,D1-0817_1-1.png,processed_images\D1-0817_1-1.png,R,46,mass,Benign,,2294,1914,
D1-0817,D1-0817_1-2.png,processed_images\D1-0817_1-2.png,R,46,mass,Benign,,2294,1914,
D1-0818,D1-0818_1-1.png,processed_images\D1-0818_1-1.png,R,39,mass,Benign,,2294,1914,
D1-0818,D1-0818_1-2.png,processed_images\D1-0818_1-2.png,R,39,mass,Benign,,2294,1914,
D1-0819,D1-0819_1-1.png,processed_images\D1-0819_1-1.png,R,48,mass,Benign,,2294,1914,
D1-0819,D1-0819_1-2.png,processed_images\D1-0819_1-2.png,R,48,mass,Benign,,2294,1914,
D1-0820,D1-0820_1-1.png,processed_images\D1-0820_1-1.png,L,65,mass,Benign,,2294,1914,
D1-0820,D1-0820_1-2.png,processed_images\D1-0820_1-2.png,L,65,mass,Benign,,2294,1914,
D1-0820,D1-0820_1-3.png,processed_images\D1-0820_1-3.png,R,65,mass,Benign,,2294,1914,
D1-0820,D1-0820_1-4.png,processed_images\D1-0820_1-4.png,R,65,mass,Benign,,2294,1914,
D1-0821,D1-0821_1-1.png,processed_images\D1-0821_1-1.png,R,42,mass,Benign,,2294,1914,
D1-0821,D1-0821_1-2.png,processed_images\D1-0821_1-2.png,R,42,mass,Benign,,2294,1914,
D1-0822,D1-0822_1-1.png,processed_images\D1-0822_1-1.png,L,32,mass,Benign,,2294,1914,
D1-0822,D1-0822_1-2.png,processed_images\D1-0822_1-2.png,L,32,mass,Benign,,2294,1914,
D1-0823,D1-0823_1-1.png,processed_images\D1-0823_1-1.png,L,35,mass,Benign,,2294,1914,
D1-0823,D1-0823_1-2.png,processed_images\D1-0823_1-2.png,L,35,mass,Benign,,2294,1914,
D1-0824,D1-0824_1-1.png,processed_images\D1-0824_1-1.png,R,31,mass,Benign,,2294,1914,
D1-0824,D1-0824_1-2.png,processed_images\D1-0824_1-2.png,R,31,mass,Benign,,2294,1914,
D1-0825,D1-0825_1-1.png,processed_images\D1-0825_1-1.png,L,43,mass,Benign,,2294,1914,
D1-0825,D1-0825_1-2.png,processed_images\D1-0825_1-2.png,L,43,mass,Benign,,2294,1914,
D1-0826,D1-0826_1-1.png,processed_images\D1-0826_1-1.png,L,39,mass,Benign,,2294,1914,
D1-0826,D1-0826_1-2.png,processed_images\D1-0826_1-2.png,L,39,mass,Benign,,2294,1914,
D1-0827,D1-0827_1-1.png,processed_images\D1-0827_1-1.png,L,47,mass,Benign,,2294,1914,
D1-0827,D1-0827_1-2.png,processed_images\D1-0827_1-2.png,L,47,mass,Benign,,2294,1914,
D1-0828,D1-0828_1-1.png,processed_images\D1-0828_1-1.png,L,43,mass,Benign,,2294,1914,
D1-0828,D1-0828_1-2.png,processed_images\D1-0828_1-2.png,L,43,mass,Benign,,2294,1914,
D1-0828,D1-0828_1-3.png,processed_images\D1-0828_1-3.png,R,43,mass,Benign,,2294,1914,
D1-0828,D1-0828_1-4.png,processed_images\D1-0828_1-4.png,R,43,mass,Benign,,2294,1914,
D1-0829,D1-0829_1-1.png,processed_images\D1-0829_1-1.png,L,47,mass,Benign,,2294,1914,
D1-0829,D1-0829_1-2.png,processed_images\D1-0829_1-2.png,L,47,mass,Benign,,2294,1914,
D1-0830,D1-0830_1-1.png,processed_images\D1-0830_1-1.png,L,63,mass,Benign,,2294,1914,
D1-0830,D1-0830_1-2.png,processed_images\D1-0830_1-2.png,L,63,mass,Benign,,2294,1914,
D1-0830,D1-0830_1-3.png,processed_images\D1-0830_1-3.png,R,63,mass,Benign,,2294,1914,
D1-0830,D1-0830_1-4.png,processed_images\D1-0830_1-4.png,R,63,mass,Benign,,2294,1914,
D1-0831,D1-0831_1-1.png,processed_images\D1-0831_1-1.png,R,43,mass,Benign,,2294,1914,
D1-0831,D1-0831_1-2.png,processed_images\D1-0831_1-2.png,R,43,mass,Benign,,2294,1914,
D1-0832,D1-0832_1-1.png,processed_images\D1-0832_1-1.png,R,46,mass,Benign,,2294,1914,
D1-0832,D1-0832_1-2.png,processed_images\D1-0832_1-2.png,R,46,mass,Benign,,2294,1914,
D1-0833,D1-0833_1-1.png,processed_images\D1-0833_1-1.png,R,38,mass,Benign,,2294,1914,
D1-0833,D1-0833_1-2.png,processed_images\D1-0833_1-2.png,R,38,mass,Benign,,2294,1914,
D1-0834,D1-0834_1-1.png,processed_images\D1-0834_1-1.png,R,25,mass,Benign,,2294,1914,
D1-0834,D1-0834_1-2.png,processed_images\D1-0834_1-2.png,R,25,mass,Benign,,2294,1914,
D1-0835,D1-0835_1-1.png,processed_images\D1-0835_1-1.png,L,46,mass,Benign,,2294,1914,
D1-0835,D1-0835_1-2.png,processed_images\D1-0835_1-2.png,L,46,mass,Benign,,2294,1914,
D1-0836,D1-0836_1-1.png,processed_images\D1-0836_1-1.png,R,60,mass,Benign,,2294,1914,
D1-0836,D1-0836_1-2.png,processed_images\D1-0836_1-2.png,R,60,mass,Benign,,2294,1914,
D1-0837,D1-0837_1-1.png,processed_images\D1-0837_1-1.png,R,50,mass,Benign,,2294,1914,
D1-0837,D1-0837_1-2.png,processed_images\D1-0837_1-2.png,R,50,mass,Benign,,2294,1914,
D1-0838,D1-0838_1-1.png,processed_images\D1-0838_1-1.png,R,53,mass,Benign,,2294,1914,
D1-0838,D1-0838_1-2.png,processed_images\D1-0838_1-2.png,R,53,mass,Benign,,2294,1914,
D1-0839,D1-0839_1-1.png,processed_images\D1-0839_1-1.png,L,48,mass,Benign,,2294,1914,
D1-0839,D1-0839_1-2.png,processed_images\D1-0839_1-2.png,L,48,mass,Benign,,2294,1914,
D1-0840,D1-0840_1-1.png,processed_images\D1-0840_1-1.png,L,44,mass,Benign,,2294,1914,
D1-0840,D1-0840_1-2.png,processed_images\D1-0840_1-2.png,L,44,mass,Benign,,2294,1914,
D1-0841,D1-0841_1-1.png,processed_images\D1-0841_1-1.png,L,34,mass,Benign,,2294,1914,
D1-0841,D1-0841_1-2.png,processed_images\D1-0841_1-2.png,L,34,mass,Benign,,2294,1914,
D1-0842,D1-0842_1-1.png,processed_images\D1-0842_1-1.png,L,38,mass,Benign,,2294,1914,
D1-0842,D1-0842_1-2.png,processed_images\D1-0842_1-2.png,L,38,mass,Benign,,2294,1914,
D1-0843,D1-0843_1-1.png,processed_images\D1-0843_1-1.png,R,38,mass,Benign,,2294,1914,
D1-0843,D1-0843_1-2.png,processed_images\D1-0843_1-2.png,R,38,mass,Benign,,2294,1914,
D1-0844,D1-0844_1-1.png,processed_images\D1-0844_1-1.png,R,43,mass,Benign,,2294,1914,
D1-0844,D1-0844_1-2.png,processed_images\D1-0844_1-2.png,R,43,mass,Benign,,2294,1914,
D1-0845,D1-0845_1-1.png,processed_images\D1-0845_1-1.png,L,42,mass,Benign,,2294,1914,
D1-0845,D1-0845_1-2.png,processed_images\D1-0845_1-2.png,L,42,mass,Benign,,2294,1914,
D1-0845,D1-0845_1-3.png,processed_images\D1-0845_1-3.png,R,42,mass,Benign,,2294,1914,
D1-0845,D1-0845_1-4.png,processed_images\D1-0845_1-4.png,R,42,mass,Benign,,2294,1914,
D1-0846,D1-0846_1-1.png,processed_images\D1-0846_1-1.png,R,36,mass,Benign,,2294,1914,
D1-0846,D1-0846_1-2.png,processed_images\D1-0846_1-2.png,R,36,mass,Benign,,2294,1914,
D1-0847,D1-0847_1-1.png,processed_images\D1-0847_1-1.png,R,44,mass,Benign,,2294,1914,
D1-0847,D1-0847_1-2.png,processed_images\D1-0847_1-2.png,R,44,mass,Benign,,2294,1914,
D1-0848,D1-0848_1-1.png,processed_images\D1-0848_1-1.png,L,47,mass,Benign,,2294,1914,
D1-0848,D1-0848_1-2.png,processed_images\D1-0848_1-2.png,L,47,mass,Benign,,2294,1914,
D1-0849,D1-0849_1-1.png,processed_images\D1-0849_1-1.png,R,44,mass,Benign,,2294,1914,
D1-0849,D1-0849_1-2.png,processed_images\D1-0849_1-2.png,R,44,mass,Benign,,2294,1914,
D1-0850,D1-0850_1-1.png,processed_images\D1-0850_1-1.png,R,46,mass,Benign,,2294,1914,
D1-0850,D1-0850_1-2.png,processed_images\D1-0850_1-2.png,R,46,mass,Benign,,2294,1914,
D1-0851,D1-0851_1-1.png,processed_images\D1-0851_1-1.png,L,47,mass,Benign,,2294,1914,
D1-0851,D1-0851_1-2.png,processed_images\D1-0851_1-2.png,L,47,mass,Benign,,2294,1914,
D1-0852,D1-0852_1-1.png,processed_images\D1-0852_1-1.png,L,41,mass,Benign,,2294,1914,
D1-0852,D1-0852_1-2.png,processed_images\D1-0852_1-2.png,L,41,mass,Benign,,2294,1914,
D1-0853,D1-0853_1-1.png,processed_images\D1-0853_1-1.png,L,56,mass,Benign,,2294,1914,
D1-0853,D1-0853_1-2.png,processed_images\D1-0853_1-2.png,L,56,mass,Benign,,2294,1914,
D1-0853,D1-0853_1-3.png,processed_images\D1-0853_1-3.png,R,56,mass,Benign,,2294,1914,
D1-0853,D1-0853_1-4.png,processed_images\D1-0853_1-4.png,R,56,mass,Benign,,2294,1914,
D1-0854,D1-0854_1-1.png,processed_images\D1-0854_1-1.png,R,41,mass,Benign,,2294,1914,
D1-0854,D1-0854_1-2.png,processed_images\D1-0854_1-2.png,R,41,mass,Benign,,2294,1914,
D1-0855,D1-0855_1-1.png,processed_images\D1-0855_1-1.png,L,31,mass,Benign,,2294,1914,
D1-0855,D1-0855_1-2.png,processed_images\D1-0855_1-2.png,L,31,mass,Benign,,2294,1914,
D1-0856,D1-0856_1-1.png,processed_images\D1-0856_1-1.png,R,24,mass,Benign,,2294,1914,
D1-0856,D1-0856_1-2.png,processed_images\D1-0856_1-2.png,R,24,mass,Benign,,2294,1914,
D1-0857,D1-0857_1-1.png,processed_images\D1-0857_1-1.png,L,46,mass,Benign,,2294,1914,
D1-0857,D1-0857_1-2.png,processed_images\D1-0857_1-2.png,L,46,mass,Benign,,2294,1914,
D1-0858,D1-0858_1-1.png,processed_images\D1-0858_1-1.png,L,36,mass,Benign,,2294,1914,
D1-0858,D1-0858_1-2.png,processed_images\D1-0858_1-2.png,L,36,mass,Benign,,2294,1914,
D1-0859,D1-0859_1-1.png,processed_images\D1-0859_1-1.png,L,39,mass,Benign,,2294,1914,
D1-0859,D1-0859_1-2.png,processed_images\D1-0859_1-2.png,L,39,mass,Benign,,2294,1914,
D1-0860,D1-0860_1-1.png,processed_images\D1-0860_1-1.png,L,40,mass,Benign,,2294,1914,
D1-0860,D1-0860_1-2.png,processed_images\D1-0860_1-2.png,L,40,mass,Benign,,2294,1914,
D1-0861,D1-0861_1-1.png,processed_images\D1-0861_1-1.png,L,48,mass,Benign,,2294,1914,
D1-0861,D1-0861_1-2.png,processed_images\D1-0861_1-2.png,L,48,mass,Benign,,2294,1914,
D1-0862,D1-0862_1-1.png,processed_images\D1-0862_1-1.png,L,56,mass,Benign,,2294,1914,
D1-0862,D1-0862_1-2.png,processed_images\D1-0862_1-2.png,L,56,mass,Benign,,2294,1914,
D1-0862,D1-0862_1-3.png,processed_images\D1-0862_1-3.png,R,56,mass,Benign,,2294,1914,
D1-0862,D1-0862_1-4.png,processed_images\D1-0862_1-4.png,R,56,mass,Benign,,2294,1914,
D1-0863,D1-0863_1-1.png,processed_images\D1-0863_1-1.png,L,42,mass,Benign,,2294,1914,
D1-0863,D1-0863_1-2.png,processed_images\D1-0863_1-2.png,L,42,mass,Benign,,2294,1914,
D1-0863,D1-0863_1-3.png,processed_images\D1-0863_1-3.png,R,42,mass,Benign,,2294,1914,
D1-0863,D1-0863_1-4.png,processed_images\D1-0863_1-4.png,R,42,mass,Benign,,2294,1914,
D1-0864,D1-0864_1-1.png,processed_images\D1-0864_1-1.png,L,47,mass,Benign,,2294,1914,
D1-0864,D1-0864_1-2.png,processed_images\D1-0864_1-2.png,L,47,mass,Benign,,2294,1914,
D1-0865,D1-0865_1-1.png,processed_images\D1-0865_1-1.png,L,38,mass,Benign,,2294,1914,
D1-0865,D1-0865_1-2.png,processed_images\D1-0865_1-2.png,L,38,mass,Benign,,2294,1914,
D1-0866,D1-0866_1-1.png,processed_images\D1-0866_1-1.png,L,41,mass,Benign,,2294,1914,
D1-0866,D1-0866_1-2.png,processed_images\D1-0866_1-2.png,L,41,mass,Benign,,2294,1914,
D1-0867,D1-0867_1-1.png,processed_images\D1-0867_1-1.png,L,35,mass,Benign,,2294,1914,
D1-0867,D1-0867_1-2.png,processed_images\D1-0867_1-2.png,L,35,mass,Benign,,2294,1914,
D1-0868,D1-0868_1-1.png,processed_images\D1-0868_1-1.png,L,46,mass,Benign,,2294,1914,
D1-0868,D1-0868_1-2.png,processed_images\D1-0868_1-2.png,L,46,mass,Benign,,2294,1914,
D1-0869,D1-0869_1-1.png,processed_images\D1-0869_1-1.png,L,45,mass,Benign,,2294,1914,
D1-0869,D1-0869_1-2.png,processed_images\D1-0869_1-2.png,L,45,mass,Benign,,2294,1914,
D1-0869,D1-0869_1-3.png,processed_images\D1-0869_1-3.png,R,45,mass,Benign,,2294,1914,
D1-0869,D1-0869_1-4.png,processed_images\D1-0869_1-4.png,R,45,mass,Benign,,2294,1914,
D1-0870,D1-0870_1-1.png,processed_images\D1-0870_1-1.png,R,46,mass,Benign,,2294,1914,
D1-0870,D1-0870_1-2.png,processed_images\D1-0870_1-2.png,R,46,mass,Benign,,2294,1914,
D1-0871,D1-0871_1-1.png,processed_images\D1-0871_1-1.png,L,43,mass,Benign,,2294,1914,
D1-0871,D1-0871_1-2.png,processed_images\D1-0871_1-2.png,L,43,mass,Benign,,2294,1914,
D1-0872,D1-0872_1-1.png,processed_images\D1-0872_1-1.png,L,40,mass,Benign,,2294,1914,
D1-0872,D1-0872_1-2.png,processed_images\D1-0872_1-2.png,L,40,mass,Benign,,2294,1914,
D1-0873,D1-0873_1-1.png,processed_images\D1-0873_1-1.png,L,42,mass,Benign,,2294,1914,
D1-0873,D1-0873_1-2.png,processed_images\D1-0873_1-2.png,L,42,mass,Benign,,2294,1914,
D1-0874,D1-0874_1-1.png,processed_images\D1-0874_1-1.png,L,48,mass,Benign,,2294,1914,
D1-0874,D1-0874_1-2.png,processed_images\D1-0874_1-2.png,L,48,mass,Benign,,2294,1914,
D1-0874,D1-0874_1-3.png,processed_images\D1-0874_1-3.png,R,48,mass,Benign,,2294,1914,
D1-0874,D1-0874_1-4.png,processed_images\D1-0874_1-4.png,R,48,mass,Benign,,2294,1914,
D1-0875,D1-0875_1-1.png,processed_images\D1-0875_1-1.png,L,44,mass,Benign,,2294,1914,
D1-0875,D1-0875_1-2.png,processed_images\D1-0875_1-2.png,L,44,mass,Benign,,2294,1914,
D1-0875,D1-0875_1-3.png,processed_images\D1-0875_1-3.png,R,44,mass,Benign,,2294,1914,
D1-0875,D1-0875_1-4.png,processed_images\D1-0875_1-4.png,R,44,mass,Benign,,2294,1914,
D1-0876,D1-0876_1-1.png,processed_images\D1-0876_1-1.png,L,44,mass,Benign,,2294,1914,
D1-0876,D1-0876_1-2.png,processed_images\D1-0876_1-2.png,L,44,mass,Benign,,2294,1914,
D1-0876,D1-0876_1-3.png,processed_images\D1-0876_1-3.png,R,44,mass,Benign,,2294,1914,
D1-0876,D1-0876_1-4.png,processed_images\D1-0876_1-4.png,R,44,mass,Benign,,2294,1914,
D1-0877,D1-0877_1-1.png,processed_images\D1-0877_1-1.png,R,52,mass,Benign,,2294,1914,
D1-0877,D1-0877_1-2.png,processed_images\D1-0877_1-2.png,R,52,mass,Benign,,2294,1914,
D1-0878,D1-0878_1-1.png,processed_images\D1-0878_1-1.png,R,43,mass,Benign,,2294,1914,
D1-0878,D1-0878_1-2.png,processed_images\D1-0878_1-2.png,R,43,mass,Benign,,2294,1914,
D1-0879,D1-0879_1-1.png,processed_images\D1-0879_1-1.png,R,35,mass,Benign,,2294,1914,
D1-0879,D1-0879_1-2.png,processed_images\D1-0879_1-2.png,R,35,mass,Benign,,2294,1914,
D1-0880,D1-0880_1-1.png,processed_images\D1-0880_1-1.png,L,35,mass,Benign,,2294,1914,
D1-0880,D1-0880_1-2.png,processed_images\D1-0880_1-2.png,L,35,mass,Benign,,2294,1914,
D1-0881,D1-0881_1-1.png,processed_images\D1-0881_1-1.png,L,32,mass,Benign,,2294,1914,
D1-0881,D1-0881_1-2.png,processed_images\D1-0881_1-2.png,L,32,mass,Benign,,2294,1914,
D1-0882,D1-0882_1-1.png,processed_images\D1-0882_1-1.png,R,40,mass,Benign,,2294,1914,
D1-0882,D1-0882_1-2.png,processed_images\D1-0882_1-2.png,R,40,mass,Benign,,2294,1914,
D1-0883,D1-0883_1-1.png,processed_images\D1-0883_1-1.png,L,33,mass,Benign,,2294,1914,
D1-0883,D1-0883_1-2.png,processed_images\D1-0883_1-2.png,L,33,mass,Benign,,2294,1914,
D1-0884,D1-0884_1-1.png,processed_images\D1-0884_1-1.png,L,43,mass,Benign,,2294,1914,
D1-0884,D1-0884_1-2.png,processed_images\D1-0884_1-2.png,L,43,mass,Benign,,2294,1914,
D1-0884,D1-0884_1-3.png,processed_images\D1-0884_1-3.png,R,43,mass,Benign,,2294,1914,
D1-0884,D1-0884_1-4.png,processed_images\D1-0884_1-4.png,R,43,mass,Benign,,2294,1914,
D1-0885,D1-0885_1-1.png,processed_images\D1-0885_1-1.png,R,27,mass,Benign,,2294,1914,
D1-0885,D1-0885_1-2.png,processed_images\D1-0885_1-2.png,R,27,mass,Benign,,2294,1914,
D1-0886,D1-0886_1-1.png,processed_images\D1-0886_1-1.png,R,32,mass,Benign,,2294,1914,
D1-0886,D1-0886_1-2.png,processed_images\D1-0886_1-2.png,R,32,mass,Benign,,2294,1914,
D1-0887,D1-0887_1-1.png,processed_images\D1-0887_1-1.png,L,53,mass,Benign,,2294,1914,
D1-0887,D1-0887_1-2.png,processed_images\D1-0887_1-2.png,L,53,mass,Benign,,2294,1914,
D1-0888,D1-0888_1-1.png,processed_images\D1-0888_1-1.png,L,51,mass,Benign,,2294,1914,
D1-0888,D1-0888_1-2.png,processed_images\D1-0888_1-2.png,L,51,mass,Benign,,2294,1914,
D1-0889,D1-0889_1-1.png,processed_images\D1-0889_1-1.png,L,41,mass,Benign,,2294,1914,
D1-0889,D1-0889_1-2.png,processed_images\D1-0889_1-2.png,L,41,mass,Benign,,2294,1914,
D1-0890,D1-0890_1-1.png,processed_images\D1-0890_1-1.png,R,53,mass,Benign,,2294,1914,
D1-0890,D1-0890_1-2.png,processed_images\D1-0890_1-2.png,R,53,mass,Benign,,2294,1914,
D1-0891,D1-0891_1-1.png,processed_images\D1-0891_1-1.png,R,49,mass,Benign,,2294,1914,
D1-0891,D1-0891_1-2.png,processed_images\D1-0891_1-2.png,R,49,mass,Benign,,2294,1914,
D1-0892,D1-0892_1-1.png,processed_images\D1-0892_1-1.png,L,35,mass,Benign,,2294,1914,
D1-0892,D1-0892_1-2.png,processed_images\D1-0892_1-2.png,L,35,mass,Benign,,2294,1914,
D1-0892,D1-0892_1-3.png,processed_images\D1-0892_1-3.png,R,35,mass,Benign,,2294,1914,
D1-0892,D1-0892_1-4.png,processed_images\D1-0892_1-4.png,R,35,mass,Benign,,2294,1914,
D1-0893,D1-0893_1-1.png,processed_images\D1-0893_1-1.png,L,35,mass,Benign,,2294,1914,
D1-0893,D1-0893_1-2.png,processed_images\D1-0893_1-2.png,L,35,mass,Benign,,2294,1914,
D1-0894,D1-0894_1-1.png,processed_images\D1-0894_1-1.png,L,37,mass,Benign,,2294,1914,
D1-0894,D1-0894_1-2.png,processed_images\D1-0894_1-2.png,L,37,mass,Benign,,2294,1914,
D1-0894,D1-0894_1-3.png,processed_images\D1-0894_1-3.png,R,37,mass,Benign,,2294,1914,
D1-0894,D1-0894_1-4.png,processed_images\D1-0894_1-4.png,R,37,mass,Benign,,2294,1914,
D1-0895,D1-0895_1-1.png,processed_images\D1-0895_1-1.png,R,40,mass,Benign,,2294,1914,
D1-0895,D1-0895_1-2.png,processed_images\D1-0895_1-2.png,R,40,mass,Benign,,2294,1914,
D1-0896,D1-0896_1-1.png,processed_images\D1-0896_1-1.png,R,52,mass,Benign,,2294,1914,
D1-0896,D1-0896_1-2.png,processed_images\D1-0896_1-2.png,R,52,mass,Benign,,2294,1914,
D1-0897,D1-0897_1-1.png,processed_images\D1-0897_1-1.png,L,38,mass,Benign,,2294,1914,
D1-0897,D1-0897_1-2.png,processed_images\D1-0897_1-2.png,L,38,mass,Benign,,2294,1914,
D1-0898,D1-0898_1-1.png,processed_images\D1-0898_1-1.png,L,35,mass,Benign,,2294,1914,
D1-0898,D1-0898_1-2.png,processed_images\D1-0898_1-2.png,L,35,mass,Benign,,2294,1914,
D1-0899,D1-0899_1-1.png,processed_images\D1-0899_1-1.png,L,36,mass,Benign,,2294,1914,
D1-0899,D1-0899_1-2.png,processed_images\D1-0899_1-2.png,L,36,mass,Benign,,2294,1914,
D1-0900,D1-0900_1-1.png,processed_images\D1-0900_1-1.png,L,50,mass,Benign,,2294,1914,
D1-0900,D1-0900_1-2.png,processed_images\D1-0900_1-2.png,L,50,mass,Benign,,2294,1914,
D1-0901,D1-0901_1-1.png,processed_images\D1-0901_1-1.png,L,39,mass,Benign,,2294,1914,
D1-0901,D1-0901_1-2.png,processed_images\D1-0901_1-2.png,L,39,mass,Benign,,2294,1914,
D1-0901,D1-0901_1-3.png,processed_images\D1-0901_1-3.png,R,39,mass,Benign,,2294,1914,
D1-0901,D1-0901_1-4.png,processed_images\D1-0901_1-4.png,R,39,mass,Benign,,2294,1914,
D1-0902,D1-0902_1-1.png,processed_images\D1-0902_1-1.png,L,48,mass,Benign,,2294,1914,
D1-0902,D1-0902_1-2.png,processed_images\D1-0902_1-2.png,L,48,mass,Benign,,2294,1914,
D1-0903,D1-0903_1-1.png,processed_images\D1-0903_1-1.png,R,51,mass,Benign,,2294,1914,
D1-0903,D1-0903_1-2.png,processed_images\D1-0903_1-2.png,R,51,mass,Benign,,2294,1914,
D1-0904,D1-0904_1-1.png,processed_images\D1-0904_1-1.png,L,21,mass,Benign,,2294,1914,
D1-0904,D1-0904_1-2.png,processed_images\D1-0904_1-2.png,L,21,mass,Benign,,2294,1914,
D1-0904,D1-0904_1-3.png,processed_images\D1-0904_1-3.png,R,21,mass,Benign,,2294,1914,
D1-0904,D1-0904_1-4.png,processed_images\D1-0904_1-4.png,R,21,mass,Benign,,2294,1914,
D1-0905,D1-0905_1-1.png,processed_images\D1-0905_1-1.png,L,45,mass,Benign,,2294,1914,
D1-0905,D1-0905_1-2.png,processed_images\D1-0905_1-2.png,L,45,mass,Benign,,2294,1914,
D1-0906,D1-0906_1-1.png,processed_images\D1-0906_1-1.png,R,38,mass,Benign,,2294,1914,
D1-0906,D1-0906_1-2.png,processed_images\D1-0906_1-2.png,R,38,mass,Benign,,2294,1914,
D1-0907,D1-0907_1-1.png,processed_images\D1-0907_1-1.png,L,48,mass,Benign,,2294,1914,
D1-0907,D1-0907_1-2.png,processed_images\D1-0907_1-2.png,L,48,mass,Benign,,2294,1914,
D1-0908,D1-0908_1-1.png,processed_images\D1-0908_1-1.png,L,45,mass,Benign,,2294,1914,
D1-0908,D1-0908_1-2.png,processed_images\D1-0908_1-2.png,L,45,mass,Benign,,2294,1914,
D1-0908,D1-0908_1-3.png,processed_images\D1-0908_1-3.png,R,45,mass,Benign,,2294,1914,
D1-0908,D1-0908_1-4.png,processed_images\D1-0908_1-4.png,R,45,mass,Benign,,2294,1914,
D1-0909,D1-0909_1-1.png,processed_images\D1-0909_1-1.png,R,30,mass,Benign,,2294,1914,
D1-0909,D1-0909_1-2.png,processed_images\D1-0909_1-2.png,R,30,mass,Benign,,2294,1914,
D1-0910,D1-0910_1-1.png,processed_images\D1-0910_1-1.png,L,41,mass,Benign,,2294,1914,
D1-0910,D1-0910_1-2.png,processed_images\D1-0910_1-2.png,L,41,mass,Benign,,2294,1914,
D1-0911,D1-0911_1-1.png,processed_images\D1-0911_1-1.png,R,28,mass,Benign,,2294,1914,
D1-0911,D1-0911_1-2.png,processed_images\D1-0911_1-2.png,R,28,mass,Benign,,2294,1914,
D1-0912,D1-0912_1-1.png,processed_images\D1-0912_1-1.png,L,49,mass,Benign,,2294,1914,
D1-0912,D1-0912_1-2.png,processed_images\D1-0912_1-2.png,L,49,mass,Benign,,2294,1914,
D1-0913,D1-0913_1-1.png,processed_images\D1-0913_1-1.png,R,34,mass,Benign,,2294,1914,
D1-0913,D1-0913_1-2.png,processed_images\D1-0913_1-2.png,R,34,mass,Benign,,2294,1914,
D1-0914,D1-0914_1-1.png,processed_images\D1-0914_1-1.png,L,43,mass,Benign,,2294,1914,
D1-0914,D1-0914_1-2.png,processed_images\D1-0914_1-2.png,L,43,mass,Benign,,2294,1914,
D1-0915,D1-0915_1-1.png,processed_images\D1-0915_1-1.png,L,50,mass,Benign,,2294,1914,
D1-0915,D1-0915_1-2.png,processed_images\D1-0915_1-2.png,L,50,mass,Benign,,2294,1914,
D1-0916,D1-0916_1-1.png,processed_images\D1-0916_1-1.png,R,27,mass,Benign,,2294,1914,
D1-0916,D1-0916_1-2.png,processed_images\D1-0916_1-2.png,R,27,mass,Benign,,2294,1914,
D1-0917,D1-0917_1-1.png,processed_images\D1-0917_1-1.png,R,49,mass,Benign,,2294,1914,
D1-0917,D1-0917_1-2.png,processed_images\D1-0917_1-2.png,R,49,mass,Benign,,2294,1914,
D1-0918,D1-0918_1-1.png,processed_images\D1-0918_1-1.png,R,32,mass,Benign,,2294,1914,
D1-0918,D1-0918_1-2.png,processed_images\D1-0918_1-2.png,R,32,mass,Benign,,2294,1914,
D1-0919,D1-0919_1-1.png,processed_images\D1-0919_1-1.png,L,40,mass,Benign,,2294,1914,
D1-0919,D1-0919_1-2.png,processed_images\D1-0919_1-2.png,L,40,mass,Benign,,2294,1914,
D1-0919,D1-0919_1-3.png,processed_images\D1-0919_1-3.png,R,40,mass,Benign,,2294,1914,
D1-0919,D1-0919_1-4.png,processed_images\D1-0919_1-4.png,R,40,mass,Benign,,2294,1914,
D1-0920,D1-0920_1-1.png,processed_images\D1-0920_1-1.png,L,39,mass,Benign,,2294,1914,
D1-0920,D1-0920_1-2.png,processed_images\D1-0920_1-2.png,L,39,mass,Benign,,2294,1914,
D1-0921,D1-0921_1-1.png,processed_images\D1-0921_1-1.png,R,32,mass,Benign,,2294,1914,
D1-0921,D1-0921_1-2.png,processed_images\D1-0921_1-2.png,R,32,mass,Benign,,2294,1914,
D1-0922,D1-0922_1-1.png,processed_images\D1-0922_1-1.png,R,36,mass,Benign,,2294,1914,
D1-0922,D1-0922_1-2.png,processed_images\D1-0922_1-2.png,R,36,mass,Benign,,2294,1914,
D1-0923,D1-0923_1-1.png,processed_images\D1-0923_1-1.png,R,39,mass,Benign,,2294,1914,
D1-0923,D1-0923_1-2.png,processed_images\D1-0923_1-2.png,R,39,mass,Benign,,2294,1914,
D1-0924,D1-0924_1-1.png,processed_images\D1-0924_1-1.png,L,54,mass,Benign,,2294,1914,
D1-0924,D1-0924_1-2.png,processed_images\D1-0924_1-2.png,L,54,mass,Benign,,2294,1914,
D1-0925,D1-0925_1-1.png,processed_images\D1-0925_1-1.png,R,47,mass,Benign,,2294,1914,
D1-0925,D1-0925_1-2.png,processed_images\D1-0925_1-2.png,R,47,mass,Benign,,2294,1914,
D1-0926,D1-0926_1-1.png,processed_images\D1-0926_1-1.png,R,44,mass,Benign,,2294,1914,
D1-0926,D1-0926_1-2.png,processed_images\D1-0926_1-2.png,R,44,mass,Benign,,2294,1914,
D1-0927,D1-0927_1-1.png,processed_images\D1-0927_1-1.png,L,45,mass,Benign,,2294,1914,
D1-0927,D1-0927_1-2.png,processed_images\D1-0927_1-2.png,L,45,mass,Benign,,2294,1914,
D1-0928,D1-0928_1-1.png,processed_images\D1-0928_1-1.png,L,32,mass,Benign,,2294,1914,
D1-0928,D1-0928_1-2.png,processed_images\D1-0928_1-2.png,L,32,mass,Benign,,2294,1914,
D1-0929,D1-0929_1-1.png,processed_images\D1-0929_1-1.png,L,54,mass,Benign,,2294,1914,
D1-0929,D1-0929_1-2.png,processed_images\D1-0929_1-2.png,L,54,mass,Benign,,2294,1914,
D1-0929,D1-0929_1-3.png,processed_images\D1-0929_1-3.png,R,54,mass,Benign,,2294,1914,
D1-0929,D1-0929_1-4.png,processed_images\D1-0929_1-4.png,R,54,mass,Benign,,2294,1914,
D1-0930,D1-0930_1-1.png,processed_images\D1-0930_1-1.png,R,39,mass,Benign,,2294,1914,
D1-0930,D1-0930_1-2.png,processed_images\D1-0930_1-2.png,R,39,mass,Benign,,2294,1914,
D1-0931,D1-0931_1-1.png,processed_images\D1-0931_1-1.png,L,46,mass,Benign,,2294,1914,
D1-0931,D1-0931_1-2.png,processed_images\D1-0931_1-2.png,L,46,mass,Benign,,2294,1914,
D1-0931,D1-0931_1-3.png,processed_images\D1-0931_1-3.png,R,46,mass,Benign,,2294,1914,
D1-0931,D1-0931_1-4.png,processed_images\D1-0931_1-4.png,R,46,mass,Benign,,2294,1914,
D1-0932,D1-0932_1-1.png,processed_images\D1-0932_1-1.png,L,38,mass,Benign,,2294,1914,
D1-0932,D1-0932_1-2.png,processed_images\D1-0932_1-2.png,L,38,mass,Benign,,2294,1914,
D1-0932,D1-0932_1-3.png,processed_images\D1-0932_1-3.png,R,38,mass,Benign,,2294,1914,
D1-0932,D1-0932_1-4.png,processed_images\D1-0932_1-4.png,R,38,mass,Benign,,2294,1914,
D1-0933,D1-0933_1-1.png,processed_images\D1-0933_1-1.png,L,28,mass,Benign,,2294,1914,
D1-0933,D1-0933_1-2.png,processed_images\D1-0933_1-2.png,L,28,mass,Benign,,2294,1914,
D1-0934,D1-0934_1-1.png,processed_images\D1-0934_1-1.png,L,42,mass,Benign,,2294,1914,
D1-0934,D1-0934_1-2.png,processed_images\D1-0934_1-2.png,L,42,mass,Benign,,2294,1914,
D1-0935,D1-0935_1-1.png,processed_images\D1-0935_1-1.png,R,25,mass,Benign,,2294,1914,
D1-0935,D1-0935_1-2.png,processed_images\D1-0935_1-2.png,R,25,mass,Benign,,2294,1914,
D1-0936,D1-0936_1-1.png,processed_images\D1-0936_1-1.png,R,45,mass,Benign,,2294,1914,
D1-0936,D1-0936_1-2.png,processed_images\D1-0936_1-2.png,R,45,mass,Benign,,2294,1914,
D1-0937,D1-0937_1-1.png,processed_images\D1-0937_1-1.png,L,59,mass,Benign,,2294,1914,
D1-0937,D1-0937_1-2.png,processed_images\D1-0937_1-2.png,L,59,mass,Benign,,2294,1914,
D1-0938,D1-0938_1-1.png,processed_images\D1-0938_1-1.png,R,47,mass,Benign,,2294,1914,
D1-0938,D1-0938_1-2.png,processed_images\D1-0938_1-2.png,R,47,mass,Benign,,2294,1914,
D1-0939,D1-0939_1-1.png,processed_images\D1-0939_1-1.png,L,34,mass,Benign,,2294,1914,
D1-0939,D1-0939_1-2.png,processed_images\D1-0939_1-2.png,L,34,mass,Benign,,2294,1914,
D1-0940,D1-0940_1-1.png,processed_images\D1-0940_1-1.png,R,37,mass,Benign,,2294,1914,
D1-0940,D1-0940_1-2.png,processed_images\D1-0940_1-2.png,R,37,mass,Benign,,2294,1914,
D1-0941,D1-0941_1-1.png,processed_images\D1-0941_1-1.png,R,32,mass,Benign,,2294,1914,
D1-0941,D1-0941_1-2.png,processed_images\D1-0941_1-2.png,R,32,mass,Benign,,2294,1914,
D1-0942,D1-0942_1-1.png,processed_images\D1-0942_1-1.png,R,37,mass,Benign,,2294,1914,
D1-0942,D1-0942_1-2.png,processed_images\D1-0942_1-2.png,R,37,mass,Benign,,2294,1914,
D1-0943,D1-0943_1-1.png,processed_images\D1-0943_1-1.png,L,47,mass,Benign,,2294,1914,
D1-0943,D1-0943_1-2.png,processed_images\D1-0943_1-2.png,L,47,mass,Benign,,2294,1914,
D1-0944,D1-0944_1-1.png,processed_images\D1-0944_1-1.png,L,39,mass,Benign,,2294,1914,
D1-0944,D1-0944_1-2.png,processed_images\D1-0944_1-2.png,L,39,mass,Benign,,2294,1914,
D1-0945,D1-0945_1-1.png,processed_images\D1-0945_1-1.png,R,49,mass,Benign,,2294,1914,
D1-0945,D1-0945_1-2.png,processed_images\D1-0945_1-2.png,R,49,mass,Benign,,2294,1914,
D1-0946,D1-0946_1-1.png,processed_images\D1-0946_1-1.png,L,44,mass,Benign,,2294,1914,
D1-0946,D1-0946_1-2.png,processed_images\D1-0946_1-2.png,L,44,mass,Benign,,2294,1914,
D1-0947,D1-0947_1-1.png,processed_images\D1-0947_1-1.png,R,33,mass,Benign,,2294,1914,
D1-0947,D1-0947_1-2.png,processed_images\D1-0947_1-2.png,R,33,mass,Benign,,2294,1914,
D1-0948,D1-0948_1-1.png,processed_images\D1-0948_1-1.png,L,34,mass,Benign,,2294,1914,
D1-0948,D1-0948_1-2.png,processed_images\D1-0948_1-2.png,L,34,mass,Benign,,2294,1914,
D1-0949,D1-0949_1-1.png,processed_images\D1-0949_1-1.png,L,59,mass,Benign,,2294,1914,
D1-0949,D1-0949_1-2.png,processed_images\D1-0949_1-2.png,L,59,mass,Benign,,2294,1914,
D1-0950,D1-0950_1-1.png,processed_images\D1-0950_1-1.png,L,48,mass,Benign,,2294,1914,
D1-0950,D1-0950_1-2.png,processed_images\D1-0950_1-2.png,L,48,mass,Benign,,2294,1914,
D1-0951,D1-0951_1-1.png,processed_images\D1-0951_1-1.png,R,58,mass,Benign,,2294,1914,
D1-0951,D1-0951_1-2.png,processed_images\D1-0951_1-2.png,R,58,mass,Benign,,2294,1914,
D1-0952,D1-0952_1-1.png,processed_images\D1-0952_1-1.png,L,46,mass,Benign,,2294,1914,
D1-0952,D1-0952_1-2.png,processed_images\D1-0952_1-2.png,L,46,mass,Benign,,2294,1914,
D1-0953,D1-0953_1-1.png,processed_images\D1-0953_1-1.png,L,37,mass,Benign,,2294,1914,
D1-0953,D1-0953_1-2.png,processed_images\D1-0953_1-2.png,L,37,mass,Benign,,2294,1914,
D1-0954,D1-0954_1-1.png,processed_images\D1-0954_1-1.png,R,44,mass,Benign,,2294,1914,
D1-0954,D1-0954_1-2.png,processed_images\D1-0954_1-2.png,R,44,mass,Benign,,2294,1914,
D1-0955,D1-0955_1-1.png,processed_images\D1-0955_1-1.png,L,43,mass,Benign,,2294,1914,
D1-0955,D1-0955_1-2.png,processed_images\D1-0955_1-2.png,L,43,mass,Benign,,2294,1914,
D1-0955,D1-0955_1-3.png,processed_images\D1-0955_1-3.png,R,43,mass,Benign,,2294,1914,
D1-0955,D1-0955_1-4.png,processed_images\D1-0955_1-4.png,R,43,mass,Benign,,2294,1914,
D1-0956,D1-0956_1-1.png,processed_images\D1-0956_1-1.png,L,39,mass,Benign,,2294,1914,
D1-0956,D1-0956_1-2.png,processed_images\D1-0956_1-2.png,L,39,mass,Benign,,2294,1914,
D1-0957,D1-0957_1-1.png,processed_images\D1-0957_1-1.png,R,59,mass,Benign,,2294,1914,
D1-0957,D1-0957_1-2.png,processed_images\D1-0957_1-2.png,R,59,mass,Benign,,2294,1914,
D1-0958,D1-0958_1-1.png,processed_images\D1-0958_1-1.png,R,46,mass,Benign,,2294,1914,
D1-0958,D1-0958_1-2.png,processed_images\D1-0958_1-2.png,R,46,mass,Benign,,2294,1914,
D1-0959,D1-0959_1-1.png,processed_images\D1-0959_1-1.png,L,51,mass,Benign,,2294,1914,
D1-0959,D1-0959_1-2.png,processed_images\D1-0959_1-2.png,L,51,mass,Benign,,2294,1914,
D1-0960,D1-0960_1-1.png,processed_images\D1-0960_1-1.png,R,58,mass,Benign,,2294,1914,
D1-0960,D1-0960_1-2.png,processed_images\D1-0960_1-2.png,R,58,mass,Benign,,2294,1914,
D1-0961,D1-0961_1-1.png,processed_images\D1-0961_1-1.png,L,39,mass,Benign,,2294,1914,
D1-0961,D1-0961_1-2.png,processed_images\D1-0961_1-2.png,L,39,mass,Benign,,2294,1914,
D1-0962,D1-0962_1-1.png,processed_images\D1-0962_1-1.png,L,40,mass,Benign,,2294,1914,
D1-0962,D1-0962_1-2.png,processed_images\D1-0962_1-2.png,L,40,mass,Benign,,2294,1914,
D1-0963,D1-0963_1-1.png,processed_images\D1-0963_1-1.png,L,37,mass,Benign,,2294,1914,
D1-0963,D1-0963_1-2.png,processed_images\D1-0963_1-2.png,L,37,mass,Benign,,2294,1914,
D1-0964,D1-0964_1-1.png,processed_images\D1-0964_1-1.png,R,64,mass,Benign,,2294,1914,
D1-0964,D1-0964_1-2.png,processed_images\D1-0964_1-2.png,R,64,mass,Benign,,2294,1914,
D1-0965,D1-0965_1-1.png,processed_images\D1-0965_1-1.png,L,46,mass,Benign,,2294,1914,
D1-0965,D1-0965_1-2.png,processed_images\D1-0965_1-2.png,L,46,mass,Benign,,2294,1914,
D1-0966,D1-0966_1-1.png,processed_images\D1-0966_1-1.png,L,49,mass,Benign,,2294,1914,
D1-0966,D1-0966_1-2.png,processed_images\D1-0966_1-2.png,L,49,mass,Benign,,2294,1914,
D1-0967,D1-0967_1-1.png,processed_images\D1-0967_1-1.png,L,35,mass,Benign,,2294,1914,
D1-0967,D1-0967_1-2.png,processed_images\D1-0967_1-2.png,L,35,mass,Benign,,2294,1914,
D1-0968,D1-0968_1-1.png,processed_images\D1-0968_1-1.png,R,23,mass,Benign,,2294,1914,
D1-0968,D1-0968_1-2.png,processed_images\D1-0968_1-2.png,R,23,mass,Benign,,2294,1914,
D1-0969,D1-0969_1-1.png,processed_images\D1-0969_1-1.png,R,52,mass,Benign,,2294,1914,
D1-0969,D1-0969_1-2.png,processed_images\D1-0969_1-2.png,R,52,mass,Benign,,2294,1914,
D1-0970,D1-0970_1-1.png,processed_images\D1-0970_1-1.png,L,56,mass,Benign,,2294,1914,
D1-0970,D1-0970_1-2.png,processed_images\D1-0970_1-2.png,L,56,mass,Benign,,2294,1914,
D1-0971,D1-0971_1-1.png,processed_images\D1-0971_1-1.png,L,48,mass,Benign,,2294,1914,
D1-0971,D1-0971_1-2.png,processed_images\D1-0971_1-2.png,L,48,mass,Benign,,2294,1914,
D1-0972,D1-0972_1-1.png,processed_images\D1-0972_1-1.png,R,49,mass,Benign,,2294,1914,
D1-0972,D1-0972_1-2.png,processed_images\D1-0972_1-2.png,R,49,mass,Benign,,2294,1914,
D1-0973,D1-0973_1-1.png,processed_images\D1-0973_1-1.png,R,46,mass,Benign,,2294,1914,
D1-0973,D1-0973_1-2.png,processed_images\D1-0973_1-2.png,R,46,mass,Benign,,2294,1914,
D1-0974,D1-0974_1-1.png,processed_images\D1-0974_1-1.png,R,36,mass,Benign,,2294,1914,
D1-0974,D1-0974_1-2.png,processed_images\D1-0974_1-2.png,R,36,mass,Benign,,2294,1914,
D1-0975,D1-0975_1-1.png,processed_images\D1-0975_1-1.png,R,23,mass,Benign,,2294,1914,
D1-0975,D1-0975_1-2.png,processed_images\D1-0975_1-2.png,R,23,mass,Benign,,2294,1914,
D1-0976,D1-0976_1-1.png,processed_images\D1-0976_1-1.png,R,44,mass,Benign,,2294,1914,
D1-0976,D1-0976_1-2.png,processed_images\D1-0976_1-2.png,R,44,mass,Benign,,2294,1914,
D1-0977,D1-0977_1-1.png,processed_images\D1-0977_1-1.png,L,45,mass,Benign,,2294,1914,
D1-0977,D1-0977_1-2.png,processed_images\D1-0977_1-2.png,L,45,mass,Benign,,2294,1914,
D1-0978,D1-0978_1-1.png,processed_images\D1-0978_1-1.png,R,40,mass,Benign,,2294,1914,
D1-0978,D1-0978_1-2.png,processed_images\D1-0978_1-2.png,R,40,mass,Benign,,2294,1914,
D1-0979,D1-0979_1-1.png,processed_images\D1-0979_1-1.png,R,39,mass,Benign,,2294,1914,
D1-0979,D1-0979_1-2.png,processed_images\D1-0979_1-2.png,R,39,mass,Benign,,2294,1914,
D1-0980,D1-0980_1-1.png,processed_images\D1-0980_1-1.png,R,52,mass,Benign,,2294,1914,
D1-0980,D1-0980_1-2.png,processed_images\D1-0980_1-2.png,R,52,mass,Benign,,2294,1914,
D1-0981,D1-0981_1-1.png,processed_images\D1-0981_1-1.png,L,44,mass,Benign,,2294,1914,
D1-0981,D1-0981_1-2.png,processed_images\D1-0981_1-2.png,L,44,mass,Benign,,2294,1914,
D1-0982,D1-0982_1-1.png,processed_images\D1-0982_1-1.png,L,28,mass,Benign,,2294,1914,
D1-0982,D1-0982_1-2.png,processed_images\D1-0982_1-2.png,L,28,mass,Benign,,2294,1914,
D1-0983,D1-0983_1-1.png,processed_images\D1-0983_1-1.png,L,43,mass,Benign,,2294,1914,
D1-0983,D1-0983_1-2.png,processed_images\D1-0983_1-2.png,L,43,mass,Benign,,2294,1914,
D1-0984,D1-0984_1-1.png,processed_images\D1-0984_1-1.png,L,42,mass,Benign,,2294,1914,
D1-0984,D1-0984_1-2.png,processed_images\D1-0984_1-2.png,L,42,mass,Benign,,2294,1914,
D1-0985,D1-0985_1-1.png,processed_images\D1-0985_1-1.png,L,20,mass,Benign,,2294,1914,
D1-0985,D1-0985_1-2.png,processed_images\D1-0985_1-2.png,L,20,mass,Benign,,2294,1914,
D1-0986,D1-0986_1-1.png,processed_images\D1-0986_1-1.png,R,43,mass,Benign,,2294,1914,
D1-0986,D1-0986_1-2.png,processed_images\D1-0986_1-2.png,R,43,mass,Benign,,2294,1914,
D1-0987,D1-0987_1-1.png,processed_images\D1-0987_1-1.png,R,24,mass,Benign,,2294,1914,
D1-0987,D1-0987_1-2.png,processed_images\D1-0987_1-2.png,R,24,mass,Benign,,2294,1914,
D1-0988,D1-0988_1-1.png,processed_images\D1-0988_1-1.png,R,36,mass,Benign,,2294,1914,
D1-0988,D1-0988_1-2.png,processed_images\D1-0988_1-2.png,R,36,mass,Benign,,2294,1914,
D1-0989,D1-0989_1-1.png,processed_images\D1-0989_1-1.png,R,47,mass,Benign,,2294,1914,
D1-0989,D1-0989_1-2.png,processed_images\D1-0989_1-2.png,R,47,mass,Benign,,2294,1914,
D1-0990,D1-0990_1-1.png,processed_images\D1-0990_1-1.png,L,59,mass,Benign,,2294,1914,
D1-0990,D1-0990_1-2.png,processed_images\D1-0990_1-2.png,L,59,mass,Benign,,2294,1914,
D1-0990,D1-0990_1-3.png,processed_images\D1-0990_1-3.png,R,59,mass,Benign,,2294,1914,
D1-0990,D1-0990_1-4.png,processed_images\D1-0990_1-4.png,R,59,mass,Benign,,2294,1914,
D1-0991,D1-0991_1-1.png,processed_images\D1-0991_1-1.png,L,28,mass,Benign,,2294,1914,
D1-0991,D1-0991_1-2.png,processed_images\D1-0991_1-2.png,L,28,mass,Benign,,2294,1914,
D1-0991,D1-0991_1-3.png,processed_images\D1-0991_1-3.png,R,28,mass,Benign,,2294,1914,
D1-0991,D1-0991_1-4.png,processed_images\D1-0991_1-4.png,R,28,mass,Benign,,2294,1914,
D1-0992,D1-0992_1-1.png,processed_images\D1-0992_1-1.png,L,24,mass,Benign,,2294,1914,
D1-0992,D1-0992_1-2.png,processed_images\D1-0992_1-2.png,L,24,mass,Benign,,2294,1914,
D1-0993,D1-0993_1-1.png,processed_images\D1-0993_1-1.png,R,43,mass,Benign,,2294,1914,
D1-0993,D1-0993_1-2.png,processed_images\D1-0993_1-2.png,R,43,mass,Benign,,2294,1914,
D1-0994,D1-0994_1-1.png,processed_images\D1-0994_1-1.png,L,41,mass,Benign,,2294,1914,
D1-0994,D1-0994_1-2.png,processed_images\D1-0994_1-2.png,L,41,mass,Benign,,2294,1914,
D1-0995,D1-0995_1-1.png,processed_images\D1-0995_1-1.png,L,40,mass,Benign,,2294,1914,
D1-0995,D1-0995_1-2.png,processed_images\D1-0995_1-2.png,L,40,mass,Benign,,2294,1914,
D1-0996,D1-0996_1-1.png,processed_images\D1-0996_1-1.png,L,44,mass,Benign,,2294,1914,
D1-0996,D1-0996_1-2.png,processed_images\D1-0996_1-2.png,L,44,mass,Benign,,2294,1914,
D1-0997,D1-0997_1-1.png,processed_images\D1-0997_1-1.png,R,58,mass,Benign,,2294,1914,
D1-0997,D1-0997_1-2.png,processed_images\D1-0997_1-2.png,R,58,mass,Benign,,2294,1914,
D1-0998,D1-0998_1-1.png,processed_images\D1-0998_1-1.png,R,44,mass,Benign,,2294,1914,
D1-0998,D1-0998_1-2.png,processed_images\D1-0998_1-2.png,R,44,mass,Benign,,2294,1914,
D1-0999,D1-0999_1-1.png,processed_images\D1-0999_1-1.png,L,84,mass,Benign,,2294,1914,
D1-0999,D1-0999_1-2.png,processed_images\D1-0999_1-2.png,L,84,mass,Benign,,2294,1914,
D1-0999,D1-0999_1-3.png,processed_images\D1-0999_1-3.png,R,84,mass,Benign,,2294,1914,
D1-0999,D1-0999_1-4.png,processed_images\D1-0999_1-4.png,R,84,mass,Benign,,2294,1914,
D1-1000,D1-1000_1-1.png,processed_images\D1-1000_1-1.png,L,31,mass,Benign,,2294,1914,
D1-1000,D1-1000_1-2.png,processed_images\D1-1000_1-2.png,L,31,mass,Benign,,2294,1914,
D1-1001,D1-1001_1-1.png,processed_images\D1-1001_1-1.png,R,32,mass,Benign,,2294,1914,
D1-1001,D1-1001_1-2.png,processed_images\D1-1001_1-2.png,R,32,mass,Benign,,2294,1914,
D1-1002,D1-1002_1-1.png,processed_images\D1-1002_1-1.png,R,39,mass,Benign,,2294,1914,
D1-1002,D1-1002_1-2.png,processed_images\D1-1002_1-2.png,R,39,mass,Benign,,2294,1914,
D1-1003,D1-1003_1-1.png,processed_images\D1-1003_1-1.png,R,64,mass,Benign,,2294,1914,
D1-1003,D1-1003_1-2.png,processed_images\D1-1003_1-2.png,R,64,mass,Benign,,2294,1914,
D1-1004,D1-1004_1-1.png,processed_images\D1-1004_1-1.png,R,41,mass,Benign,,2294,1914,
D1-1004,D1-1004_1-2.png,processed_images\D1-1004_1-2.png,R,41,mass,Benign,,2294,1914,
D1-1005,D1-1005_1-1.png,processed_images\D1-1005_1-1.png,R,43,mass,Benign,,2294,1914,
D1-1005,D1-1005_1-2.png,processed_images\D1-1005_1-2.png,R,43,mass,Benign,,2294,1914,
D1-1006,D1-1006_1-1.png,processed_images\D1-1006_1-1.png,R,51,mass,Benign,,2294,1914,
D1-1006,D1-1006_1-2.png,processed_images\D1-1006_1-2.png,R,51,mass,Benign,,2294,1914,
D1-1007,D1-1007_1-1.png,processed_images\D1-1007_1-1.png,R,40,mass,Benign,,2294,1914,
D1-1007,D1-1007_1-2.png,processed_images\D1-1007_1-2.png,R,40,mass,Benign,,2294,1914,
D1-1008,D1-1008_1-1.png,processed_images\D1-1008_1-1.png,L,51,mass,Benign,,2294,1914,
D1-1008,D1-1008_1-2.png,processed_images\D1-1008_1-2.png,L,51,mass,Benign,,2294,1914,
D1-1009,D1-1009_1-1.png,processed_images\D1-1009_1-1.png,L,47,mass,Benign,,2294,1914,
D1-1009,D1-1009_1-2.png,processed_images\D1-1009_1-2.png,L,47,mass,Benign,,2294,1914,
D1-1009,D1-1009_1-3.png,processed_images\D1-1009_1-3.png,R,47,mass,Benign,,2294,1914,
D1-1009,D1-1009_1-4.png,processed_images\D1-1009_1-4.png,R,47,mass,Benign,,2294,1914,
D1-1010,D1-1010_1-1.png,processed_images\D1-1010_1-1.png,L,41,mass,Benign,,2294,1914,
D1-1010,D1-1010_1-2.png,processed_images\D1-1010_1-2.png,L,41,mass,Benign,,2294,1914,
D1-1011,D1-1011_1-1.png,processed_images\D1-1011_1-1.png,R,32,mass,Benign,,2294,1914,
D1-1011,D1-1011_1-2.png,processed_images\D1-1011_1-2.png,R,32,mass,Benign,,2294,1914,
D1-1012,D1-1012_1-1.png,processed_images\D1-1012_1-1.png,R,45,mass,Benign,,2294,1914,
D1-1012,D1-1012_1-2.png,processed_images\D1-1012_1-2.png,R,45,mass,Benign,,2294,1914,
D1-1013,D1-1013_1-1.png,processed_images\D1-1013_1-1.png,R,64,mass,Benign,,2294,1914,
D1-1013,D1-1013_1-2.png,processed_images\D1-1013_1-2.png,R,64,mass,Benign,,2294,1914,
D1-1014,D1-1014_1-1.png,processed_images\D1-1014_1-1.png,L,42,mass,Benign,,2294,1914,
D1-1014,D1-1014_1-2.png,processed_images\D1-1014_1-2.png,L,42,mass,Benign,,2294,1914,
D1-1015,D1-1015_1-1.png,processed_images\D1-1015_1-1.png,L,41,mass,Benign,,2294,1914,
D1-1015,D1-1015_1-2.png,processed_images\D1-1015_1-2.png,L,41,mass,Benign,,2294,1914,
D1-1016,D1-1016_1-1.png,processed_images\D1-1016_1-1.png,R,31,mass,Benign,,2294,1914,
D1-1016,D1-1016_1-2.png,processed_images\D1-1016_1-2.png,R,31,mass,Benign,,2294,1914,
D1-1017,D1-1017_1-1.png,processed_images\D1-1017_1-1.png,R,43,mass,Benign,,2294,1914,
D1-1017,D1-1017_1-2.png,processed_images\D1-1017_1-2.png,R,43,mass,Benign,,2294,1914,
D1-1018,D1-1018_1-1.png,processed_images\D1-1018_1-1.png,L,58,mass,Benign,,2294,1914,
D1-1018,D1-1018_1-2.png,processed_images\D1-1018_1-2.png,L,58,mass,Benign,,2294,1914,
D1-1019,D1-1019_1-1.png,processed_images\D1-1019_1-1.png,L,61,mass,Benign,,2294,1914,
D1-1019,D1-1019_1-2.png,processed_images\D1-1019_1-2.png,L,61,mass,Benign,,2294,1914,
D1-1020,D1-1020_1-1.png,processed_images\D1-1020_1-1.png,L,48,mass,Benign,,2294,1914,
D1-1020,D1-1020_1-2.png,processed_images\D1-1020_1-2.png,L,48,mass,Benign,,2294,1914,
D1-1021,D1-1021_1-1.png,processed_images\D1-1021_1-1.png,R,37,mass,Benign,,2294,1914,
D1-1021,D1-1021_1-2.png,processed_images\D1-1021_1-2.png,R,37,mass,Benign,,2294,1914,
D1-1022,D1-1022_1-1.png,processed_images\D1-1022_1-1.png,R,38,mass,Benign,,2294,1914,
D1-1022,D1-1022_1-2.png,processed_images\D1-1022_1-2.png,R,38,mass,Benign,,2294,1914,
D1-1023,D1-1023_1-1.png,processed_images\D1-1023_1-1.png,L,47,mass,Benign,,2294,1914,
D1-1023,D1-1023_1-2.png,processed_images\D1-1023_1-2.png,L,47,mass,Benign,,2294,1914,
D1-1024,D1-1024_1-1.png,processed_images\D1-1024_1-1.png,R,47,mass,Benign,,2294,1914,
D1-1024,D1-1024_1-2.png,processed_images\D1-1024_1-2.png,R,47,mass,Benign,,2294,1914,
D1-1025,D1-1025_1-1.png,processed_images\D1-1025_1-1.png,R,32,mass,Benign,,2294,1914,
D1-1025,D1-1025_1-2.png,processed_images\D1-1025_1-2.png,R,32,mass,Benign,,2294,1914,
D1-1026,D1-1026_1-1.png,processed_images\D1-1026_1-1.png,L,46,mass,Benign,,2294,1914,
D1-1026,D1-1026_1-2.png,processed_images\D1-1026_1-2.png,L,46,mass,Benign,,2294,1914,
D1-1027,D1-1027_1-1.png,processed_images\D1-1027_1-1.png,R,40,mass,Benign,,2294,1914,
D1-1027,D1-1027_1-2.png,processed_images\D1-1027_1-2.png,R,40,mass,Benign,,2294,1914,
D1-1028,D1-1028_1-1.png,processed_images\D1-1028_1-1.png,L,45,mass,Benign,,2294,1914,
D1-1028,D1-1028_1-2.png,processed_images\D1-1028_1-2.png,L,45,mass,Benign,,2294,1914,
D1-1029,D1-1029_1-1.png,processed_images\D1-1029_1-1.png,L,19,mass,Benign,,2294,1914,
D1-1029,D1-1029_1-2.png,processed_images\D1-1029_1-2.png,L,19,mass,Benign,,2294,1914,
D1-1029,D1-1029_1-3.png,processed_images\D1-1029_1-3.png,R,19,mass,Benign,,2294,1914,
D1-1029,D1-1029_1-4.png,processed_images\D1-1029_1-4.png,R,19,mass,Benign,,2294,1914,
D1-1030,D1-1030_1-1.png,processed_images\D1-1030_1-1.png,L,38,mass,Benign,,2294,1914,
D1-1030,D1-1030_1-2.png,processed_images\D1-1030_1-2.png,L,38,mass,Benign,,2294,1914,
D1-1031,D1-1031_1-1.png,processed_images\D1-1031_1-1.png,R,49,mass,Benign,,2294,1914,
D1-1031,D1-1031_1-2.png,processed_images\D1-1031_1-2.png,R,49,mass,Benign,,2294,1914,
D1-1032,D1-1032_1-1.png,processed_images\D1-1032_1-1.png,R,49,mass,Benign,,2294,1914,
D1-1032,D1-1032_1-2.png,processed_images\D1-1032_1-2.png,R,49,mass,Benign,,2294,1914,
D1-1033,D1-1033_1-1.png,processed_images\D1-1033_1-1.png,L,45,mass,Benign,,2294,1914,
D1-1033,D1-1033_1-2.png,processed_images\D1-1033_1-2.png,L,45,mass,Benign,,2294,1914,
D1-1034,D1-1034_1-1.png,processed_images\D1-1034_1-1.png,R,54,mass,Benign,,2294,1914,
D1-1034,D1-1034_1-2.png,processed_images\D1-1034_1-2.png,R,54,mass,Benign,,2294,1914,
D1-1035,D1-1035_1-1.png,processed_images\D1-1035_1-1.png,L,50,mass,Benign,,2294,1914,
D1-1035,D1-1035_1-2.png,processed_images\D1-1035_1-2.png,L,50,mass,Benign,,2294,1914,
D1-1036,D1-1036_1-1.png,processed_images\D1-1036_1-1.png,L,37,mass,Benign,,2294,1914,
D1-1036,D1-1036_1-2.png,processed_images\D1-1036_1-2.png,L,37,mass,Benign,,2294,1914,
D1-1036,D1-1036_1-3.png,processed_images\D1-1036_1-3.png,R,37,mass,Benign,,2294,1914,
D1-1036,D1-1036_1-4.png,processed_images\D1-1036_1-4.png,R,37,mass,Benign,,2294,1914,
D1-1037,D1-1037_1-1.png,processed_images\D1-1037_1-1.png,L,49,mass,Benign,,2294,1914,
D1-1037,D1-1037_1-2.png,processed_images\D1-1037_1-2.png,L,49,mass,Benign,,2294,1914,
D1-1038,D1-1038_1-1.png,processed_images\D1-1038_1-1.png,R,33,mass,Benign,,2294,1914,
D1-1038,D1-1038_1-2.png,processed_images\D1-1038_1-2.png,R,33,mass,Benign,,2294,1914,
D1-1039,D1-1039_1-1.png,processed_images\D1-1039_1-1.png,L,43,mass,Benign,,2294,1914,
D1-1039,D1-1039_1-2.png,processed_images\D1-1039_1-2.png,L,43,mass,Benign,,2294,1914,
D1-1040,D1-1040_1-1.png,processed_images\D1-1040_1-1.png,R,41,mass,Benign,,2294,1914,
D1-1040,D1-1040_1-2.png,processed_images\D1-1040_1-2.png,R,41,mass,Benign,,2294,1914,
D1-1041,D1-1041_1-1.png,processed_images\D1-1041_1-1.png,L,49,mass,Benign,,2294,1914,
D1-1041,D1-1041_1-2.png,processed_images\D1-1041_1-2.png,L,49,mass,Benign,,2294,1914,
D1-1048,D1-1048_1-1.png,processed_images\D1-1048_1-1.png,R,41,mass,Benign,,2294,1914,
D1-1048,D1-1048_1-2.png,processed_images\D1-1048_1-2.png,R,41,mass,Benign,,2294,1914,
D1-1059,D1-1059_1-1.png,processed_images\D1-1059_1-1.png,L,47,mass,Benign,,2294,1914,
D1-1059,D1-1059_1-2.png,processed_images\D1-1059_1-2.png,L,47,mass,Benign,,2294,1914,
D1-1220,D1-1220_1-1.png,processed_images\D1-1220_1-1.png,L,34,mass,Benign,,2294,1914,
D1-1220,D1-1220_1-2.png,processed_images\D1-1220_1-2.png,L,34,mass,Benign,,2294,1914,
D1-1590,D1-1590_1-3.png,processed_images\D1-1590_1-3.png,R,48,mass,Benign,,2294,1914,
D1-1590,D1-1590_1-4.png,processed_images\D1-1590_1-4.png,R,48,mass,Benign,,2294,1914,
D1-1673,D1-1673_1-1.png,processed_images\D1-1673_1-1.png,L,47,mass,Benign,,2294,1914,
D1-1673,D1-1673_1-2.png,processed_images\D1-1673_1-2.png,L,47,mass,Benign,,2294,1914,
D2-0001,D2-0001_1-1.png,processed_images\D2-0001_1-1.png,L,64,calcification,Luminal B,,2294,1914,
D2-0001,D2-0001_1-2.png,processed_images\D2-0001_1-2.png,L,64,calcification,Luminal B,,2294,1914,
D2-0001,D2-0001_1-3.png,processed_images\D2-0001_1-3.png,L,64,calcification,Luminal B,,2294,1914,
D2-0001,D2-0001_1-4.png,processed_images\D2-0001_1-4.png,L,64,calcification,Luminal B,,2294,1914,
D2-0002,D2-0002_1-1.png,processed_images\D2-0002_1-1.png,R,69,calcification,Luminal B,,2294,1914,
D2-0002,D2-0002_1-2.png,processed_images\D2-0002_1-2.png,R,69,calcification,Luminal B,,2294,1914,
D2-0002,D2-0002_1-3.png,processed_images\D2-0002_1-3.png,R,69,calcification,Luminal B,,2294,1914,
D2-0002,D2-0002_1-4.png,processed_images\D2-0002_1-4.png,R,69,calcification,Luminal B,,2294,1914,
D2-0003,D2-0003_1-1.png,processed_images\D2-0003_1-1.png,L,44,calcification,Luminal B,,2294,1914,
D2-0003,D2-0003_1-2.png,processed_images\D2-0003_1-2.png,L,44,calcification,Luminal B,,2294,1914,
D2-0003,D2-0003_1-3.png,processed_images\D2-0003_1-3.png,L,44,calcification,Luminal B,,2294,1914,
D2-0003,D2-0003_1-4.png,processed_images\D2-0003_1-4.png,L,44,calcification,Luminal B,,2294,1914,
D2-0004,D2-0004_1-1.png,processed_images\D2-0004_1-1.png,L,38,calcification,Luminal B,,2294,1914,
D2-0004,D2-0004_1-2.png,processed_images\D2-0004_1-2.png,L,38,calcification,Luminal B,,2294,1914,
D2-0004,D2-0004_1-3.png,processed_images\D2-0004_1-3.png,L,38,calcification,Luminal B,,2294,1914,
D2-0004,D2-0004_1-4.png,processed_images\D2-0004_1-4.png,L,38,calcification,Luminal B,,2294,1914,
D2-0005,D2-0005_1-1.png,processed_images\D2-0005_1-1.png,R,41,calcification,HER2-enriched,,2294,1914,
D2-0005,D2-0005_1-2.png,processed_images\D2-0005_1-2.png,R,41,calcification,HER2-enriched,,2294,1914,
D2-0005,D2-0005_1-3.png,processed_images\D2-0005_1-3.png,R,41,calcification,HER2-enriched,,2294,1914,
D2-0005,D2-0005_1-4.png,processed_images\D2-0005_1-4.png,R,41,calcification,HER2-enriched,,2294,1914,
D2-0006,D2-0006_1-1.png,processed_images\D2-0006_1-1.png,R,33,calcification,Luminal B,,2294,1914,
D2-0006,D2-0006_1-2.png,processed_images\D2-0006_1-2.png,R,33,calcification,Luminal B,,2294,1914,
D2-0006,D2-0006_1-3.png,processed_images\D2-0006_1-3.png,R,33,calcification,Luminal B,,2294,1914,
D2-0006,D2-0006_1-4.png,processed_images\D2-0006_1-4.png,R,33,calcification,Luminal B,,2294,1914,
D2-0007,D2-0007_1-1.png,processed_images\D2-0007_1-1.png,R,41,calcification,Luminal A,,2294,1914,
D2-0007,D2-0007_1-2.png,processed_images\D2-0007_1-2.png,R,41,calcification,Luminal A,,2294,1914,
D2-0007,D2-0007_1-3.png,processed_images\D2-0007_1-3.png,R,41,calcification,Luminal A,,2294,1914,
D2-0007,D2-0007_1-4.png,processed_images\D2-0007_1-4.png,R,41,calcification,Luminal A,,2294,1914,
D2-0008,D2-0008_1-1.png,processed_images\D2-0008_1-1.png,R,35,calcification,Luminal B,,2294,1914,
D2-0008,D2-0008_1-2.png,processed_images\D2-0008_1-2.png,R,35,calcification,Luminal B,,2294,1914,
D2-0008,D2-0008_1-3.png,processed_images\D2-0008_1-3.png,R,35,calcification,Luminal B,,2294,1914,
D2-0008,D2-0008_1-4.png,processed_images\D2-0008_1-4.png,R,35,calcification,Luminal B,,2294,1914,
D2-0009,D2-0009_1-1.png,processed_images\D2-0009_1-1.png,R,35,calcification,Luminal A,,2294,1914,
D2-0009,D2-0009_1-2.png,processed_images\D2-0009_1-2.png,R,35,calcification,Luminal A,,2294,1914,
D2-0009,D2-0009_1-3.png,processed_images\D2-0009_1-3.png,R,35,calcification,Luminal A,,2294,1914,
D2-0009,D2-0009_1-4.png,processed_images\D2-0009_1-4.png,R,35,calcification,Luminal A,,2294,1914,
D2-0010,D2-0010_1-1.png,processed_images\D2-0010_1-1.png,R,44,calcification,Luminal A,,2294,1914,
D2-0010,D2-0010_1-2.png,processed_images\D2-0010_1-2.png,R,44,calcification,Luminal A,,2294,1914,
D2-0010,D2-0010_1-3.png,processed_images\D2-0010_1-3.png,R,44,calcification,Luminal A,,2294,1914,
D2-0010,D2-0010_1-4.png,processed_images\D2-0010_1-4.png,R,44,calcification,Luminal A,,2294,1914,
D2-0011,D2-0011_1-1.png,processed_images\D2-0011_1-1.png,R,31,calcification,Luminal A,,2294,1914,
D2-0011,D2-0011_1-2.png,processed_images\D2-0011_1-2.png,R,31,calcification,Luminal A,,2294,1914,
D2-0011,D2-0011_1-3.png,processed_images\D2-0011_1-3.png,R,31,calcification,Luminal A,,2294,1914,
D2-0011,D2-0011_1-4.png,processed_images\D2-0011_1-4.png,R,31,calcification,Luminal A,,2294,1914,
D2-0012,D2-0012_1-1.png,processed_images\D2-0012_1-1.png,L,32,calcification,HER2-enriched,,2294,1914,
D2-0012,D2-0012_1-2.png,processed_images\D2-0012_1-2.png,L,32,calcification,HER2-enriched,,2294,1914,
D2-0012,D2-0012_1-3.png,processed_images\D2-0012_1-3.png,L,32,calcification,HER2-enriched,,2294,1914,
D2-0012,D2-0012_1-4.png,processed_images\D2-0012_1-4.png,L,32,calcification,HER2-enriched,,2294,1914,
D2-0013,D2-0013_1-1.png,processed_images\D2-0013_1-1.png,L,57,calcification,triple negative,,2294,1914,
D2-0013,D2-0013_1-2.png,processed_images\D2-0013_1-2.png,L,57,calcification,triple negative,,2294,1914,
D2-0013,D2-0013_1-3.png,processed_images\D2-0013_1-3.png,L,57,calcification,triple negative,,2294,1914,
D2-0013,D2-0013_1-4.png,processed_images\D2-0013_1-4.png,L,57,calcification,triple negative,,2294,1914,
D2-0014,D2-0014_1-1.png,processed_images\D2-0014_1-1.png,L,48,calcification,Luminal B,,2294,1914,
D2-0014,D2-0014_1-2.png,processed_images\D2-0014_1-2.png,L,48,calcification,Luminal B,,2294,1914,
D2-0014,D2-0014_1-3.png,processed_images\D2-0014_1-3.png,L,48,calcification,Luminal B,,2294,1914,
D2-0014,D2-0014_1-4.png,processed_images\D2-0014_1-4.png,L,48,calcification,Luminal B,,2294,1914,
D2-0015,D2-0015_1-1.png,processed_images\D2-0015_1-1.png,L,38,calcification,Luminal B,,2294,1914,
D2-0015,D2-0015_1-2.png,processed_images\D2-0015_1-2.png,L,38,calcification,Luminal B,,2294,1914,
D2-0015,D2-0015_1-3.png,processed_images\D2-0015_1-3.png,L,38,calcification,Luminal B,,2294,1914,
D2-0015,D2-0015_1-4.png,processed_images\D2-0015_1-4.png,L,38,calcification,Luminal B,,2294,1914,
D2-0016,D2-0016_1-1.png,processed_images\D2-0016_1-1.png,L,47,calcification,Luminal A,,2294,1914,
D2-0016,D2-0016_1-2.png,processed_images\D2-0016_1-2.png,L,47,calcification,Luminal A,,2294,1914,
D2-0016,D2-0016_1-3.png,processed_images\D2-0016_1-3.png,L,47,calcification,Luminal A,,2294,1914,
D2-0016,D2-0016_1-4.png,processed_images\D2-0016_1-4.png,L,47,calcification,Luminal A,,2294,1914,
D2-0017,D2-0017_1-1.png,processed_images\D2-0017_1-1.png,R,49,calcification,HER2-enriched,,2294,1914,
D2-0017,D2-0017_1-2.png,processed_images\D2-0017_1-2.png,R,49,calcification,HER2-enriched,,2294,1914,
D2-0017,D2-0017_1-3.png,processed_images\D2-0017_1-3.png,R,49,calcification,HER2-enriched,,2294,1914,
D2-0017,D2-0017_1-4.png,processed_images\D2-0017_1-4.png,R,49,calcification,HER2-enriched,,2294,1914,
D2-0018,D2-0018_1-1.png,processed_images\D2-0018_1-1.png,L,47,calcification,Luminal A,,2294,1914,
D2-0018,D2-0018_1-2.png,processed_images\D2-0018_1-2.png,L,47,calcification,Luminal A,,2294,1914,
D2-0018,D2-0018_1-3.png,processed_images\D2-0018_1-3.png,L,47,calcification,Luminal A,,2294,1914,
D2-0018,D2-0018_1-4.png,processed_images\D2-0018_1-4.png,L,47,calcification,Luminal A,,2294,1914,
D2-0019,D2-0019_1-1.png,processed_images\D2-0019_1-1.png,L,44,calcification,Luminal B,,2294,1914,
D2-0019,D2-0019_1-2.png,processed_images\D2-0019_1-2.png,L,44,calcification,Luminal B,,2294,1914,
D2-0019,D2-0019_1-3.png,processed_images\D2-0019_1-3.png,L,44,calcification,Luminal B,,2294,1914,
D2-0019,D2-0019_1-4.png,processed_images\D2-0019_1-4.png,L,44,calcification,Luminal B,,2294,1914,
D2-0020,D2-0020_1-1.png,processed_images\D2-0020_1-1.png,R,46,calcification,HER2-enriched,,2294,1914,
D2-0020,D2-0020_1-2.png,processed_images\D2-0020_1-2.png,R,46,calcification,HER2-enriched,,2294,1914,
D2-0020,D2-0020_1-3.png,processed_images\D2-0020_1-3.png,R,46,calcification,HER2-enriched,,2294,1914,
D2-0020,D2-0020_1-4.png,processed_images\D2-0020_1-4.png,R,46,calcification,HER2-enriched,,2294,1914,
D2-0021,D2-0021_1-1.png,processed_images\D2-0021_1-1.png,L,45,calcification,Luminal A,,2294,1914,
D2-0021,D2-0021_1-2.png,processed_images\D2-0021_1-2.png,L,45,calcification,Luminal A,,2294,1914,
D2-0021,D2-0021_1-3.png,processed_images\D2-0021_1-3.png,L,45,calcification,Luminal A,,2294,1914,
D2-0021,D2-0021_1-4.png,processed_images\D2-0021_1-4.png,L,45,calcification,Luminal A,,2294,1914,
D2-0022,D2-0022_1-1.png,processed_images\D2-0022_1-1.png,R,52,calcification,HER2-enriched,,2294,1914,
D2-0022,D2-0022_1-2.png,processed_images\D2-0022_1-2.png,R,52,calcification,HER2-enriched,,2294,1914,
D2-0022,D2-0022_1-3.png,processed_images\D2-0022_1-3.png,R,52,calcification,HER2-enriched,,2294,1914,
D2-0022,D2-0022_1-4.png,processed_images\D2-0022_1-4.png,R,52,calcification,HER2-enriched,,2294,1914,
D2-0023,D2-0023_1-1.png,processed_images\D2-0023_1-1.png,L,41,calcification,triple negative,,2294,1914,
D2-0023,D2-0023_1-2.png,processed_images\D2-0023_1-2.png,L,41,calcification,triple negative,,2294,1914,
D2-0023,D2-0023_1-3.png,processed_images\D2-0023_1-3.png,L,41,calcification,triple negative,,2294,1914,
D2-0023,D2-0023_1-4.png,processed_images\D2-0023_1-4.png,L,41,calcification,triple negative,,2294,1914,
D2-0024,D2-0024_1-1.png,processed_images\D2-0024_1-1.png,L,41,calcification,HER2-enriched,,2294,1914,
D2-0024,D2-0024_1-2.png,processed_images\D2-0024_1-2.png,L,41,calcification,HER2-enriched,,2294,1914,
D2-0024,D2-0024_1-3.png,processed_images\D2-0024_1-3.png,L,41,calcification,HER2-enriched,,2294,1914,
D2-0024,D2-0024_1-4.png,processed_images\D2-0024_1-4.png,L,41,calcification,HER2-enriched,,2294,1914,
D2-0025,D2-0025_1-1.png,processed_images\D2-0025_1-1.png,L,54,calcification,HER2-enriched,,2294,1914,
D2-0025,D2-0025_1-2.png,processed_images\D2-0025_1-2.png,L,54,calcification,HER2-enriched,,2294,1914,
D2-0025,D2-0025_1-3.png,processed_images\D2-0025_1-3.png,L,54,calcification,HER2-enriched,,2294,1914,
D2-0025,D2-0025_1-4.png,processed_images\D2-0025_1-4.png,L,54,calcification,HER2-enriched,,2294,1914,
D2-0026,D2-0026_1-1.png,processed_images\D2-0026_1-1.png,L,46,calcification,Luminal B,,2294,1914,
D2-0026,D2-0026_1-2.png,processed_images\D2-0026_1-2.png,L,46,calcification,Luminal B,,2294,1914,
D2-0026,D2-0026_1-3.png,processed_images\D2-0026_1-3.png,R,46,calcification,Benign,,2294,1914,
D2-0026,D2-0026_1-4.png,processed_images\D2-0026_1-4.png,R,46,calcification,Benign,,2294,1914,
D2-0027,D2-0027_1-1.png,processed_images\D2-0027_1-1.png,R,41,calcification,Luminal A,,2294,1914,
D2-0027,D2-0027_1-2.png,processed_images\D2-0027_1-2.png,R,41,calcification,Luminal A,,2294,1914,
D2-0027,D2-0027_1-3.png,processed_images\D2-0027_1-3.png,R,41,calcification,Luminal A,,2294,1914,
D2-0027,D2-0027_1-4.png,processed_images\D2-0027_1-4.png,R,41,calcification,Luminal A,,2294,1914,
D2-0028,D2-0028_1-1.png,processed_images\D2-0028_1-1.png,L,44,calcification,Luminal B,,2294,1914,
D2-0028,D2-0028_1-2.png,processed_images\D2-0028_1-2.png,L,44,calcification,Luminal B,,2294,1914,
D2-0028,D2-0028_1-3.png,processed_images\D2-0028_1-3.png,R,44,calcification,Benign,,2294,1914,
D2-0028,D2-0028_1-4.png,processed_images\D2-0028_1-4.png,R,44,calcification,Benign,,2294,1914,
D2-0029,D2-0029_1-1.png,processed_images\D2-0029_1-1.png,R,32,calcification,Luminal B,,2294,1914,
D2-0029,D2-0029_1-2.png,processed_images\D2-0029_1-2.png,R,32,calcification,Luminal B,,2294,1914,
D2-0029,D2-0029_1-3.png,processed_images\D2-0029_1-3.png,R,32,calcification,Luminal B,,2294,1914,
D2-0029,D2-0029_1-4.png,processed_images\D2-0029_1-4.png,R,32,calcification,Luminal B,,2294,1914,
D2-0030,D2-0030_1-1.png,processed_images\D2-0030_1-1.png,R,43,calcification,HER2-enriched,,2294,1914,
D2-0030,D2-0030_1-2.png,processed_images\D2-0030_1-2.png,R,43,calcification,HER2-enriched,,2294,1914,
D2-0030,D2-0030_1-3.png,processed_images\D2-0030_1-3.png,R,43,calcification,HER2-enriched,,2294,1914,
D2-0030,D2-0030_1-4.png,processed_images\D2-0030_1-4.png,R,43,calcification,HER2-enriched,,2294,1914,
D2-0031,D2-0031_1-1.png,processed_images\D2-0031_1-1.png,R,41,calcification,Luminal A,,2294,1914,
D2-0031,D2-0031_1-2.png,processed_images\D2-0031_1-2.png,R,41,calcification,Luminal A,,2294,1914,
D2-0031,D2-0031_1-3.png,processed_images\D2-0031_1-3.png,R,41,calcification,Luminal A,,2294,1914,
D2-0031,D2-0031_1-4.png,processed_images\D2-0031_1-4.png,R,41,calcification,Luminal A,,2294,1914,
D2-0032,D2-0032_1-1.png,processed_images\D2-0032_1-1.png,R,35,calcification,Luminal B,,2294,1914,
D2-0032,D2-0032_1-2.png,processed_images\D2-0032_1-2.png,R,35,calcification,Luminal B,,2294,1914,
D2-0032,D2-0032_1-3.png,processed_images\D2-0032_1-3.png,R,35,calcification,Luminal B,,2294,1914,
D2-0032,D2-0032_1-4.png,processed_images\D2-0032_1-4.png,R,35,calcification,Luminal B,,2294,1914,
D2-0033,D2-0033_1-1.png,processed_images\D2-0033_1-1.png,L,35,calcification,HER2-enriched,,2294,1914,
D2-0033,D2-0033_1-2.png,processed_images\D2-0033_1-2.png,L,35,calcification,HER2-enriched,,2294,1914,
D2-0033,D2-0033_1-3.png,processed_images\D2-0033_1-3.png,L,35,calcification,HER2-enriched,,2294,1914,
D2-0033,D2-0033_1-4.png,processed_images\D2-0033_1-4.png,L,35,calcification,HER2-enriched,,2294,1914,
D2-0034,D2-0034_1-1.png,processed_images\D2-0034_1-1.png,L,67,calcification,Luminal B,,2294,1914,
D2-0034,D2-0034_1-2.png,processed_images\D2-0034_1-2.png,L,67,calcification,Luminal B,,2294,1914,
D2-0034,D2-0034_1-3.png,processed_images\D2-0034_1-3.png,L,67,calcification,Luminal B,,2294,1914,
D2-0034,D2-0034_1-4.png,processed_images\D2-0034_1-4.png,L,67,calcification,Luminal B,,2294,1914,
D2-0035,D2-0035_1-1.png,processed_images\D2-0035_1-1.png,R,32,calcification,HER2-enriched,,2294,1914,
D2-0035,D2-0035_1-2.png,processed_images\D2-0035_1-2.png,R,32,calcification,HER2-enriched,,2294,1914,
D2-0035,D2-0035_1-3.png,processed_images\D2-0035_1-3.png,R,32,calcification,HER2-enriched,,2294,1914,
D2-0035,D2-0035_1-4.png,processed_images\D2-0035_1-4.png,R,32,calcification,HER2-enriched,,2294,1914,
D2-0036,D2-0036_1-1.png,processed_images\D2-0036_1-1.png,R,48,calcification,HER2-enriched,,2294,1914,
D2-0036,D2-0036_1-2.png,processed_images\D2-0036_1-2.png,R,48,calcification,HER2-enriched,,2294,1914,
D2-0036,D2-0036_1-3.png,processed_images\D2-0036_1-3.png,R,48,calcification,HER2-enriched,,2294,1914,
D2-0036,D2-0036_1-4.png,processed_images\D2-0036_1-4.png,R,48,calcification,HER2-enriched,,2294,1914,
D2-0037,D2-0037_1-1.png,processed_images\D2-0037_1-1.png,L,61,calcification,HER2-enriched,,2294,1914,
D2-0037,D2-0037_1-2.png,processed_images\D2-0037_1-2.png,L,61,calcification,HER2-enriched,,2294,1914,
D2-0037,D2-0037_1-3.png,processed_images\D2-0037_1-3.png,L,61,calcification,HER2-enriched,,2294,1914,
D2-0037,D2-0037_1-4.png,processed_images\D2-0037_1-4.png,L,61,calcification,HER2-enriched,,2294,1914,
D2-0038,D2-0038_1-1.png,processed_images\D2-0038_1-1.png,L,61,calcification,HER2-enriched,,2294,1914,
D2-0038,D2-0038_1-2.png,processed_images\D2-0038_1-2.png,L,61,calcification,HER2-enriched,,2294,1914,
D2-0038,D2-0038_1-3.png,processed_images\D2-0038_1-3.png,L,61,calcification,HER2-enriched,,2294,1914,
D2-0038,D2-0038_1-4.png,processed_images\D2-0038_1-4.png,L,61,calcification,HER2-enriched,,2294,1914,
D2-0039,D2-0039_1-1.png,processed_images\D2-0039_1-1.png,R,44,calcification,Luminal B,,2294,1914,
D2-0039,D2-0039_1-2.png,processed_images\D2-0039_1-2.png,R,44,calcification,Luminal B,,2294,1914,
D2-0039,D2-0039_1-3.png,processed_images\D2-0039_1-3.png,R,44,calcification,Luminal B,,2294,1914,
D2-0039,D2-0039_1-4.png,processed_images\D2-0039_1-4.png,R,44,calcification,Luminal B,,2294,1914,
D2-0040,D2-0040_1-1.png,processed_images\D2-0040_1-1.png,L,28,calcification,Luminal A,,2294,1914,
D2-0040,D2-0040_1-2.png,processed_images\D2-0040_1-2.png,L,28,calcification,Luminal A,,2294,1914,
D2-0040,D2-0040_1-3.png,processed_images\D2-0040_1-3.png,L,28,calcification,Luminal A,,2294,1914,
D2-0040,D2-0040_1-4.png,processed_images\D2-0040_1-4.png,L,28,calcification,Luminal A,,2294,1914,
D2-0041,D2-0041_1-1.png,processed_images\D2-0041_1-1.png,R,40,calcification,triple negative,,2294,1914,
D2-0041,D2-0041_1-2.png,processed_images\D2-0041_1-2.png,R,40,calcification,triple negative,,2294,1914,
D2-0041,D2-0041_1-3.png,processed_images\D2-0041_1-3.png,R,40,calcification,triple negative,,2294,1914,
D2-0041,D2-0041_1-4.png,processed_images\D2-0041_1-4.png,R,40,calcification,triple negative,,2294,1914,
D2-0042,D2-0042_1-1.png,processed_images\D2-0042_1-1.png,L,40,calcification,Luminal A,,2294,1914,
D2-0042,D2-0042_1-2.png,processed_images\D2-0042_1-2.png,L,40,calcification,Luminal A,,2294,1914,
D2-0042,D2-0042_1-3.png,processed_images\D2-0042_1-3.png,L,40,calcification,Luminal A,,2294,1914,
D2-0042,D2-0042_1-4.png,processed_images\D2-0042_1-4.png,L,40,calcification,Luminal A,,2294,1914,
D2-0043,D2-0043_1-1.png,processed_images\D2-0043_1-1.png,L,46,calcification,Luminal A,,2294,1914,
D2-0043,D2-0043_1-2.png,processed_images\D2-0043_1-2.png,L,46,calcification,Luminal A,,2294,1914,
D2-0043,D2-0043_1-3.png,processed_images\D2-0043_1-3.png,L,46,calcification,Luminal A,,2294,1914,
D2-0043,D2-0043_1-4.png,processed_images\D2-0043_1-4.png,L,46,calcification,Luminal A,,2294,1914,
D2-0044,D2-0044_1-1.png,processed_images\D2-0044_1-1.png,L,31,calcification,Luminal A,,2294,1914,
D2-0044,D2-0044_1-2.png,processed_images\D2-0044_1-2.png,L,31,calcification,Luminal A,,2294,1914,
D2-0044,D2-0044_1-3.png,processed_images\D2-0044_1-3.png,L,31,calcification,Luminal A,,2294,1914,
D2-0044,D2-0044_1-4.png,processed_images\D2-0044_1-4.png,L,31,calcification,Luminal A,,2294,1914,
D2-0045,D2-0045_1-1.png,processed_images\D2-0045_1-1.png,L,40,calcification,Luminal B,,2294,1914,
D2-0045,D2-0045_1-2.png,processed_images\D2-0045_1-2.png,L,40,calcification,Luminal B,,2294,1914,
D2-0045,D2-0045_1-3.png,processed_images\D2-0045_1-3.png,L,40,calcification,Luminal B,,2294,1914,
D2-0045,D2-0045_1-4.png,processed_images\D2-0045_1-4.png,L,40,calcification,Luminal B,,2294,1914,
D2-0046,D2-0046_1-1.png,processed_images\D2-0046_1-1.png,L,47,calcification,HER2-enriched,,2294,1914,
D2-0046,D2-0046_1-2.png,processed_images\D2-0046_1-2.png,L,47,calcification,HER2-enriched,,2294,1914,
D2-0046,D2-0046_1-3.png,processed_images\D2-0046_1-3.png,L,47,calcification,HER2-enriched,,2294,1914,
D2-0046,D2-0046_1-4.png,processed_images\D2-0046_1-4.png,L,47,calcification,HER2-enriched,,2294,1914,
D2-0047,D2-0047_1-1.png,processed_images\D2-0047_1-1.png,R,35,calcification,triple negative,,2294,1914,
D2-0047,D2-0047_1-2.png,processed_images\D2-0047_1-2.png,R,35,calcification,triple negative,,2294,1914,
D2-0047,D2-0047_1-3.png,processed_images\D2-0047_1-3.png,R,35,calcification,triple negative,,2294,1914,
D2-0047,D2-0047_1-4.png,processed_images\D2-0047_1-4.png,R,35,calcification,triple negative,,2294,1914,
D2-0048,D2-0048_1-1.png,processed_images\D2-0048_1-1.png,L,54,calcification,HER2-enriched,,2294,1914,
D2-0048,D2-0048_1-2.png,processed_images\D2-0048_1-2.png,L,54,calcification,HER2-enriched,,2294,1914,
D2-0048,D2-0048_1-3.png,processed_images\D2-0048_1-3.png,L,54,calcification,HER2-enriched,,2294,1914,
D2-0048,D2-0048_1-4.png,processed_images\D2-0048_1-4.png,L,54,calcification,HER2-enriched,,2294,1914,
D2-0049,D2-0049_1-1.png,processed_images\D2-0049_1-1.png,R,55,calcification,Luminal B,,2294,1914,
D2-0049,D2-0049_1-2.png,processed_images\D2-0049_1-2.png,R,55,calcification,Luminal B,,2294,1914,
D2-0049,D2-0049_1-3.png,processed_images\D2-0049_1-3.png,R,55,calcification,Luminal B,,2294,1914,
D2-0049,D2-0049_1-4.png,processed_images\D2-0049_1-4.png,R,55,calcification,Luminal B,,2294,1914,
D2-0050,D2-0050_1-1.png,processed_images\D2-0050_1-1.png,R,33,calcification,HER2-enriched,,2294,1914,
D2-0050,D2-0050_1-2.png,processed_images\D2-0050_1-2.png,R,33,calcification,HER2-enriched,,2294,1914,
D2-0050,D2-0050_1-3.png,processed_images\D2-0050_1-3.png,R,33,calcification,HER2-enriched,,2294,1914,
D2-0050,D2-0050_1-4.png,processed_images\D2-0050_1-4.png,R,33,calcification,HER2-enriched,,2294,1914,
D2-0051,D2-0051_1-1.png,processed_images\D2-0051_1-1.png,L,60,calcification,Luminal A,,2294,1914,
D2-0051,D2-0051_1-2.png,processed_images\D2-0051_1-2.png,L,60,calcification,Luminal A,,2294,1914,
D2-0051,D2-0051_1-3.png,processed_images\D2-0051_1-3.png,L,60,calcification,Luminal A,,2294,1914,
D2-0051,D2-0051_1-4.png,processed_images\D2-0051_1-4.png,L,60,calcification,Luminal A,,2294,1914,
D2-0052,D2-0052_1-1.png,processed_images\D2-0052_1-1.png,L,57,calcification,Luminal B,,2294,1914,
D2-0052,D2-0052_1-2.png,processed_images\D2-0052_1-2.png,L,57,calcification,Luminal B,,2294,1914,
D2-0052,D2-0052_1-3.png,processed_images\D2-0052_1-3.png,L,57,calcification,Luminal B,,2294,1914,
D2-0052,D2-0052_1-4.png,processed_images\D2-0052_1-4.png,L,57,calcification,Luminal B,,2294,1914,
D2-0053,D2-0053_1-1.png,processed_images\D2-0053_1-1.png,R,46,calcification,Luminal A,,2294,1914,
D2-0053,D2-0053_1-2.png,processed_images\D2-0053_1-2.png,R,46,calcification,Luminal A,,2294,1914,
D2-0053,D2-0053_1-3.png,processed_images\D2-0053_1-3.png,R,46,calcification,Luminal A,,2294,1914,
D2-0053,D2-0053_1-4.png,processed_images\D2-0053_1-4.png,R,46,calcification,Luminal A,,2294,1914,
D2-0054,D2-0054_1-1.png,processed_images\D2-0054_1-1.png,L,47,calcification,HER2-enriched,,2294,1914,
D2-0054,D2-0054_1-2.png,processed_images\D2-0054_1-2.png,L,47,calcification,HER2-enriched,,2294,1914,
D2-0054,D2-0054_1-3.png,processed_images\D2-0054_1-3.png,L,47,calcification,HER2-enriched,,2294,1914,
D2-0054,D2-0054_1-4.png,processed_images\D2-0054_1-4.png,L,47,calcification,HER2-enriched,,2294,1914,
D2-0055,D2-0055_1-1.png,processed_images\D2-0055_1-1.png,R,50,calcification,Luminal B,,2294,1914,
D2-0055,D2-0055_1-2.png,processed_images\D2-0055_1-2.png,R,50,calcification,Luminal B,,2294,1914,
D2-0055,D2-0055_1-3.png,processed_images\D2-0055_1-3.png,R,50,calcification,Luminal B,,2294,1914,
D2-0055,D2-0055_1-4.png,processed_images\D2-0055_1-4.png,R,50,calcification,Luminal B,,2294,1914,
D2-0056,D2-0056_1-1.png,processed_images\D2-0056_1-1.png,R,55,calcification,Luminal B,,2294,1914,
D2-0056,D2-0056_1-2.png,processed_images\D2-0056_1-2.png,R,55,calcification,Luminal B,,2294,1914,
D2-0056,D2-0056_1-3.png,processed_images\D2-0056_1-3.png,R,55,calcification,Luminal B,,2294,1914,
D2-0056,D2-0056_1-4.png,processed_images\D2-0056_1-4.png,R,55,calcification,Luminal B,,2294,1914,
D2-0057,D2-0057_1-1.png,processed_images\D2-0057_1-1.png,R,51,calcification,Luminal B,,2294,1914,
D2-0057,D2-0057_1-2.png,processed_images\D2-0057_1-2.png,R,51,calcification,Luminal B,,2294,1914,
D2-0057,D2-0057_1-3.png,processed_images\D2-0057_1-3.png,R,51,calcification,Luminal B,,2294,1914,
D2-0057,D2-0057_1-4.png,processed_images\D2-0057_1-4.png,R,51,calcification,Luminal B,,2294,1914,
D2-0058,D2-0058_1-1.png,processed_images\D2-0058_1-1.png,L,43,calcification,Luminal B,,2294,1914,
D2-0058,D2-0058_1-2.png,processed_images\D2-0058_1-2.png,L,43,calcification,Luminal B,,2294,1914,
D2-0058,D2-0058_1-3.png,processed_images\D2-0058_1-3.png,L,43,calcification,Luminal B,,2294,1914,
D2-0058,D2-0058_1-4.png,processed_images\D2-0058_1-4.png,L,43,calcification,Luminal B,,2294,1914,
D2-0059,D2-0059_1-1.png,processed_images\D2-0059_1-1.png,R,25,calcification,Luminal A,,2294,1914,
D2-0059,D2-0059_1-2.png,processed_images\D2-0059_1-2.png,R,25,calcification,Luminal A,,2294,1914,
D2-0059,D2-0059_1-3.png,processed_images\D2-0059_1-3.png,R,25,calcification,Luminal A,,2294,1914,
D2-0059,D2-0059_1-4.png,processed_images\D2-0059_1-4.png,R,25,calcification,Luminal A,,2294,1914,
D2-0060,D2-0060_1-1.png,processed_images\D2-0060_1-1.png,L,60,calcification,Luminal A,,2294,1914,
D2-0060,D2-0060_1-2.png,processed_images\D2-0060_1-2.png,L,60,calcification,Luminal A,,2294,1914,
D2-0060,D2-0060_1-3.png,processed_images\D2-0060_1-3.png,L,60,calcification,Luminal A,,2294,1914,
D2-0060,D2-0060_1-4.png,processed_images\D2-0060_1-4.png,L,60,calcification,Luminal A,,2294,1914,
D2-0061,D2-0061_1-1.png,processed_images\D2-0061_1-1.png,R,38,calcification,HER2-enriched,,2294,1914,
D2-0061,D2-0061_1-2.png,processed_images\D2-0061_1-2.png,R,38,calcification,HER2-enriched,,2294,1914,
D2-0061,D2-0061_1-3.png,processed_images\D2-0061_1-3.png,R,38,calcification,HER2-enriched,,2294,1914,
D2-0061,D2-0061_1-4.png,processed_images\D2-0061_1-4.png,R,38,calcification,HER2-enriched,,2294,1914,
D2-0062,D2-0062_1-1.png,processed_images\D2-0062_1-1.png,R,49,calcification,Luminal B,,2294,1914,
D2-0062,D2-0062_1-2.png,processed_images\D2-0062_1-2.png,R,49,calcification,Luminal B,,2294,1914,
D2-0062,D2-0062_1-3.png,processed_images\D2-0062_1-3.png,R,49,calcification,Luminal B,,2294,1914,
D2-0062,D2-0062_1-4.png,processed_images\D2-0062_1-4.png,R,49,calcification,Luminal B,,2294,1914,
D2-0063,D2-0063_1-1.png,processed_images\D2-0063_1-1.png,R,33,calcification,Luminal B,,2294,1914,
D2-0063,D2-0063_1-2.png,processed_images\D2-0063_1-2.png,R,33,calcification,Luminal B,,2294,1914,
D2-0063,D2-0063_1-3.png,processed_images\D2-0063_1-3.png,R,33,calcification,Luminal B,,2294,1914,
D2-0063,D2-0063_1-4.png,processed_images\D2-0063_1-4.png,R,33,calcification,Luminal B,,2294,1914,
D2-0064,D2-0064_1-1.png,processed_images\D2-0064_1-1.png,L,53,calcification,Luminal B,,2294,1914,
D2-0064,D2-0064_1-2.png,processed_images\D2-0064_1-2.png,L,53,calcification,Luminal B,,2294,1914,
D2-0064,D2-0064_1-3.png,processed_images\D2-0064_1-3.png,L,53,calcification,Luminal B,,2294,1914,
D2-0064,D2-0064_1-4.png,processed_images\D2-0064_1-4.png,L,53,calcification,Luminal B,,2294,1914,
D2-0065,D2-0065_1-1.png,processed_images\D2-0065_1-1.png,L,46,calcification,HER2-enriched,,2294,1914,
D2-0065,D2-0065_1-2.png,processed_images\D2-0065_1-2.png,L,46,calcification,HER2-enriched,,2294,1914,
D2-0065,D2-0065_1-3.png,processed_images\D2-0065_1-3.png,L,46,calcification,HER2-enriched,,2294,1914,
D2-0065,D2-0065_1-4.png,processed_images\D2-0065_1-4.png,L,46,calcification,HER2-enriched,,2294,1914,
D2-0066,D2-0066_1-1.png,processed_images\D2-0066_1-1.png,L,57,calcification,Luminal B,,2294,1914,
D2-0066,D2-0066_1-2.png,processed_images\D2-0066_1-2.png,L,57,calcification,Luminal B,,2294,1914,
D2-0066,D2-0066_1-3.png,processed_images\D2-0066_1-3.png,L,57,calcification,Luminal B,,2294,1914,
D2-0066,D2-0066_1-4.png,processed_images\D2-0066_1-4.png,L,57,calcification,Luminal B,,2294,1914,
D2-0067,D2-0067_1-1.png,processed_images\D2-0067_1-1.png,R,34,calcification,HER2-enriched,,2294,1914,
D2-0067,D2-0067_1-2.png,processed_images\D2-0067_1-2.png,R,34,calcification,HER2-enriched,,2294,1914,
D2-0067,D2-0067_1-3.png,processed_images\D2-0067_1-3.png,R,34,calcification,HER2-enriched,,2294,1914,
D2-0067,D2-0067_1-4.png,processed_images\D2-0067_1-4.png,R,34,calcification,HER2-enriched,,2294,1914,
D2-0068,D2-0068_1-1.png,processed_images\D2-0068_1-1.png,L,50,calcification,triple negative,,2294,1914,
D2-0068,D2-0068_1-2.png,processed_images\D2-0068_1-2.png,L,50,calcification,triple negative,,2294,1914,
D2-0068,D2-0068_1-3.png,processed_images\D2-0068_1-3.png,L,50,calcification,triple negative,,2294,1914,
D2-0068,D2-0068_1-4.png,processed_images\D2-0068_1-4.png,L,50,calcification,triple negative,,2294,1914,
D2-0069,D2-0069_1-1.png,processed_images\D2-0069_1-1.png,R,39,calcification,HER2-enriched,,2294,1914,
D2-0069,D2-0069_1-2.png,processed_images\D2-0069_1-2.png,R,39,calcification,HER2-enriched,,2294,1914,
D2-0069,D2-0069_1-3.png,processed_images\D2-0069_1-3.png,R,39,calcification,HER2-enriched,,2294,1914,
D2-0069,D2-0069_1-4.png,processed_images\D2-0069_1-4.png,R,39,calcification,HER2-enriched,,2294,1914,
D2-0070,D2-0070_1-1.png,processed_images\D2-0070_1-1.png,R,40,calcification,HER2-enriched,,2294,1914,
D2-0070,D2-0070_1-2.png,processed_images\D2-0070_1-2.png,R,40,calcification,HER2-enriched,,2294,1914,
D2-0070,D2-0070_1-3.png,processed_images\D2-0070_1-3.png,R,40,calcification,HER2-enriched,,2294,1914,
D2-0070,D2-0070_1-4.png,processed_images\D2-0070_1-4.png,R,40,calcification,HER2-enriched,,2294,1914,
D2-0071,D2-0071_1-1.png,processed_images\D2-0071_1-1.png,R,38,calcification,Luminal B,,2294,1914,
D2-0071,D2-0071_1-2.png,processed_images\D2-0071_1-2.png,R,38,calcification,Luminal B,,2294,1914,
D2-0071,D2-0071_1-3.png,processed_images\D2-0071_1-3.png,R,38,calcification,Luminal B,,2294,1914,
D2-0071,D2-0071_1-4.png,processed_images\D2-0071_1-4.png,R,38,calcification,Luminal B,,2294,1914,
D2-0072,D2-0072_1-1.png,processed_images\D2-0072_1-1.png,L,40,calcification,triple negative,,2294,1914,
D2-0072,D2-0072_1-2.png,processed_images\D2-0072_1-2.png,L,40,calcification,triple negative,,2294,1914,
D2-0072,D2-0072_1-3.png,processed_images\D2-0072_1-3.png,R,40,calcification,Benign,,2294,1914,
D2-0072,D2-0072_1-4.png,processed_images\D2-0072_1-4.png,R,40,calcification,Benign,,2294,1914,
D2-0073,D2-0073_1-1.png,processed_images\D2-0073_1-1.png,L,58,calcification,HER2-enriched,,2294,1914,
D2-0073,D2-0073_1-2.png,processed_images\D2-0073_1-2.png,L,58,calcification,HER2-enriched,,2294,1914,
D2-0073,D2-0073_1-3.png,processed_images\D2-0073_1-3.png,L,58,calcification,HER2-enriched,,2294,1914,
D2-0073,D2-0073_1-4.png,processed_images\D2-0073_1-4.png,L,58,calcification,HER2-enriched,,2294,1914,
D2-0074,D2-0074_1-1.png,processed_images\D2-0074_1-1.png,L,53,calcification,Luminal B,,2294,1914,
D2-0074,D2-0074_1-2.png,processed_images\D2-0074_1-2.png,L,53,calcification,Luminal B,,2294,1914,
D2-0074,D2-0074_1-3.png,processed_images\D2-0074_1-3.png,L,53,calcification,Luminal B,,2294,1914,
D2-0074,D2-0074_1-4.png,processed_images\D2-0074_1-4.png,L,53,calcification,Luminal B,,2294,1914,
D2-0075,D2-0075_1-1.png,processed_images\D2-0075_1-1.png,L,33,calcification,Luminal B,,2294,1914,
D2-0075,D2-0075_1-2.png,processed_images\D2-0075_1-2.png,L,33,calcification,Luminal B,,2294,1914,
D2-0075,D2-0075_1-3.png,processed_images\D2-0075_1-3.png,L,33,calcification,Luminal B,,2294,1914,
D2-0075,D2-0075_1-4.png,processed_images\D2-0075_1-4.png,L,33,calcification,Luminal B,,2294,1914,
D2-0076,D2-0076_1-1.png,processed_images\D2-0076_1-1.png,L,39,calcification,Luminal B,,2294,1914,
D2-0076,D2-0076_1-2.png,processed_images\D2-0076_1-2.png,L,39,calcification,Luminal B,,2294,1914,
D2-0076,D2-0076_1-3.png,processed_images\D2-0076_1-3.png,L,39,calcification,Luminal B,,2294,1914,
D2-0076,D2-0076_1-4.png,processed_images\D2-0076_1-4.png,L,39,calcification,Luminal B,,2294,1914,
D2-0077,D2-0077_1-1.png,processed_images\D2-0077_1-1.png,R,46,calcification,Luminal B,,2294,1914,
D2-0077,D2-0077_1-2.png,processed_images\D2-0077_1-2.png,R,46,calcification,Luminal B,,2294,1914,
D2-0077,D2-0077_1-3.png,processed_images\D2-0077_1-3.png,R,46,calcification,Luminal B,,2294,1914,
D2-0077,D2-0077_1-4.png,processed_images\D2-0077_1-4.png,R,46,calcification,Luminal B,,2294,1914,
D2-0078,D2-0078_1-1.png,processed_images\D2-0078_1-1.png,R,60,calcification,Luminal B,,2294,1914,
D2-0078,D2-0078_1-2.png,processed_images\D2-0078_1-2.png,R,60,calcification,Luminal B,,2294,1914,
D2-0078,D2-0078_1-3.png,processed_images\D2-0078_1-3.png,R,60,calcification,Luminal B,,2294,1914,
D2-0078,D2-0078_1-4.png,processed_images\D2-0078_1-4.png,R,60,calcification,Luminal B,,2294,1914,
D2-0079,D2-0079_1-1.png,processed_images\D2-0079_1-1.png,R,50,calcification,HER2-enriched,,2294,1914,
D2-0079,D2-0079_1-2.png,processed_images\D2-0079_1-2.png,R,50,calcification,HER2-enriched,,2294,1914,
D2-0079,D2-0079_1-3.png,processed_images\D2-0079_1-3.png,R,50,calcification,HER2-enriched,,2294,1914,
D2-0079,D2-0079_1-4.png,processed_images\D2-0079_1-4.png,R,50,calcification,HER2-enriched,,2294,1914,
D2-0080,D2-0080_1-1.png,processed_images\D2-0080_1-1.png,L,47,calcification,Luminal B,,2294,1914,
D2-0080,D2-0080_1-2.png,processed_images\D2-0080_1-2.png,L,47,calcification,Luminal B,,2294,1914,
D2-0080,D2-0080_1-3.png,processed_images\D2-0080_1-3.png,R,47,calcification,Benign,,2294,1914,
D2-0080,D2-0080_1-4.png,processed_images\D2-0080_1-4.png,R,47,calcification,Benign,,2294,1914,
D2-0081,D2-0081_1-1.png,processed_images\D2-0081_1-1.png,L,52,calcification,HER2-enriched,,2294,1914,
D2-0081,D2-0081_1-2.png,processed_images\D2-0081_1-2.png,L,52,calcification,HER2-enriched,,2294,1914,
D2-0081,D2-0081_1-3.png,processed_images\D2-0081_1-3.png,L,52,calcification,HER2-enriched,,2294,1914,
D2-0081,D2-0081_1-4.png,processed_images\D2-0081_1-4.png,L,52,calcification,HER2-enriched,,2294,1914,
D2-0082,D2-0082_1-1.png,processed_images\D2-0082_1-1.png,R,52,calcification,Luminal B,,2294,1914,
D2-0082,D2-0082_1-2.png,processed_images\D2-0082_1-2.png,R,52,calcification,Luminal B,,2294,1914,
D2-0082,D2-0082_1-3.png,processed_images\D2-0082_1-3.png,R,52,calcification,Luminal B,,2294,1914,
D2-0082,D2-0082_1-4.png,processed_images\D2-0082_1-4.png,R,52,calcification,Luminal B,,2294,1914,
D2-0083,D2-0083_1-1.png,processed_images\D2-0083_1-1.png,R,56,calcification,HER2-enriched,,2294,1914,
D2-0083,D2-0083_1-2.png,processed_images\D2-0083_1-2.png,R,56,calcification,HER2-enriched,,2294,1914,
D2-0083,D2-0083_1-3.png,processed_images\D2-0083_1-3.png,R,56,calcification,HER2-enriched,,2294,1914,
D2-0083,D2-0083_1-4.png,processed_images\D2-0083_1-4.png,R,56,calcification,HER2-enriched,,2294,1914,
D2-0084,D2-0084_1-1.png,processed_images\D2-0084_1-1.png,L,54,calcification,HER2-enriched,,2294,1914,
D2-0084,D2-0084_1-2.png,processed_images\D2-0084_1-2.png,L,54,calcification,HER2-enriched,,2294,1914,
D2-0084,D2-0084_1-3.png,processed_images\D2-0084_1-3.png,L,54,calcification,HER2-enriched,,2294,1914,
D2-0084,D2-0084_1-4.png,processed_images\D2-0084_1-4.png,L,54,calcification,HER2-enriched,,2294,1914,
D2-0085,D2-0085_1-1.png,processed_images\D2-0085_1-1.png,L,44,calcification,HER2-enriched,,2294,1914,
D2-0085,D2-0085_1-2.png,processed_images\D2-0085_1-2.png,L,44,calcification,HER2-enriched,,2294,1914,
D2-0085,D2-0085_1-3.png,processed_images\D2-0085_1-3.png,L,44,calcification,HER2-enriched,,2294,1914,
D2-0085,D2-0085_1-4.png,processed_images\D2-0085_1-4.png,L,44,calcification,HER2-enriched,,2294,1914,
D2-0086,D2-0086_1-1.png,processed_images\D2-0086_1-1.png,L,46,calcification,HER2-enriched,,2294,1914,
D2-0086,D2-0086_1-2.png,processed_images\D2-0086_1-2.png,L,46,calcification,HER2-enriched,,2294,1914,
D2-0086,D2-0086_1-3.png,processed_images\D2-0086_1-3.png,L,46,calcification,HER2-enriched,,2294,1914,
D2-0086,D2-0086_1-4.png,processed_images\D2-0086_1-4.png,L,46,calcification,HER2-enriched,,2294,1914,
D2-0087,D2-0087_1-1.png,processed_images\D2-0087_1-1.png,L,45,calcification,Luminal B,,2294,1914,
D2-0087,D2-0087_1-2.png,processed_images\D2-0087_1-2.png,L,45,calcification,Luminal B,,2294,1914,
D2-0087,D2-0087_1-3.png,processed_images\D2-0087_1-3.png,L,45,calcification,Luminal B,,2294,1914,
D2-0087,D2-0087_1-4.png,processed_images\D2-0087_1-4.png,L,45,calcification,Luminal B,,2294,1914,
D2-0088,D2-0088_1-1.png,processed_images\D2-0088_1-1.png,L,58,calcification,Luminal B,,2294,1914,
D2-0088,D2-0088_1-2.png,processed_images\D2-0088_1-2.png,L,58,calcification,Luminal B,,2294,1914,
D2-0088,D2-0088_1-3.png,processed_images\D2-0088_1-3.png,L,58,calcification,Luminal B,,2294,1914,
D2-0088,D2-0088_1-4.png,processed_images\D2-0088_1-4.png,L,58,calcification,Luminal B,,2294,1914,
D2-0089,D2-0089_1-1.png,processed_images\D2-0089_1-1.png,R,36,calcification,Luminal B,,2294,1914,
D2-0089,D2-0089_1-2.png,processed_images\D2-0089_1-2.png,R,36,calcification,Luminal B,,2294,1914,
D2-0089,D2-0089_1-3.png,processed_images\D2-0089_1-3.png,R,36,calcification,Luminal B,,2294,1914,
D2-0089,D2-0089_1-4.png,processed_images\D2-0089_1-4.png,R,36,calcification,Luminal B,,2294,1914,
D2-0090,D2-0090_1-1.png,processed_images\D2-0090_1-1.png,L,60,calcification,Benign,,2294,1914,
D2-0090,D2-0090_1-2.png,processed_images\D2-0090_1-2.png,L,60,calcification,Benign,,2294,1914,
D2-0090,D2-0090_1-3.png,processed_images\D2-0090_1-3.png,R,60,calcification,HER2-enriched,,2294,1914,
D2-0090,D2-0090_1-4.png,processed_images\D2-0090_1-4.png,R,60,calcification,HER2-enriched,,2294,1914,
D2-0091,D2-0091_1-1.png,processed_images\D2-0091_1-1.png,R,35,calcification,HER2-enriched,,2294,1914,
D2-0091,D2-0091_1-2.png,processed_images\D2-0091_1-2.png,R,35,calcification,HER2-enriched,,2294,1914,
D2-0091,D2-0091_1-3.png,processed_images\D2-0091_1-3.png,R,35,calcification,HER2-enriched,,2294,1914,
D2-0091,D2-0091_1-4.png,processed_images\D2-0091_1-4.png,R,35,calcification,HER2-enriched,,2294,1914,
D2-0092,D2-0092_1-1.png,processed_images\D2-0092_1-1.png,L,46,calcification,Benign,,2294,1914,
D2-0092,D2-0092_1-2.png,processed_images\D2-0092_1-2.png,L,46,calcification,Benign,,2294,1914,
D2-0092,D2-0092_1-3.png,processed_images\D2-0092_1-3.png,R,46,calcification,Luminal B,,2294,1914,
D2-0092,D2-0092_1-4.png,processed_images\D2-0092_1-4.png,R,46,calcification,Luminal B,,2294,1914,
D2-0093,D2-0093_1-1.png,processed_images\D2-0093_1-1.png,R,31,calcification,Luminal A,,2294,1914,
D2-0093,D2-0093_1-2.png,processed_images\D2-0093_1-2.png,R,31,calcification,Luminal A,,2294,1914,
D2-0093,D2-0093_1-3.png,processed_images\D2-0093_1-3.png,R,31,calcification,Luminal A,,2294,1914,
D2-0093,D2-0093_1-4.png,processed_images\D2-0093_1-4.png,R,31,calcification,Luminal A,,2294,1914,
D2-0094,D2-0094_1-1.png,processed_images\D2-0094_1-1.png,R,47,calcification,Luminal B,,2294,1914,
D2-0094,D2-0094_1-2.png,processed_images\D2-0094_1-2.png,R,47,calcification,Luminal B,,2294,1914,
D2-0094,D2-0094_1-3.png,processed_images\D2-0094_1-3.png,R,47,calcification,Luminal B,,2294,1914,
D2-0094,D2-0094_1-4.png,processed_images\D2-0094_1-4.png,R,47,calcification,Luminal B,,2294,1914,
D2-0095,D2-0095_1-1.png,processed_images\D2-0095_1-1.png,L,37,calcification,Luminal B,,2294,1914,
D2-0095,D2-0095_1-2.png,processed_images\D2-0095_1-2.png,L,37,calcification,Luminal B,,2294,1914,
D2-0095,D2-0095_1-3.png,processed_images\D2-0095_1-3.png,L,37,calcification,Luminal B,,2294,1914,
D2-0095,D2-0095_1-4.png,processed_images\D2-0095_1-4.png,L,37,calcification,Luminal B,,2294,1914,
D2-0096,D2-0096_1-1.png,processed_images\D2-0096_1-1.png,R,39,calcification,Luminal B,,2294,1914,
D2-0096,D2-0096_1-2.png,processed_images\D2-0096_1-2.png,R,39,calcification,Luminal B,,2294,1914,
D2-0096,D2-0096_1-3.png,processed_images\D2-0096_1-3.png,R,39,calcification,Luminal B,,2294,1914,
D2-0096,D2-0096_1-4.png,processed_images\D2-0096_1-4.png,R,39,calcification,Luminal B,,2294,1914,
D2-0097,D2-0097_1-1.png,processed_images\D2-0097_1-1.png,L,56,calcification,triple negative,,2294,1914,
D2-0097,D2-0097_1-2.png,processed_images\D2-0097_1-2.png,L,56,calcification,triple negative,,2294,1914,
D2-0097,D2-0097_1-3.png,processed_images\D2-0097_1-3.png,L,56,calcification,triple negative,,2294,1914,
D2-0097,D2-0097_1-4.png,processed_images\D2-0097_1-4.png,L,56,calcification,triple negative,,2294,1914,
D2-0098,D2-0098_1-1.png,processed_images\D2-0098_1-1.png,L,34,calcification,Luminal B,,2294,1914,
D2-0098,D2-0098_1-2.png,processed_images\D2-0098_1-2.png,L,34,calcification,Luminal B,,2294,1914,
D2-0098,D2-0098_1-3.png,processed_images\D2-0098_1-3.png,L,34,calcification,Luminal B,,2294,1914,
D2-0098,D2-0098_1-4.png,processed_images\D2-0098_1-4.png,L,34,calcification,Luminal B,,2294,1914,
D2-0099,D2-0099_1-1.png,processed_images\D2-0099_1-1.png,R,62,both,Luminal A,,2294,1914,
D2-0099,D2-0099_1-2.png,processed_images\D2-0099_1-2.png,R,62,both,Luminal A,,2294,1914,
D2-0099,D2-0099_1-3.png,processed_images\D2-0099_1-3.png,R,62,both,Luminal A,,2294,1914,
D2-0099,D2-0099_1-4.png,processed_images\D2-0099_1-4.png,R,62,both,Luminal A,,2294,1914,
D2-0100,D2-0100_1-1.png,processed_images\D2-0100_1-1.png,L,40,both,Luminal B,,2294,1914,
D2-0100,D2-0100_1-2.png,processed_images\D2-0100_1-2.png,L,40,both,Luminal B,,2294,1914,
D2-0100,D2-0100_1-3.png,processed_images\D2-0100_1-3.png,L,40,both,Luminal B,,2294,1914,
D2-0100,D2-0100_1-4.png,processed_images\D2-0100_1-4.png,L,40,both,Luminal B,,2294,1914,
D2-0101,D2-0101_1-1.png,processed_images\D2-0101_1-1.png,L,58,both,Luminal B,,2294,1914,
D2-0101,D2-0101_1-2.png,processed_images\D2-0101_1-2.png,L,58,both,Luminal B,,2294,1914,
D2-0101,D2-0101_1-3.png,processed_images\D2-0101_1-3.png,L,58,both,Luminal B,,2294,1914,
D2-0101,D2-0101_1-4.png,processed_images\D2-0101_1-4.png,L,58,both,Luminal B,,2294,1914,
D2-0102,D2-0102_1-1.png,processed_images\D2-0102_1-1.png,R,40,both,Luminal A,,2294,1914,
D2-0102,D2-0102_1-2.png,processed_images\D2-0102_1-2.png,R,40,both,Luminal A,,2294,1914,
D2-0102,D2-0102_1-3.png,processed_images\D2-0102_1-3.png,R,40,both,Luminal A,,2294,1914,
D2-0102,D2-0102_1-4.png,processed_images\D2-0102_1-4.png,R,40,both,Luminal A,,2294,1914,
D2-0103,D2-0103_1-1.png,processed_images\D2-0103_1-1.png,L,72,both,Luminal B,,2294,1914,
D2-0103,D2-0103_1-2.png,processed_images\D2-0103_1-2.png,L,72,both,Luminal B,,2294,1914,
D2-0103,D2-0103_1-3.png,processed_images\D2-0103_1-3.png,L,72,both,Luminal B,,2294,1914,
D2-0103,D2-0103_1-4.png,processed_images\D2-0103_1-4.png,L,72,both,Luminal B,,2294,1914,
D2-0104,D2-0104_1-1.png,processed_images\D2-0104_1-1.png,L,49,both,HER2-enriched,,2294,1914,
D2-0104,D2-0104_1-2.png,processed_images\D2-0104_1-2.png,L,49,both,HER2-enriched,,2294,1914,
D2-0104,D2-0104_1-3.png,processed_images\D2-0104_1-3.png,L,49,both,HER2-enriched,,2294,1914,
D2-0104,D2-0104_1-4.png,processed_images\D2-0104_1-4.png,L,49,both,HER2-enriched,,2294,1914,
D2-0105,D2-0105_1-1.png,processed_images\D2-0105_1-1.png,R,64,both,Luminal B,,2294,1914,
D2-0105,D2-0105_1-2.png,processed_images\D2-0105_1-2.png,R,64,both,Luminal B,,2294,1914,
D2-0105,D2-0105_1-3.png,processed_images\D2-0105_1-3.png,R,64,both,Luminal B,,2294,1914,
D2-0105,D2-0105_1-4.png,processed_images\D2-0105_1-4.png,R,64,both,Luminal B,,2294,1914,
D2-0106,D2-0106_1-1.png,processed_images\D2-0106_1-1.png,L,43,both,Luminal B,,2294,1914,
D2-0106,D2-0106_1-2.png,processed_images\D2-0106_1-2.png,L,43,both,Luminal B,,2294,1914,
D2-0106,D2-0106_1-3.png,processed_images\D2-0106_1-3.png,L,43,both,Luminal B,,2294,1914,
D2-0106,D2-0106_1-4.png,processed_images\D2-0106_1-4.png,L,43,both,Luminal B,,2294,1914,
D2-0107,D2-0107_1-1.png,processed_images\D2-0107_1-1.png,R,42,both,Luminal B,,2294,1914,
D2-0107,D2-0107_1-2.png,processed_images\D2-0107_1-2.png,R,42,both,Luminal B,,2294,1914,
D2-0107,D2-0107_1-3.png,processed_images\D2-0107_1-3.png,R,42,both,Luminal B,,2294,1914,
D2-0107,D2-0107_1-4.png,processed_images\D2-0107_1-4.png,R,42,both,Luminal B,,2294,1914,
D2-0108,D2-0108_1-1.png,processed_images\D2-0108_1-1.png,L,32,both,Luminal A,,2294,1914,
D2-0108,D2-0108_1-2.png,processed_images\D2-0108_1-2.png,L,32,both,Luminal A,,2294,1914,
D2-0108,D2-0108_1-3.png,processed_images\D2-0108_1-3.png,L,32,both,Luminal A,,2294,1914,
D2-0108,D2-0108_1-4.png,processed_images\D2-0108_1-4.png,L,32,both,Luminal A,,2294,1914,
D2-0109,D2-0109_1-1.png,processed_images\D2-0109_1-1.png,L,52,both,Luminal B,,2294,1914,
D2-0109,D2-0109_1-2.png,processed_images\D2-0109_1-2.png,L,52,both,Luminal B,,2294,1914,
D2-0109,D2-0109_1-3.png,processed_images\D2-0109_1-3.png,L,52,both,Luminal B,,2294,1914,
D2-0109,D2-0109_1-4.png,processed_images\D2-0109_1-4.png,L,52,both,Luminal B,,2294,1914,
D2-0110,D2-0110_1-1.png,processed_images\D2-0110_1-1.png,L,57,both,HER2-enriched,,2294,1914,
D2-0110,D2-0110_1-2.png,processed_images\D2-0110_1-2.png,L,57,both,HER2-enriched,,2294,1914,
D2-0110,D2-0110_1-3.png,processed_images\D2-0110_1-3.png,L,57,both,HER2-enriched,,2294,1914,
D2-0110,D2-0110_1-4.png,processed_images\D2-0110_1-4.png,L,57,both,HER2-enriched,,2294,1914,
D2-0111,D2-0111_1-1.png,processed_images\D2-0111_1-1.png,L,40,both,HER2-enriched,,2294,1914,
D2-0111,D2-0111_1-2.png,processed_images\D2-0111_1-2.png,L,40,both,HER2-enriched,,2294,1914,
D2-0111,D2-0111_1-3.png,processed_images\D2-0111_1-3.png,L,40,both,HER2-enriched,,2294,1914,
D2-0111,D2-0111_1-4.png,processed_images\D2-0111_1-4.png,L,40,both,HER2-enriched,,2294,1914,
D2-0112,D2-0112_1-1.png,processed_images\D2-0112_1-1.png,R,60,both,Luminal B,,2294,1914,
D2-0112,D2-0112_1-2.png,processed_images\D2-0112_1-2.png,R,60,both,Luminal B,,2294,1914,
D2-0112,D2-0112_1-3.png,processed_images\D2-0112_1-3.png,R,60,both,Luminal B,,2294,1914,
D2-0112,D2-0112_1-4.png,processed_images\D2-0112_1-4.png,R,60,both,Luminal B,,2294,1914,
D2-0113,D2-0113_1-1.png,processed_images\D2-0113_1-1.png,R,50,both,Luminal B,,2294,1914,
D2-0113,D2-0113_1-2.png,processed_images\D2-0113_1-2.png,R,50,both,Luminal B,,2294,1914,
D2-0113,D2-0113_1-3.png,processed_images\D2-0113_1-3.png,R,50,both,Luminal B,,2294,1914,
D2-0113,D2-0113_1-4.png,processed_images\D2-0113_1-4.png,R,50,both,Luminal B,,2294,1914,
D2-0114,D2-0114_1-1.png,processed_images\D2-0114_1-1.png,L,27,both,Luminal B,,2294,1914,
D2-0114,D2-0114_1-2.png,processed_images\D2-0114_1-2.png,L,27,both,Luminal B,,2294,1914,
D2-0114,D2-0114_1-3.png,processed_images\D2-0114_1-3.png,L,27,both,Luminal B,,2294,1914,
D2-0114,D2-0114_1-4.png,processed_images\D2-0114_1-4.png,L,27,both,Luminal B,,2294,1914,
D2-0115,D2-0115_1-1.png,processed_images\D2-0115_1-1.png,L,57,both,Luminal A,,2294,1914,
D2-0115,D2-0115_1-2.png,processed_images\D2-0115_1-2.png,L,57,both,Luminal A,,2294,1914,
D2-0115,D2-0115_1-3.png,processed_images\D2-0115_1-3.png,L,57,both,Luminal A,,2294,1914,
D2-0115,D2-0115_1-4.png,processed_images\D2-0115_1-4.png,L,57,both,Luminal A,,2294,1914,
D2-0116,D2-0116_1-1.png,processed_images\D2-0116_1-1.png,L,47,both,Luminal B,,2294,1914,
D2-0116,D2-0116_1-2.png,processed_images\D2-0116_1-2.png,L,47,both,Luminal B,,2294,1914,
D2-0116,D2-0116_1-3.png,processed_images\D2-0116_1-3.png,L,47,both,Luminal B,,2294,1914,
D2-0116,D2-0116_1-4.png,processed_images\D2-0116_1-4.png,L,47,both,Luminal B,,2294,1914,
D2-0117,D2-0117_1-1.png,processed_images\D2-0117_1-1.png,L,60,both,Luminal B,,2294,1914,
D2-0117,D2-0117_1-2.png,processed_images\D2-0117_1-2.png,L,60,both,Luminal B,,2294,1914,
D2-0117,D2-0117_1-3.png,processed_images\D2-0117_1-3.png,L,60,both,Luminal B,,2294,1914,
D2-0117,D2-0117_1-4.png,processed_images\D2-0117_1-4.png,L,60,both,Luminal B,,2294,1914,
D2-0118,D2-0118_1-1.png,processed_images\D2-0118_1-1.png,R,44,both,Luminal B,,2294,1914,
D2-0118,D2-0118_1-2.png,processed_images\D2-0118_1-2.png,R,44,both,Luminal B,,2294,1914,
D2-0118,D2-0118_1-3.png,processed_images\D2-0118_1-3.png,R,44,both,Luminal B,,2294,1914,
D2-0118,D2-0118_1-4.png,processed_images\D2-0118_1-4.png,R,44,both,Luminal B,,2294,1914,
D2-0119,D2-0119_1-1.png,processed_images\D2-0119_1-1.png,R,46,both,Luminal B,,2294,1914,
D2-0119,D2-0119_1-2.png,processed_images\D2-0119_1-2.png,R,46,both,Luminal B,,2294,1914,
D2-0119,D2-0119_1-3.png,processed_images\D2-0119_1-3.png,R,46,both,Luminal B,,2294,1914,
D2-0119,D2-0119_1-4.png,processed_images\D2-0119_1-4.png,R,46,both,Luminal B,,2294,1914,
D2-0120,D2-0120_1-1.png,processed_images\D2-0120_1-1.png,R,56,both,HER2-enriched,,2294,1914,
D2-0120,D2-0120_1-2.png,processed_images\D2-0120_1-2.png,R,56,both,HER2-enriched,,2294,1914,
D2-0120,D2-0120_1-3.png,processed_images\D2-0120_1-3.png,R,56,both,HER2-enriched,,2294,1914,
D2-0120,D2-0120_1-4.png,processed_images\D2-0120_1-4.png,R,56,both,HER2-enriched,,2294,1914,
D2-0121,D2-0121_1-1.png,processed_images\D2-0121_1-1.png,L,66,both,Luminal B,,2294,1914,
D2-0121,D2-0121_1-2.png,processed_images\D2-0121_1-2.png,L,66,both,Luminal B,,2294,1914,
D2-0121,D2-0121_1-3.png,processed_images\D2-0121_1-3.png,L,66,both,Luminal B,,2294,1914,
D2-0121,D2-0121_1-4.png,processed_images\D2-0121_1-4.png,L,66,both,Luminal B,,2294,1914,
D2-0122,D2-0122_1-1.png,processed_images\D2-0122_1-1.png,L,48,both,Luminal B,,2294,1914,
D2-0122,D2-0122_1-2.png,processed_images\D2-0122_1-2.png,L,48,both,Luminal B,,2294,1914,
D2-0122,D2-0122_1-3.png,processed_images\D2-0122_1-3.png,L,48,both,Luminal B,,2294,1914,
D2-0122,D2-0122_1-4.png,processed_images\D2-0122_1-4.png,L,48,both,Luminal B,,2294,1914,
D2-0123,D2-0123_1-1.png,processed_images\D2-0123_1-1.png,R,45,both,Luminal B,,2294,1914,
D2-0123,D2-0123_1-2.png,processed_images\D2-0123_1-2.png,R,45,both,Luminal B,,2294,1914,
D2-0123,D2-0123_1-3.png,processed_images\D2-0123_1-3.png,R,45,both,Luminal B,,2294,1914,
D2-0123,D2-0123_1-4.png,processed_images\D2-0123_1-4.png,R,45,both,Luminal B,,2294,1914,
D2-0124,D2-0124_1-1.png,processed_images\D2-0124_1-1.png,L,64,both,Luminal B,,2294,1914,
D2-0124,D2-0124_1-2.png,processed_images\D2-0124_1-2.png,L,64,both,Luminal B,,2294,1914,
D2-0125,D2-0125_1-1.png,processed_images\D2-0125_1-1.png,R,87,both,HER2-enriched,,2294,1914,
D2-0125,D2-0125_1-2.png,processed_images\D2-0125_1-2.png,R,87,both,HER2-enriched,,2294,1914,
D2-0125,D2-0125_1-3.png,processed_images\D2-0125_1-3.png,R,87,both,HER2-enriched,,2294,1914,
D2-0125,D2-0125_1-4.png,processed_images\D2-0125_1-4.png,R,87,both,HER2-enriched,,2294,1914,
D2-0126,D2-0126_1-1.png,processed_images\D2-0126_1-1.png,R,51,both,triple negative,,2294,1914,
D2-0126,D2-0126_1-2.png,processed_images\D2-0126_1-2.png,R,51,both,triple negative,,2294,1914,
D2-0126,D2-0126_1-3.png,processed_images\D2-0126_1-3.png,R,51,both,triple negative,,2294,1914,
D2-0126,D2-0126_1-4.png,processed_images\D2-0126_1-4.png,R,51,both,triple negative,,2294,1914,
D2-0127,D2-0127_1-1.png,processed_images\D2-0127_1-1.png,R,53,both,HER2-enriched,,2294,1914,
D2-0127,D2-0127_1-2.png,processed_images\D2-0127_1-2.png,R,53,both,HER2-enriched,,2294,1914,
D2-0127,D2-0127_1-3.png,processed_images\D2-0127_1-3.png,R,53,both,HER2-enriched,,2294,1914,
D2-0127,D2-0127_1-4.png,processed_images\D2-0127_1-4.png,R,53,both,HER2-enriched,,2294,1914,
D2-0128,D2-0128_1-1.png,processed_images\D2-0128_1-1.png,R,37,both,Luminal A,,2294,1914,
D2-0128,D2-0128_1-2.png,processed_images\D2-0128_1-2.png,R,37,both,Luminal A,,2294,1914,
D2-0128,D2-0128_1-3.png,processed_images\D2-0128_1-3.png,R,37,both,Luminal A,,2294,1914,
D2-0128,D2-0128_1-4.png,processed_images\D2-0128_1-4.png,R,37,both,Luminal A,,2294,1914,
D2-0129,D2-0129_1-1.png,processed_images\D2-0129_1-1.png,R,69,both,HER2-enriched,,2294,1914,
D2-0129,D2-0129_1-2.png,processed_images\D2-0129_1-2.png,R,69,both,HER2-enriched,,2294,1914,
D2-0129,D2-0129_1-3.png,processed_images\D2-0129_1-3.png,R,69,both,HER2-enriched,,2294,1914,
D2-0129,D2-0129_1-4.png,processed_images\D2-0129_1-4.png,R,69,both,HER2-enriched,,2294,1914,
D2-0130,D2-0130_1-1.png,processed_images\D2-0130_1-1.png,L,56,both,Luminal A,,2294,1914,
D2-0130,D2-0130_1-2.png,processed_images\D2-0130_1-2.png,L,56,both,Luminal A,,2294,1914,
D2-0130,D2-0130_1-3.png,processed_images\D2-0130_1-3.png,L,56,both,Luminal A,,2294,1914,
D2-0130,D2-0130_1-4.png,processed_images\D2-0130_1-4.png,L,56,both,Luminal A,,2294,1914,
D2-0131,D2-0131_1-1.png,processed_images\D2-0131_1-1.png,R,63,both,Luminal B,,2294,1914,
D2-0131,D2-0131_1-2.png,processed_images\D2-0131_1-2.png,R,63,both,Luminal B,,2294,1914,
D2-0131,D2-0131_1-3.png,processed_images\D2-0131_1-3.png,R,63,both,Luminal B,,2294,1914,
D2-0131,D2-0131_1-4.png,processed_images\D2-0131_1-4.png,R,63,both,Luminal B,,2294,1914,
D2-0132,D2-0132_1-1.png,processed_images\D2-0132_1-1.png,R,49,both,Luminal A,,2294,1914,
D2-0132,D2-0132_1-2.png,processed_images\D2-0132_1-2.png,R,49,both,Luminal A,,2294,1914,
D2-0132,D2-0132_1-3.png,processed_images\D2-0132_1-3.png,R,49,both,Luminal A,,2294,1914,
D2-0132,D2-0132_1-4.png,processed_images\D2-0132_1-4.png,R,49,both,Luminal A,,2294,1914,
D2-0133,D2-0133_1-1.png,processed_images\D2-0133_1-1.png,R,41,both,Luminal B,,2294,1914,
D2-0133,D2-0133_1-2.png,processed_images\D2-0133_1-2.png,R,41,both,Luminal B,,2294,1914,
D2-0133,D2-0133_1-3.png,processed_images\D2-0133_1-3.png,R,41,both,Luminal B,,2294,1914,
D2-0133,D2-0133_1-4.png,processed_images\D2-0133_1-4.png,R,41,both,Luminal B,,2294,1914,
D2-0134,D2-0134_1-1.png,processed_images\D2-0134_1-1.png,L,60,both,Luminal A,,2294,1914,
D2-0134,D2-0134_1-2.png,processed_images\D2-0134_1-2.png,L,60,both,Luminal A,,2294,1914,
D2-0134,D2-0134_1-3.png,processed_images\D2-0134_1-3.png,L,60,both,Luminal A,,2294,1914,
D2-0134,D2-0134_1-4.png,processed_images\D2-0134_1-4.png,L,60,both,Luminal A,,2294,1914,
D2-0135,D2-0135_1-1.png,processed_images\D2-0135_1-1.png,R,47,both,Luminal B,,2294,1914,
D2-0135,D2-0135_1-2.png,processed_images\D2-0135_1-2.png,R,47,both,Luminal B,,2294,1914,
D2-0135,D2-0135_1-3.png,processed_images\D2-0135_1-3.png,R,47,both,Luminal B,,2294,1914,
D2-0135,D2-0135_1-4.png,processed_images\D2-0135_1-4.png,R,47,both,Luminal B,,2294,1914,
D2-0136,D2-0136_1-1.png,processed_images\D2-0136_1-1.png,L,55,both,Luminal B,,2294,1914,
D2-0136,D2-0136_1-2.png,processed_images\D2-0136_1-2.png,L,55,both,Luminal B,,2294,1914,
D2-0136,D2-0136_1-3.png,processed_images\D2-0136_1-3.png,L,55,both,Luminal B,,2294,1914,
D2-0136,D2-0136_1-4.png,processed_images\D2-0136_1-4.png,L,55,both,Luminal B,,2294,1914,
D2-0137,D2-0137_1-1.png,processed_images\D2-0137_1-1.png,L,47,both,Luminal B,,2294,1914,
D2-0137,D2-0137_1-2.png,processed_images\D2-0137_1-2.png,L,47,both,Luminal B,,2294,1914,
D2-0137,D2-0137_1-3.png,processed_images\D2-0137_1-3.png,L,47,both,Luminal B,,2294,1914,
D2-0137,D2-0137_1-4.png,processed_images\D2-0137_1-4.png,L,47,both,Luminal B,,2294,1914,
D2-0138,D2-0138_1-1.png,processed_images\D2-0138_1-1.png,R,60,both,HER2-enriched,,2294,1914,
D2-0138,D2-0138_1-2.png,processed_images\D2-0138_1-2.png,R,60,both,HER2-enriched,,2294,1914,
D2-0138,D2-0138_1-3.png,processed_images\D2-0138_1-3.png,R,60,both,HER2-enriched,,2294,1914,
D2-0138,D2-0138_1-4.png,processed_images\D2-0138_1-4.png,R,60,both,HER2-enriched,,2294,1914,
D2-0139,D2-0139_1-1.png,processed_images\D2-0139_1-1.png,L,54,both,HER2-enriched,,2294,1914,
D2-0139,D2-0139_1-2.png,processed_images\D2-0139_1-2.png,L,54,both,HER2-enriched,,2294,1914,
D2-0139,D2-0139_1-3.png,processed_images\D2-0139_1-3.png,L,54,both,HER2-enriched,,2294,1914,
D2-0139,D2-0139_1-4.png,processed_images\D2-0139_1-4.png,L,54,both,HER2-enriched,,2294,1914,
D2-0140,D2-0140_1-1.png,processed_images\D2-0140_1-1.png,L,58,both,Luminal B,,2294,1914,
D2-0140,D2-0140_1-2.png,processed_images\D2-0140_1-2.png,L,58,both,Luminal B,,2294,1914,
D2-0140,D2-0140_1-3.png,processed_images\D2-0140_1-3.png,L,58,both,Luminal B,,2294,1914,
D2-0140,D2-0140_1-4.png,processed_images\D2-0140_1-4.png,L,58,both,Luminal B,,2294,1914,
D2-0141,D2-0141_1-1.png,processed_images\D2-0141_1-1.png,L,43,both,HER2-enriched,,2294,1914,
D2-0141,D2-0141_1-2.png,processed_images\D2-0141_1-2.png,L,43,both,HER2-enriched,,2294,1914,
D2-0141,D2-0141_1-3.png,processed_images\D2-0141_1-3.png,L,43,both,HER2-enriched,,2294,1914,
D2-0141,D2-0141_1-4.png,processed_images\D2-0141_1-4.png,L,43,both,HER2-enriched,,2294,1914,
D2-0142,D2-0142_1-1.png,processed_images\D2-0142_1-1.png,R,34,both,Luminal B,,2294,1914,
D2-0142,D2-0142_1-2.png,processed_images\D2-0142_1-2.png,R,34,both,Luminal B,,2294,1914,
D2-0142,D2-0142_1-3.png,processed_images\D2-0142_1-3.png,R,34,both,Luminal B,,2294,1914,
D2-0142,D2-0142_1-4.png,processed_images\D2-0142_1-4.png,R,34,both,Luminal B,,2294,1914,
D2-0143,D2-0143_1-1.png,processed_images\D2-0143_1-1.png,R,51,both,Luminal A,,2294,1914,
D2-0143,D2-0143_1-2.png,processed_images\D2-0143_1-2.png,R,51,both,Luminal A,,2294,1914,
D2-0143,D2-0143_1-3.png,processed_images\D2-0143_1-3.png,R,51,both,Luminal A,,2294,1914,
D2-0143,D2-0143_1-4.png,processed_images\D2-0143_1-4.png,R,51,both,Luminal A,,2294,1914,
D2-0144,D2-0144_1-1.png,processed_images\D2-0144_1-1.png,R,42,both,Luminal B,,2294,1914,
D2-0144,D2-0144_1-2.png,processed_images\D2-0144_1-2.png,R,42,both,Luminal B,,2294,1914,
D2-0144,D2-0144_1-3.png,processed_images\D2-0144_1-3.png,R,42,both,Luminal B,,2294,1914,
D2-0144,D2-0144_1-4.png,processed_images\D2-0144_1-4.png,R,42,both,Luminal B,,2294,1914,
D2-0145,D2-0145_1-1.png,processed_images\D2-0145_1-1.png,L,50,both,HER2-enriched,,2294,1914,
D2-0145,D2-0145_1-2.png,processed_images\D2-0145_1-2.png,L,50,both,HER2-enriched,,2294,1914,
D2-0145,D2-0145_1-3.png,processed_images\D2-0145_1-3.png,L,50,both,HER2-enriched,,2294,1914,
D2-0145,D2-0145_1-4.png,processed_images\D2-0145_1-4.png,L,50,both,HER2-enriched,,2294,1914,
D2-0146,D2-0146_1-1.png,processed_images\D2-0146_1-1.png,L,57,both,Luminal A,,2294,1914,
D2-0146,D2-0146_1-2.png,processed_images\D2-0146_1-2.png,L,57,both,Luminal A,,2294,1914,
D2-0146,D2-0146_1-3.png,processed_images\D2-0146_1-3.png,L,57,both,Luminal A,,2294,1914,
D2-0146,D2-0146_1-4.png,processed_images\D2-0146_1-4.png,L,57,both,Luminal A,,2294,1914,
D2-0147,D2-0147_1-1.png,processed_images\D2-0147_1-1.png,L,57,both,Luminal B,,2294,1914,
D2-0147,D2-0147_1-2.png,processed_images\D2-0147_1-2.png,L,57,both,Luminal B,,2294,1914,
D2-0147,D2-0147_1-3.png,processed_images\D2-0147_1-3.png,L,57,both,Luminal B,,2294,1914,
D2-0147,D2-0147_1-4.png,processed_images\D2-0147_1-4.png,L,57,both,Luminal B,,2294,1914,
D2-0148,D2-0148_1-1.png,processed_images\D2-0148_1-1.png,L,55,both,triple negative,,2294,1914,
D2-0148,D2-0148_1-2.png,processed_images\D2-0148_1-2.png,L,55,both,triple negative,,2294,1914,
D2-0148,D2-0148_1-3.png,processed_images\D2-0148_1-3.png,L,55,both,triple negative,,2294,1914,
D2-0148,D2-0148_1-4.png,processed_images\D2-0148_1-4.png,L,55,both,triple negative,,2294,1914,
D2-0149,D2-0149_1-1.png,processed_images\D2-0149_1-1.png,L,48,both,HER2-enriched,,2294,1914,
D2-0149,D2-0149_1-2.png,processed_images\D2-0149_1-2.png,L,48,both,HER2-enriched,,2294,1914,
D2-0149,D2-0149_1-3.png,processed_images\D2-0149_1-3.png,L,48,both,HER2-enriched,,2294,1914,
D2-0149,D2-0149_1-4.png,processed_images\D2-0149_1-4.png,L,48,both,HER2-enriched,,2294,1914,
D2-0150,D2-0150_1-1.png,processed_images\D2-0150_1-1.png,L,47,both,Luminal A,,2294,1914,
D2-0150,D2-0150_1-2.png,processed_images\D2-0150_1-2.png,L,47,both,Luminal A,,2294,1914,
D2-0150,D2-0150_1-3.png,processed_images\D2-0150_1-3.png,L,47,both,Luminal A,,2294,1914,
D2-0150,D2-0150_1-4.png,processed_images\D2-0150_1-4.png,L,47,both,Luminal A,,2294,1914,
D2-0151,D2-0151_1-1.png,processed_images\D2-0151_1-1.png,R,30,both,HER2-enriched,,2294,1914,
D2-0151,D2-0151_1-2.png,processed_images\D2-0151_1-2.png,R,30,both,HER2-enriched,,2294,1914,
D2-0151,D2-0151_1-3.png,processed_images\D2-0151_1-3.png,R,30,both,HER2-enriched,,2294,1914,
D2-0151,D2-0151_1-4.png,processed_images\D2-0151_1-4.png,R,30,both,HER2-enriched,,2294,1914,
D2-0152,D2-0152_1-1.png,processed_images\D2-0152_1-1.png,L,63,both,Luminal A,,2294,1914,
D2-0152,D2-0152_1-2.png,processed_images\D2-0152_1-2.png,L,63,both,Luminal A,,2294,1914,
D2-0152,D2-0152_1-3.png,processed_images\D2-0152_1-3.png,L,63,both,Luminal A,,2294,1914,
D2-0152,D2-0152_1-4.png,processed_images\D2-0152_1-4.png,L,63,both,Luminal A,,2294,1914,
D2-0153,D2-0153_1-1.png,processed_images\D2-0153_1-1.png,R,48,both,triple negative,,2294,1914,
D2-0153,D2-0153_1-2.png,processed_images\D2-0153_1-2.png,R,48,both,triple negative,,2294,1914,
D2-0153,D2-0153_1-3.png,processed_images\D2-0153_1-3.png,R,48,both,triple negative,,2294,1914,
D2-0153,D2-0153_1-4.png,processed_images\D2-0153_1-4.png,R,48,both,triple negative,,2294,1914,
D2-0154,D2-0154_1-1.png,processed_images\D2-0154_1-1.png,R,74,both,Luminal A,,2294,1914,
D2-0154,D2-0154_1-2.png,processed_images\D2-0154_1-2.png,R,74,both,Luminal A,,2294,1914,
D2-0154,D2-0154_1-3.png,processed_images\D2-0154_1-3.png,R,74,both,Luminal A,,2294,1914,
D2-0154,D2-0154_1-4.png,processed_images\D2-0154_1-4.png,R,74,both,Luminal A,,2294,1914,
D2-0155,D2-0155_1-1.png,processed_images\D2-0155_1-1.png,R,53,both,Luminal A,,2294,1914,
D2-0155,D2-0155_1-2.png,processed_images\D2-0155_1-2.png,R,53,both,Luminal A,,2294,1914,
D2-0155,D2-0155_1-3.png,processed_images\D2-0155_1-3.png,R,53,both,Luminal A,,2294,1914,
D2-0155,D2-0155_1-4.png,processed_images\D2-0155_1-4.png,R,53,both,Luminal A,,2294,1914,
D2-0156,D2-0156_1-1.png,processed_images\D2-0156_1-1.png,R,56,both,Luminal B,,2294,1914,
D2-0156,D2-0156_1-2.png,processed_images\D2-0156_1-2.png,R,56,both,Luminal B,,2294,1914,
D2-0156,D2-0156_1-3.png,processed_images\D2-0156_1-3.png,R,56,both,Luminal B,,2294,1914,
D2-0156,D2-0156_1-4.png,processed_images\D2-0156_1-4.png,R,56,both,Luminal B,,2294,1914,
D2-0157,D2-0157_1-1.png,processed_images\D2-0157_1-1.png,L,56,both,HER2-enriched,,2294,1914,
D2-0157,D2-0157_1-2.png,processed_images\D2-0157_1-2.png,L,56,both,HER2-enriched,,2294,1914,
D2-0157,D2-0157_1-3.png,processed_images\D2-0157_1-3.png,L,56,both,HER2-enriched,,2294,1914,
D2-0157,D2-0157_1-4.png,processed_images\D2-0157_1-4.png,L,56,both,HER2-enriched,,2294,1914,
D2-0158,D2-0158_1-1.png,processed_images\D2-0158_1-1.png,L,61,both,Benign,,2294,1914,
D2-0158,D2-0158_1-2.png,processed_images\D2-0158_1-2.png,L,61,both,Benign,,2294,1914,
D2-0158,D2-0158_1-3.png,processed_images\D2-0158_1-3.png,R,61,both,Luminal B,,2294,1914,
D2-0158,D2-0158_1-4.png,processed_images\D2-0158_1-4.png,R,61,both,Luminal B,,2294,1914,
D2-0159,D2-0159_1-1.png,processed_images\D2-0159_1-1.png,R,60,both,Luminal B,,2294,1914,
D2-0159,D2-0159_1-2.png,processed_images\D2-0159_1-2.png,R,60,both,Luminal B,,2294,1914,
D2-0159,D2-0159_1-3.png,processed_images\D2-0159_1-3.png,R,60,both,Luminal B,,2294,1914,
D2-0159,D2-0159_1-4.png,processed_images\D2-0159_1-4.png,R,60,both,Luminal B,,2294,1914,
D2-0160,D2-0160_1-1.png,processed_images\D2-0160_1-1.png,L,49,both,Luminal B,,2294,1914,
D2-0160,D2-0160_1-2.png,processed_images\D2-0160_1-2.png,L,49,both,Luminal B,,2294,1914,
D2-0160,D2-0160_1-3.png,processed_images\D2-0160_1-3.png,L,49,both,Luminal B,,2294,1914,
D2-0160,D2-0160_1-4.png,processed_images\D2-0160_1-4.png,L,49,both,Luminal B,,2294,1914,
D2-0161,D2-0161_1-1.png,processed_images\D2-0161_1-1.png,L,50,both,Luminal A,,2294,1914,
D2-0161,D2-0161_1-2.png,processed_images\D2-0161_1-2.png,L,50,both,Luminal A,,2294,1914,
D2-0161,D2-0161_1-3.png,processed_images\D2-0161_1-3.png,L,50,both,Luminal A,,2294,1914,
D2-0161,D2-0161_1-4.png,processed_images\D2-0161_1-4.png,L,50,both,Luminal A,,2294,1914,
D2-0162,D2-0162_1-1.png,processed_images\D2-0162_1-1.png,L,57,both,Luminal B,,2294,1914,
D2-0162,D2-0162_1-2.png,processed_images\D2-0162_1-2.png,L,57,both,Luminal B,,2294,1914,
D2-0162,D2-0162_1-3.png,processed_images\D2-0162_1-3.png,L,57,both,Luminal B,,2294,1914,
D2-0162,D2-0162_1-4.png,processed_images\D2-0162_1-4.png,L,57,both,Luminal B,,2294,1914,
D2-0163,D2-0163_1-1.png,processed_images\D2-0163_1-1.png,R,68,both,HER2-enriched,,2294,1914,
D2-0163,D2-0163_1-2.png,processed_images\D2-0163_1-2.png,R,68,both,HER2-enriched,,2294,1914,
D2-0163,D2-0163_1-3.png,processed_images\D2-0163_1-3.png,R,68,both,HER2-enriched,,2294,1914,
D2-0163,D2-0163_1-4.png,processed_images\D2-0163_1-4.png,R,68,both,HER2-enriched,,2294,1914,
D2-0164,D2-0164_1-1.png,processed_images\D2-0164_1-1.png,R,55,both,triple negative,,2294,1914,
D2-0164,D2-0164_1-2.png,processed_images\D2-0164_1-2.png,R,55,both,triple negative,,2294,1914,
D2-0164,D2-0164_1-3.png,processed_images\D2-0164_1-3.png,R,55,both,triple negative,,2294,1914,
D2-0164,D2-0164_1-4.png,processed_images\D2-0164_1-4.png,R,55,both,triple negative,,2294,1914,
D2-0165,D2-0165_1-1.png,processed_images\D2-0165_1-1.png,R,47,both,Luminal B,,2294,1914,
D2-0165,D2-0165_1-2.png,processed_images\D2-0165_1-2.png,R,47,both,Luminal B,,2294,1914,
D2-0165,D2-0165_1-3.png,processed_images\D2-0165_1-3.png,R,47,both,Luminal B,,2294,1914,
D2-0165,D2-0165_1-4.png,processed_images\D2-0165_1-4.png,R,47,both,Luminal B,,2294,1914,
D2-0166,D2-0166_1-1.png,processed_images\D2-0166_1-1.png,R,57,both,Luminal B,,2294,1914,
D2-0166,D2-0166_1-2.png,processed_images\D2-0166_1-2.png,R,57,both,Luminal B,,2294,1914,
D2-0166,D2-0166_1-3.png,processed_images\D2-0166_1-3.png,R,57,both,Luminal B,,2294,1914,
D2-0166,D2-0166_1-4.png,processed_images\D2-0166_1-4.png,R,57,both,Luminal B,,2294,1914,
D2-0167,D2-0167_1-1.png,processed_images\D2-0167_1-1.png,L,43,both,HER2-enriched,,2294,1914,
D2-0167,D2-0167_1-2.png,processed_images\D2-0167_1-2.png,L,43,both,HER2-enriched,,2294,1914,
D2-0167,D2-0167_1-3.png,processed_images\D2-0167_1-3.png,L,43,both,HER2-enriched,,2294,1914,
D2-0167,D2-0167_1-4.png,processed_images\D2-0167_1-4.png,L,43,both,HER2-enriched,,2294,1914,
D2-0168,D2-0168_1-1.png,processed_images\D2-0168_1-1.png,R,46,both,Luminal A,,2294,1914,
D2-0168,D2-0168_1-2.png,processed_images\D2-0168_1-2.png,R,46,both,Luminal A,,2294,1914,
D2-0168,D2-0168_1-3.png,processed_images\D2-0168_1-3.png,R,46,both,Luminal A,,2294,1914,
D2-0168,D2-0168_1-4.png,processed_images\D2-0168_1-4.png,R,46,both,Luminal A,,2294,1914,
D2-0169,D2-0169_1-1.png,processed_images\D2-0169_1-1.png,R,51,both,HER2-enriched,,2294,1914,
D2-0169,D2-0169_1-2.png,processed_images\D2-0169_1-2.png,R,51,both,HER2-enriched,,2294,1914,
D2-0169,D2-0169_1-3.png,processed_images\D2-0169_1-3.png,R,51,both,HER2-enriched,,2294,1914,
D2-0169,D2-0169_1-4.png,processed_images\D2-0169_1-4.png,R,51,both,HER2-enriched,,2294,1914,
D2-0170,D2-0170_1-1.png,processed_images\D2-0170_1-1.png,R,54,both,Luminal B,,2294,1914,
D2-0170,D2-0170_1-2.png,processed_images\D2-0170_1-2.png,R,54,both,Luminal B,,2294,1914,
D2-0170,D2-0170_1-3.png,processed_images\D2-0170_1-3.png,R,54,both,Luminal B,,2294,1914,
D2-0170,D2-0170_1-4.png,processed_images\D2-0170_1-4.png,R,54,both,Luminal B,,2294,1914,
D2-0171,D2-0171_1-1.png,processed_images\D2-0171_1-1.png,R,59,both,Luminal B,,2294,1914,
D2-0171,D2-0171_1-2.png,processed_images\D2-0171_1-2.png,R,59,both,Luminal B,,2294,1914,
D2-0171,D2-0171_1-3.png,processed_images\D2-0171_1-3.png,R,59,both,Luminal B,,2294,1914,
D2-0171,D2-0171_1-4.png,processed_images\D2-0171_1-4.png,R,59,both,Luminal B,,2294,1914,
D2-0172,D2-0172_1-1.png,processed_images\D2-0172_1-1.png,R,63,both,HER2-enriched,,2294,1914,
D2-0172,D2-0172_1-2.png,processed_images\D2-0172_1-2.png,R,63,both,HER2-enriched,,2294,1914,
D2-0172,D2-0172_1-3.png,processed_images\D2-0172_1-3.png,R,63,both,HER2-enriched,,2294,1914,
D2-0172,D2-0172_1-4.png,processed_images\D2-0172_1-4.png,R,63,both,HER2-enriched,,2294,1914,
D2-0173,D2-0173_1-1.png,processed_images\D2-0173_1-1.png,R,36,both,Luminal B,,2294,1914,
D2-0173,D2-0173_1-2.png,processed_images\D2-0173_1-2.png,R,36,both,Luminal B,,2294,1914,
D2-0173,D2-0173_1-3.png,processed_images\D2-0173_1-3.png,R,36,both,Luminal B,,2294,1914,
D2-0173,D2-0173_1-4.png,processed_images\D2-0173_1-4.png,R,36,both,Luminal B,,2294,1914,
D2-0174,D2-0174_1-1.png,processed_images\D2-0174_1-1.png,R,48,both,Luminal B,,2294,1914,
D2-0174,D2-0174_1-2.png,processed_images\D2-0174_1-2.png,R,48,both,Luminal B,,2294,1914,
D2-0174,D2-0174_1-3.png,processed_images\D2-0174_1-3.png,R,48,both,Luminal B,,2294,1914,
D2-0174,D2-0174_1-4.png,processed_images\D2-0174_1-4.png,R,48,both,Luminal B,,2294,1914,
D2-0175,D2-0175_1-1.png,processed_images\D2-0175_1-1.png,R,38,both,Luminal B,,2294,1914,
D2-0175,D2-0175_1-2.png,processed_images\D2-0175_1-2.png,R,38,both,Luminal B,,2294,1914,
D2-0175,D2-0175_1-3.png,processed_images\D2-0175_1-3.png,R,38,both,Luminal B,,2294,1914,
D2-0175,D2-0175_1-4.png,processed_images\D2-0175_1-4.png,R,38,both,Luminal B,,2294,1914,
D2-0176,D2-0176_1-1.png,processed_images\D2-0176_1-1.png,R,62,both,Luminal B,,2294,1914,
D2-0176,D2-0176_1-2.png,processed_images\D2-0176_1-2.png,R,62,both,Luminal B,,2294,1914,
D2-0176,D2-0176_1-3.png,processed_images\D2-0176_1-3.png,R,62,both,Luminal B,,2294,1914,
D2-0176,D2-0176_1-4.png,processed_images\D2-0176_1-4.png,R,62,both,Luminal B,,2294,1914,
D2-0177,D2-0177_1-1.png,processed_images\D2-0177_1-1.png,L,70,both,Luminal B,,2294,1914,
D2-0177,D2-0177_1-2.png,processed_images\D2-0177_1-2.png,L,70,both,Luminal B,,2294,1914,
D2-0177,D2-0177_1-3.png,processed_images\D2-0177_1-3.png,L,70,both,Luminal B,,2294,1914,
D2-0177,D2-0177_1-4.png,processed_images\D2-0177_1-4.png,L,70,both,Luminal B,,2294,1914,
D2-0178,D2-0178_1-1.png,processed_images\D2-0178_1-1.png,L,54,both,HER2-enriched,,2294,1914,
D2-0178,D2-0178_1-2.png,processed_images\D2-0178_1-2.png,L,54,both,HER2-enriched,,2294,1914,
D2-0178,D2-0178_1-3.png,processed_images\D2-0178_1-3.png,L,54,both,HER2-enriched,,2294,1914,
D2-0178,D2-0178_1-4.png,processed_images\D2-0178_1-4.png,L,54,both,HER2-enriched,,2294,1914,
D2-0179,D2-0179_1-1.png,processed_images\D2-0179_1-1.png,R,58,both,Luminal B,,2294,1914,
D2-0179,D2-0179_1-2.png,processed_images\D2-0179_1-2.png,R,58,both,Luminal B,,2294,1914,
D2-0179,D2-0179_1-3.png,processed_images\D2-0179_1-3.png,R,58,both,Luminal B,,2294,1914,
D2-0179,D2-0179_1-4.png,processed_images\D2-0179_1-4.png,R,58,both,Luminal B,,2294,1914,
D2-0180,D2-0180_1-1.png,processed_images\D2-0180_1-1.png,R,46,both,Luminal B,,2294,1914,
D2-0180,D2-0180_1-2.png,processed_images\D2-0180_1-2.png,R,46,both,Luminal B,,2294,1914,
D2-0180,D2-0180_1-3.png,processed_images\D2-0180_1-3.png,R,46,both,Luminal B,,2294,1914,
D2-0180,D2-0180_1-4.png,processed_images\D2-0180_1-4.png,R,46,both,Luminal B,,2294,1914,
D2-0181,D2-0181_1-1.png,processed_images\D2-0181_1-1.png,L,55,both,Luminal A,,2294,1914,
D2-0181,D2-0181_1-2.png,processed_images\D2-0181_1-2.png,L,55,both,Luminal A,,2294,1914,
D2-0181,D2-0181_1-3.png,processed_images\D2-0181_1-3.png,L,55,both,Luminal A,,2294,1914,
D2-0181,D2-0181_1-4.png,processed_images\D2-0181_1-4.png,L,55,both,Luminal A,,2294,1914,
D2-0182,D2-0182_1-1.png,processed_images\D2-0182_1-1.png,R,45,both,Luminal B,,2294,1914,
D2-0182,D2-0182_1-2.png,processed_images\D2-0182_1-2.png,R,45,both,Luminal B,,2294,1914,
D2-0182,D2-0182_1-3.png,processed_images\D2-0182_1-3.png,R,45,both,Luminal B,,2294,1914,
D2-0182,D2-0182_1-4.png,processed_images\D2-0182_1-4.png,R,45,both,Luminal B,,2294,1914,
D2-0183,D2-0183_1-1.png,processed_images\D2-0183_1-1.png,L,46,both,Luminal B,,2294,1914,
D2-0183,D2-0183_1-2.png,processed_images\D2-0183_1-2.png,L,46,both,Luminal B,,2294,1914,
D2-0183,D2-0183_1-3.png,processed_images\D2-0183_1-3.png,L,46,both,Luminal B,,2294,1914,
D2-0183,D2-0183_1-4.png,processed_images\D2-0183_1-4.png,L,46,both,Luminal B,,2294,1914,
D2-0184,D2-0184_1-1.png,processed_images\D2-0184_1-1.png,R,44,both,triple negative,,2294,1914,
D2-0184,D2-0184_1-2.png,processed_images\D2-0184_1-2.png,R,44,both,triple negative,,2294,1914,
D2-0184,D2-0184_1-3.png,processed_images\D2-0184_1-3.png,R,44,both,triple negative,,2294,1914,
D2-0184,D2-0184_1-4.png,processed_images\D2-0184_1-4.png,R,44,both,triple negative,,2294,1914,
D2-0185,D2-0185_1-1.png,processed_images\D2-0185_1-1.png,L,41,both,Luminal B,,2294,1914,
D2-0185,D2-0185_1-2.png,processed_images\D2-0185_1-2.png,L,41,both,Luminal B,,2294,1914,
D2-0185,D2-0185_1-3.png,processed_images\D2-0185_1-3.png,L,41,both,Luminal B,,2294,1914,
D2-0185,D2-0185_1-4.png,processed_images\D2-0185_1-4.png,L,41,both,Luminal B,,2294,1914,
D2-0186,D2-0186_1-1.png,processed_images\D2-0186_1-1.png,R,52,both,HER2-enriched,,2294,1914,
D2-0186,D2-0186_1-2.png,processed_images\D2-0186_1-2.png,R,52,both,HER2-enriched,,2294,1914,
D2-0186,D2-0186_1-3.png,processed_images\D2-0186_1-3.png,R,52,both,HER2-enriched,,2294,1914,
D2-0186,D2-0186_1-4.png,processed_images\D2-0186_1-4.png,R,52,both,HER2-enriched,,2294,1914,
D2-0187,D2-0187_1-1.png,processed_images\D2-0187_1-1.png,L,53,both,Luminal A,,2294,1914,
D2-0187,D2-0187_1-2.png,processed_images\D2-0187_1-2.png,L,53,both,Luminal A,,2294,1914,
D2-0187,D2-0187_1-3.png,processed_images\D2-0187_1-3.png,L,53,both,Luminal A,,2294,1914,
D2-0187,D2-0187_1-4.png,processed_images\D2-0187_1-4.png,L,53,both,Luminal A,,2294,1914,
D2-0188,D2-0188_1-1.png,processed_images\D2-0188_1-1.png,R,56,both,Luminal A,,2294,1914,
D2-0188,D2-0188_1-2.png,processed_images\D2-0188_1-2.png,R,56,both,Luminal A,,2294,1914,
D2-0188,D2-0188_1-3.png,processed_images\D2-0188_1-3.png,R,56,both,Luminal A,,2294,1914,
D2-0188,D2-0188_1-4.png,processed_images\D2-0188_1-4.png,R,56,both,Luminal A,,2294,1914,
D2-0189,D2-0189_1-1.png,processed_images\D2-0189_1-1.png,R,61,both,Luminal B,,2294,1914,
D2-0189,D2-0189_1-2.png,processed_images\D2-0189_1-2.png,R,61,both,Luminal B,,2294,1914,
D2-0189,D2-0189_1-3.png,processed_images\D2-0189_1-3.png,R,61,both,Luminal B,,2294,1914,
D2-0189,D2-0189_1-4.png,processed_images\D2-0189_1-4.png,R,61,both,Luminal B,,2294,1914,
D2-0190,D2-0190_1-1.png,processed_images\D2-0190_1-1.png,L,59,both,Luminal B,,2294,1914,
D2-0190,D2-0190_1-2.png,processed_images\D2-0190_1-2.png,L,59,both,Luminal B,,2294,1914,
D2-0190,D2-0190_1-3.png,processed_images\D2-0190_1-3.png,L,59,both,Luminal B,,2294,1914,
D2-0190,D2-0190_1-4.png,processed_images\D2-0190_1-4.png,L,59,both,Luminal B,,2294,1914,
D2-0191,D2-0191_1-1.png,processed_images\D2-0191_1-1.png,R,45,both,Luminal B,,2294,1914,
D2-0191,D2-0191_1-2.png,processed_images\D2-0191_1-2.png,R,45,both,Luminal B,,2294,1914,
D2-0191,D2-0191_1-3.png,processed_images\D2-0191_1-3.png,R,45,both,Luminal B,,2294,1914,
D2-0191,D2-0191_1-4.png,processed_images\D2-0191_1-4.png,R,45,both,Luminal B,,2294,1914,
D2-0192,D2-0192_1-1.png,processed_images\D2-0192_1-1.png,L,56,both,HER2-enriched,,2294,1914,
D2-0192,D2-0192_1-2.png,processed_images\D2-0192_1-2.png,L,56,both,HER2-enriched,,2294,1914,
D2-0192,D2-0192_1-3.png,processed_images\D2-0192_1-3.png,L,56,both,HER2-enriched,,2294,1914,
D2-0192,D2-0192_1-4.png,processed_images\D2-0192_1-4.png,L,56,both,HER2-enriched,,2294,1914,
D2-0193,D2-0193_1-1.png,processed_images\D2-0193_1-1.png,R,51,both,Luminal B,,2294,1914,
D2-0193,D2-0193_1-2.png,processed_images\D2-0193_1-2.png,R,51,both,Luminal B,,2294,1914,
D2-0193,D2-0193_1-3.png,processed_images\D2-0193_1-3.png,R,51,both,Luminal B,,2294,1914,
D2-0193,D2-0193_1-4.png,processed_images\D2-0193_1-4.png,R,51,both,Luminal B,,2294,1914,
D2-0194,D2-0194_1-1.png,processed_images\D2-0194_1-1.png,R,50,both,HER2-enriched,,2294,1914,
D2-0194,D2-0194_1-2.png,processed_images\D2-0194_1-2.png,R,50,both,HER2-enriched,,2294,1914,
D2-0194,D2-0194_1-3.png,processed_images\D2-0194_1-3.png,R,50,both,HER2-enriched,,2294,1914,
D2-0194,D2-0194_1-4.png,processed_images\D2-0194_1-4.png,R,50,both,HER2-enriched,,2294,1914,
D2-0195,D2-0195_1-1.png,processed_images\D2-0195_1-1.png,L,52,both,Luminal B,,2294,1914,
D2-0195,D2-0195_1-2.png,processed_images\D2-0195_1-2.png,L,52,both,Luminal B,,2294,1914,
D2-0195,D2-0195_1-3.png,processed_images\D2-0195_1-3.png,L,52,both,Luminal B,,2294,1914,
D2-0195,D2-0195_1-4.png,processed_images\D2-0195_1-4.png,L,52,both,Luminal B,,2294,1914,
D2-0196,D2-0196_1-1.png,processed_images\D2-0196_1-1.png,R,47,both,Luminal B,,2294,1914,
D2-0196,D2-0196_1-2.png,processed_images\D2-0196_1-2.png,R,47,both,Luminal B,,2294,1914,
D2-0196,D2-0196_1-3.png,processed_images\D2-0196_1-3.png,R,47,both,Luminal B,,2294,1914,
D2-0196,D2-0196_1-4.png,processed_images\D2-0196_1-4.png,R,47,both,Luminal B,,2294,1914,
D2-0197,D2-0197_1-1.png,processed_images\D2-0197_1-1.png,L,40,both,HER2-enriched,,2294,1914,
D2-0197,D2-0197_1-2.png,processed_images\D2-0197_1-2.png,L,40,both,HER2-enriched,,2294,1914,
D2-0197,D2-0197_1-3.png,processed_images\D2-0197_1-3.png,L,40,both,HER2-enriched,,2294,1914,
D2-0197,D2-0197_1-4.png,processed_images\D2-0197_1-4.png,L,40,both,HER2-enriched,,2294,1914,
D2-0198,D2-0198_1-1.png,processed_images\D2-0198_1-1.png,R,56,both,HER2-enriched,,2294,1914,
D2-0198,D2-0198_1-2.png,processed_images\D2-0198_1-2.png,R,56,both,HER2-enriched,,2294,1914,
D2-0198,D2-0198_1-3.png,processed_images\D2-0198_1-3.png,R,56,both,HER2-enriched,,2294,1914,
D2-0198,D2-0198_1-4.png,processed_images\D2-0198_1-4.png,R,56,both,HER2-enriched,,2294,1914,
D2-0199,D2-0199_1-1.png,processed_images\D2-0199_1-1.png,L,48,both,HER2-enriched,,2294,1914,
D2-0199,D2-0199_1-2.png,processed_images\D2-0199_1-2.png,L,48,both,HER2-enriched,,2294,1914,
D2-0199,D2-0199_1-3.png,processed_images\D2-0199_1-3.png,L,48,both,HER2-enriched,,2294,1914,
D2-0199,D2-0199_1-4.png,processed_images\D2-0199_1-4.png,L,48,both,HER2-enriched,,2294,1914,
D2-0200,D2-0200_1-1.png,processed_images\D2-0200_1-1.png,R,31,both,HER2-enriched,,2294,1914,
D2-0200,D2-0200_1-2.png,processed_images\D2-0200_1-2.png,R,31,both,HER2-enriched,,2294,1914,
D2-0200,D2-0200_1-3.png,processed_images\D2-0200_1-3.png,R,31,both,HER2-enriched,,2294,1914,
D2-0200,D2-0200_1-4.png,processed_images\D2-0200_1-4.png,R,31,both,HER2-enriched,,2294,1914,
D2-0201,D2-0201_1-1.png,processed_images\D2-0201_1-1.png,L,42,both,HER2-enriched,,2294,1914,
D2-0201,D2-0201_1-2.png,processed_images\D2-0201_1-2.png,L,42,both,HER2-enriched,,2294,1914,
D2-0201,D2-0201_1-3.png,processed_images\D2-0201_1-3.png,L,42,both,HER2-enriched,,2294,1914,
D2-0201,D2-0201_1-4.png,processed_images\D2-0201_1-4.png,L,42,both,HER2-enriched,,2294,1914,
D2-0202,D2-0202_1-1.png,processed_images\D2-0202_1-1.png,L,42,both,Luminal B,,2294,1914,
D2-0202,D2-0202_1-2.png,processed_images\D2-0202_1-2.png,L,42,both,Luminal B,,2294,1914,
D2-0202,D2-0202_1-3.png,processed_images\D2-0202_1-3.png,L,42,both,Luminal B,,2294,1914,
D2-0202,D2-0202_1-4.png,processed_images\D2-0202_1-4.png,L,42,both,Luminal B,,2294,1914,
D2-0203,D2-0203_1-1.png,processed_images\D2-0203_1-1.png,R,49,both,Luminal B,,2294,1914,
D2-0203,D2-0203_1-2.png,processed_images\D2-0203_1-2.png,R,49,both,Luminal B,,2294,1914,
D2-0203,D2-0203_1-3.png,processed_images\D2-0203_1-3.png,R,49,both,Luminal B,,2294,1914,
D2-0203,D2-0203_1-4.png,processed_images\D2-0203_1-4.png,R,49,both,Luminal B,,2294,1914,
D2-0204,D2-0204_1-1.png,processed_images\D2-0204_1-1.png,R,40,both,Luminal B,,2294,1914,
D2-0204,D2-0204_1-2.png,processed_images\D2-0204_1-2.png,R,40,both,Luminal B,,2294,1914,
D2-0204,D2-0204_1-3.png,processed_images\D2-0204_1-3.png,R,40,both,Luminal B,,2294,1914,
D2-0204,D2-0204_1-4.png,processed_images\D2-0204_1-4.png,R,40,both,Luminal B,,2294,1914,
D2-0205,D2-0205_1-1.png,processed_images\D2-0205_1-1.png,L,60,both,HER2-enriched,,2294,1914,
D2-0205,D2-0205_1-2.png,processed_images\D2-0205_1-2.png,L,60,both,HER2-enriched,,2294,1914,
D2-0205,D2-0205_1-3.png,processed_images\D2-0205_1-3.png,L,60,both,HER2-enriched,,2294,1914,
D2-0205,D2-0205_1-4.png,processed_images\D2-0205_1-4.png,L,60,both,HER2-enriched,,2294,1914,
D2-0206,D2-0206_1-1.png,processed_images\D2-0206_1-1.png,L,52,both,triple negative,,2294,1914,
D2-0206,D2-0206_1-2.png,processed_images\D2-0206_1-2.png,L,52,both,triple negative,,2294,1914,
D2-0206,D2-0206_1-3.png,processed_images\D2-0206_1-3.png,L,52,both,triple negative,,2294,1914,
D2-0206,D2-0206_1-4.png,processed_images\D2-0206_1-4.png,L,52,both,triple negative,,2294,1914,
D2-0207,D2-0207_1-1.png,processed_images\D2-0207_1-1.png,L,31,both,Luminal B,,2294,1914,
D2-0207,D2-0207_1-2.png,processed_images\D2-0207_1-2.png,L,31,both,Luminal B,,2294,1914,
D2-0207,D2-0207_1-3.png,processed_images\D2-0207_1-3.png,L,31,both,Luminal B,,2294,1914,
D2-0207,D2-0207_1-4.png,processed_images\D2-0207_1-4.png,L,31,both,Luminal B,,2294,1914,
D2-0208,D2-0208_1-1.png,processed_images\D2-0208_1-1.png,L,31,both,HER2-enriched,,2294,1914,
D2-0208,D2-0208_1-2.png,processed_images\D2-0208_1-2.png,L,31,both,HER2-enriched,,2294,1914,
D2-0208,D2-0208_1-3.png,processed_images\D2-0208_1-3.png,L,31,both,HER2-enriched,,2294,1914,
D2-0208,D2-0208_1-4.png,processed_images\D2-0208_1-4.png,L,31,both,HER2-enriched,,2294,1914,
D2-0209,D2-0209_1-1.png,processed_images\D2-0209_1-1.png,L,57,both,HER2-enriched,,2294,1914,
D2-0209,D2-0209_1-2.png,processed_images\D2-0209_1-2.png,L,57,both,HER2-enriched,,2294,1914,
D2-0209,D2-0209_1-3.png,processed_images\D2-0209_1-3.png,L,57,both,HER2-enriched,,2294,1914,
D2-0209,D2-0209_1-4.png,processed_images\D2-0209_1-4.png,L,57,both,HER2-enriched,,2294,1914,
D2-0210,D2-0210_1-1.png,processed_images\D2-0210_1-1.png,R,54,both,Luminal B,,2294,1914,
D2-0210,D2-0210_1-2.png,processed_images\D2-0210_1-2.png,R,54,both,Luminal B,,2294,1914,
D2-0210,D2-0210_1-3.png,processed_images\D2-0210_1-3.png,R,54,both,Luminal B,,2294,1914,
D2-0210,D2-0210_1-4.png,processed_images\D2-0210_1-4.png,R,54,both,Luminal B,,2294,1914,
D2-0211,D2-0211_1-1.png,processed_images\D2-0211_1-1.png,L,50,both,Luminal B,,2294,1914,
D2-0211,D2-0211_1-2.png,processed_images\D2-0211_1-2.png,L,50,both,Luminal B,,2294,1914,
D2-0211,D2-0211_1-3.png,processed_images\D2-0211_1-3.png,L,50,both,Luminal B,,2294,1914,
D2-0211,D2-0211_1-4.png,processed_images\D2-0211_1-4.png,L,50,both,Luminal B,,2294,1914,
D2-0212,D2-0212_1-1.png,processed_images\D2-0212_1-1.png,R,54,both,Luminal A,,2294,1914,
D2-0212,D2-0212_1-2.png,processed_images\D2-0212_1-2.png,R,54,both,Luminal A,,2294,1914,
D2-0212,D2-0212_1-3.png,processed_images\D2-0212_1-3.png,R,54,both,Luminal A,,2294,1914,
D2-0212,D2-0212_1-4.png,processed_images\D2-0212_1-4.png,R,54,both,Luminal A,,2294,1914,
D2-0213,D2-0213_1-1.png,processed_images\D2-0213_1-1.png,L,42,both,Luminal A,,2294,1914,
D2-0213,D2-0213_1-2.png,processed_images\D2-0213_1-2.png,L,42,both,Luminal A,,2294,1914,
D2-0213,D2-0213_1-3.png,processed_images\D2-0213_1-3.png,L,42,both,Luminal A,,2294,1914,
D2-0213,D2-0213_1-4.png,processed_images\D2-0213_1-4.png,L,42,both,Luminal A,,2294,1914,
D2-0214,D2-0214_1-1.png,processed_images\D2-0214_1-1.png,L,66,both,triple negative,,2294,1914,
D2-0214,D2-0214_1-2.png,processed_images\D2-0214_1-2.png,L,66,both,triple negative,,2294,1914,
D2-0214,D2-0214_1-3.png,processed_images\D2-0214_1-3.png,L,66,both,triple negative,,2294,1914,
D2-0214,D2-0214_1-4.png,processed_images\D2-0214_1-4.png,L,66,both,triple negative,,2294,1914,
D2-0215,D2-0215_1-1.png,processed_images\D2-0215_1-1.png,R,57,both,Luminal B,,2294,1914,
D2-0215,D2-0215_1-2.png,processed_images\D2-0215_1-2.png,R,57,both,Luminal B,,2294,1914,
D2-0215,D2-0215_1-3.png,processed_images\D2-0215_1-3.png,R,57,both,Luminal B,,2294,1914,
D2-0215,D2-0215_1-4.png,processed_images\D2-0215_1-4.png,R,57,both,Luminal B,,2294,1914,
D2-0216,D2-0216_1-1.png,processed_images\D2-0216_1-1.png,L,49,both,triple negative,,2294,1914,
D2-0216,D2-0216_1-2.png,processed_images\D2-0216_1-2.png,L,49,both,triple negative,,2294,1914,
D2-0216,D2-0216_1-3.png,processed_images\D2-0216_1-3.png,L,49,both,triple negative,,2294,1914,
D2-0216,D2-0216_1-4.png,processed_images\D2-0216_1-4.png,L,49,both,triple negative,,2294,1914,
D2-0217,D2-0217_1-1.png,processed_images\D2-0217_1-1.png,R,61,both,HER2-enriched,,2294,1914,
D2-0217,D2-0217_1-2.png,processed_images\D2-0217_1-2.png,R,61,both,HER2-enriched,,2294,1914,
D2-0217,D2-0217_1-3.png,processed_images\D2-0217_1-3.png,R,61,both,HER2-enriched,,2294,1914,
D2-0217,D2-0217_1-4.png,processed_images\D2-0217_1-4.png,R,61,both,HER2-enriched,,2294,1914,
D2-0218,D2-0218_1-1.png,processed_images\D2-0218_1-1.png,R,53,both,triple negative,,2294,1914,
D2-0218,D2-0218_1-2.png,processed_images\D2-0218_1-2.png,R,53,both,triple negative,,2294,1914,
D2-0218,D2-0218_1-3.png,processed_images\D2-0218_1-3.png,R,53,both,triple negative,,2294,1914,
D2-0218,D2-0218_1-4.png,processed_images\D2-0218_1-4.png,R,53,both,triple negative,,2294,1914,
D2-0219,D2-0219_1-1.png,processed_images\D2-0219_1-1.png,R,49,both,Luminal B,,2294,1914,
D2-0219,D2-0219_1-2.png,processed_images\D2-0219_1-2.png,R,49,both,Luminal B,,2294,1914,
D2-0219,D2-0219_1-3.png,processed_images\D2-0219_1-3.png,R,49,both,Luminal B,,2294,1914,
D2-0219,D2-0219_1-4.png,processed_images\D2-0219_1-4.png,R,49,both,Luminal B,,2294,1914,
D2-0220,D2-0220_1-3.png,processed_images\D2-0220_1-3.png,R,49,both,Luminal B,,2294,1914,
D2-0220,D2-0220_1-4.png,processed_images\D2-0220_1-4.png,R,49,both,Luminal B,,2294,1914,
D2-0221,D2-0221_1-1.png,processed_images\D2-0221_1-1.png,L,46,both,Luminal B,,2294,1914,
D2-0221,D2-0221_1-2.png,processed_images\D2-0221_1-2.png,L,46,both,Luminal B,,2294,1914,
D2-0221,D2-0221_1-3.png,processed_images\D2-0221_1-3.png,L,46,both,Luminal B,,2294,1914,
D2-0221,D2-0221_1-4.png,processed_images\D2-0221_1-4.png,L,46,both,Luminal B,,2294,1914,
D2-0222,D2-0222_1-1.png,processed_images\D2-0222_1-1.png,L,52,both,triple negative,,2294,1914,
D2-0222,D2-0222_1-2.png,processed_images\D2-0222_1-2.png,L,52,both,triple negative,,2294,1914,
D2-0222,D2-0222_1-3.png,processed_images\D2-0222_1-3.png,L,52,both,triple negative,,2294,1914,
D2-0222,D2-0222_1-4.png,processed_images\D2-0222_1-4.png,L,52,both,triple negative,,2294,1914,
D2-0223,D2-0223_1-1.png,processed_images\D2-0223_1-1.png,R,37,both,Luminal B,,2294,1914,
D2-0223,D2-0223_1-2.png,processed_images\D2-0223_1-2.png,R,37,both,Luminal B,,2294,1914,
D2-0223,D2-0223_1-3.png,processed_images\D2-0223_1-3.png,R,37,both,Luminal B,,2294,1914,
D2-0223,D2-0223_1-4.png,processed_images\D2-0223_1-4.png,R,37,both,Luminal B,,2294,1914,
D2-0224,D2-0224_1-1.png,processed_images\D2-0224_1-1.png,R,60,both,Luminal B,,2294,1914,
D2-0224,D2-0224_1-2.png,processed_images\D2-0224_1-2.png,R,60,both,Luminal B,,2294,1914,
D2-0224,D2-0224_1-3.png,processed_images\D2-0224_1-3.png,R,60,both,Luminal B,,2294,1914,
D2-0224,D2-0224_1-4.png,processed_images\D2-0224_1-4.png,R,60,both,Luminal B,,2294,1914,
D2-0225,D2-0225_1-1.png,processed_images\D2-0225_1-1.png,R,50,both,Luminal A,,2294,1914,
D2-0225,D2-0225_1-2.png,processed_images\D2-0225_1-2.png,R,50,both,Luminal A,,2294,1914,
D2-0225,D2-0225_1-3.png,processed_images\D2-0225_1-3.png,R,50,both,Luminal A,,2294,1914,
D2-0225,D2-0225_1-4.png,processed_images\D2-0225_1-4.png,R,50,both,Luminal A,,2294,1914,
D2-0226,D2-0226_1-1.png,processed_images\D2-0226_1-1.png,R,49,both,Luminal B,,2294,1914,
D2-0226,D2-0226_1-2.png,processed_images\D2-0226_1-2.png,R,49,both,Luminal B,,2294,1914,
D2-0226,D2-0226_1-3.png,processed_images\D2-0226_1-3.png,R,49,both,Luminal B,,2294,1914,
D2-0226,D2-0226_1-4.png,processed_images\D2-0226_1-4.png,R,49,both,Luminal B,,2294,1914,
D2-0227,D2-0227_1-1.png,processed_images\D2-0227_1-1.png,R,44,both,Luminal B,,2294,1914,
D2-0227,D2-0227_1-2.png,processed_images\D2-0227_1-2.png,R,44,both,Luminal B,,2294,1914,
D2-0227,D2-0227_1-3.png,processed_images\D2-0227_1-3.png,R,44,both,Luminal B,,2294,1914,
D2-0227,D2-0227_1-4.png,processed_images\D2-0227_1-4.png,R,44,both,Luminal B,,2294,1914,
D2-0228,D2-0228_1-1.png,processed_images\D2-0228_1-1.png,L,30,both,Luminal B,,2294,1914,
D2-0228,D2-0228_1-2.png,processed_images\D2-0228_1-2.png,L,30,both,Luminal B,,2294,1914,
D2-0228,D2-0228_1-3.png,processed_images\D2-0228_1-3.png,L,30,both,Luminal B,,2294,1914,
D2-0228,D2-0228_1-4.png,processed_images\D2-0228_1-4.png,L,30,both,Luminal B,,2294,1914,
D2-0229,D2-0229_1-1.png,processed_images\D2-0229_1-1.png,R,47,both,Luminal B,,2294,1914,
D2-0229,D2-0229_1-2.png,processed_images\D2-0229_1-2.png,R,47,both,Luminal B,,2294,1914,
D2-0229,D2-0229_1-3.png,processed_images\D2-0229_1-3.png,R,47,both,Luminal B,,2294,1914,
D2-0229,D2-0229_1-4.png,processed_images\D2-0229_1-4.png,R,47,both,Luminal B,,2294,1914,
D2-0230,D2-0230_1-1.png,processed_images\D2-0230_1-1.png,L,60,both,HER2-enriched,,2294,1914,
D2-0230,D2-0230_1-2.png,processed_images\D2-0230_1-2.png,L,60,both,HER2-enriched,,2294,1914,
D2-0230,D2-0230_1-3.png,processed_images\D2-0230_1-3.png,L,60,both,HER2-enriched,,2294,1914,
D2-0230,D2-0230_1-4.png,processed_images\D2-0230_1-4.png,L,60,both,HER2-enriched,,2294,1914,
D2-0231,D2-0231_1-1.png,processed_images\D2-0231_1-1.png,L,39,both,Luminal B,,2294,1914,
D2-0231,D2-0231_1-2.png,processed_images\D2-0231_1-2.png,L,39,both,Luminal B,,2294,1914,
D2-0231,D2-0231_1-3.png,processed_images\D2-0231_1-3.png,L,39,both,Luminal B,,2294,1914,
D2-0231,D2-0231_1-4.png,processed_images\D2-0231_1-4.png,L,39,both,Luminal B,,2294,1914,
D2-0232,D2-0232_1-1.png,processed_images\D2-0232_1-1.png,R,34,both,Luminal B,,2294,1914,
D2-0232,D2-0232_1-2.png,processed_images\D2-0232_1-2.png,R,34,both,Luminal B,,2294,1914,
D2-0232,D2-0232_1-3.png,processed_images\D2-0232_1-3.png,R,34,both,Luminal B,,2294,1914,
D2-0232,D2-0232_1-4.png,processed_images\D2-0232_1-4.png,R,34,both,Luminal B,,2294,1914,
D2-0233,D2-0233_1-1.png,processed_images\D2-0233_1-1.png,R,61,both,HER2-enriched,,2294,1914,
D2-0233,D2-0233_1-2.png,processed_images\D2-0233_1-2.png,R,61,both,HER2-enriched,,2294,1914,
D2-0233,D2-0233_1-3.png,processed_images\D2-0233_1-3.png,R,61,both,HER2-enriched,,2294,1914,
D2-0233,D2-0233_1-4.png,processed_images\D2-0233_1-4.png,R,61,both,HER2-enriched,,2294,1914,
D2-0234,D2-0234_1-1.png,processed_images\D2-0234_1-1.png,R,45,both,triple negative,,2294,1914,
D2-0234,D2-0234_1-2.png,processed_images\D2-0234_1-2.png,R,45,both,triple negative,,2294,1914,
D2-0234,D2-0234_1-3.png,processed_images\D2-0234_1-3.png,R,45,both,triple negative,,2294,1914,
D2-0234,D2-0234_1-4.png,processed_images\D2-0234_1-4.png,R,45,both,triple negative,,2294,1914,
D2-0235,D2-0235_1-1.png,processed_images\D2-0235_1-1.png,R,49,both,Luminal B,,2294,1914,
D2-0235,D2-0235_1-2.png,processed_images\D2-0235_1-2.png,R,49,both,Luminal B,,2294,1914,
D2-0235,D2-0235_1-3.png,processed_images\D2-0235_1-3.png,R,49,both,Luminal B,,2294,1914,
D2-0235,D2-0235_1-4.png,processed_images\D2-0235_1-4.png,R,49,both,Luminal B,,2294,1914,
D2-0236,D2-0236_1-1.png,processed_images\D2-0236_1-1.png,L,55,both,HER2-enriched,,2294,1914,
D2-0236,D2-0236_1-2.png,processed_images\D2-0236_1-2.png,L,55,both,HER2-enriched,,2294,1914,
D2-0236,D2-0236_1-3.png,processed_images\D2-0236_1-3.png,L,55,both,HER2-enriched,,2294,1914,
D2-0236,D2-0236_1-4.png,processed_images\D2-0236_1-4.png,L,55,both,HER2-enriched,,2294,1914,
D2-0237,D2-0237_1-1.png,processed_images\D2-0237_1-1.png,L,46,both,Luminal B,,2294,1914,
D2-0237,D2-0237_1-2.png,processed_images\D2-0237_1-2.png,L,46,both,Luminal B,,2294,1914,
D2-0237,D2-0237_1-3.png,processed_images\D2-0237_1-3.png,L,46,both,Luminal B,,2294,1914,
D2-0237,D2-0237_1-4.png,processed_images\D2-0237_1-4.png,L,46,both,Luminal B,,2294,1914,
D2-0238,D2-0238_1-1.png,processed_images\D2-0238_1-1.png,L,56,both,Luminal B,,2294,1914,
D2-0238,D2-0238_1-2.png,processed_images\D2-0238_1-2.png,L,56,both,Luminal B,,2294,1914,
D2-0238,D2-0238_1-3.png,processed_images\D2-0238_1-3.png,L,56,both,Luminal B,,2294,1914,
D2-0238,D2-0238_1-4.png,processed_images\D2-0238_1-4.png,L,56,both,Luminal B,,2294,1914,
D2-0239,D2-0239_1-1.png,processed_images\D2-0239_1-1.png,L,49,both,Luminal B,,2294,1914,
D2-0239,D2-0239_1-2.png,processed_images\D2-0239_1-2.png,L,49,both,Luminal B,,2294,1914,
D2-0239,D2-0239_1-3.png,processed_images\D2-0239_1-3.png,L,49,both,Luminal B,,2294,1914,
D2-0239,D2-0239_1-4.png,processed_images\D2-0239_1-4.png,L,49,both,Luminal B,,2294,1914,
D2-0240,D2-0240_1-1.png,processed_images\D2-0240_1-1.png,R,54,both,Luminal B,,2294,1914,
D2-0240,D2-0240_1-2.png,processed_images\D2-0240_1-2.png,R,54,both,Luminal B,,2294,1914,
D2-0240,D2-0240_1-3.png,processed_images\D2-0240_1-3.png,R,54,both,Luminal B,,2294,1914,
D2-0240,D2-0240_1-4.png,processed_images\D2-0240_1-4.png,R,54,both,Luminal B,,2294,1914,
D2-0241,D2-0241_1-1.png,processed_images\D2-0241_1-1.png,L,21,both,Luminal B,,2294,1914,
D2-0241,D2-0241_1-2.png,processed_images\D2-0241_1-2.png,L,21,both,Luminal B,,2294,1914,
D2-0241,D2-0241_1-3.png,processed_images\D2-0241_1-3.png,L,21,both,Luminal B,,2294,1914,
D2-0241,D2-0241_1-4.png,processed_images\D2-0241_1-4.png,L,21,both,Luminal B,,2294,1914,
D2-0242,D2-0242_1-1.png,processed_images\D2-0242_1-1.png,L,55,both,Luminal A,,2294,1914,
D2-0242,D2-0242_1-2.png,processed_images\D2-0242_1-2.png,L,55,both,Luminal A,,2294,1914,
D2-0242,D2-0242_1-3.png,processed_images\D2-0242_1-3.png,L,55,both,Luminal A,,2294,1914,
D2-0242,D2-0242_1-4.png,processed_images\D2-0242_1-4.png,L,55,both,Luminal A,,2294,1914,
D2-0243,D2-0243_1-1.png,processed_images\D2-0243_1-1.png,L,60,both,HER2-enriched,,2294,1914,
D2-0243,D2-0243_1-2.png,processed_images\D2-0243_1-2.png,L,60,both,HER2-enriched,,2294,1914,
D2-0243,D2-0243_1-3.png,processed_images\D2-0243_1-3.png,L,60,both,HER2-enriched,,2294,1914,
D2-0243,D2-0243_1-4.png,processed_images\D2-0243_1-4.png,L,60,both,HER2-enriched,,2294,1914,
D2-0244,D2-0244_1-1.png,processed_images\D2-0244_1-1.png,L,37,both,Luminal B,,2294,1914,
D2-0244,D2-0244_1-2.png,processed_images\D2-0244_1-2.png,L,37,both,Luminal B,,2294,1914,
D2-0244,D2-0244_1-3.png,processed_images\D2-0244_1-3.png,L,37,both,Luminal B,,2294,1914,
D2-0244,D2-0244_1-4.png,processed_images\D2-0244_1-4.png,L,37,both,Luminal B,,2294,1914,
D2-0245,D2-0245_1-1.png,processed_images\D2-0245_1-1.png,R,35,both,HER2-enriched,,2294,1914,
D2-0245,D2-0245_1-2.png,processed_images\D2-0245_1-2.png,R,35,both,HER2-enriched,,2294,1914,
D2-0245,D2-0245_1-3.png,processed_images\D2-0245_1-3.png,R,35,both,HER2-enriched,,2294,1914,
D2-0245,D2-0245_1-4.png,processed_images\D2-0245_1-4.png,R,35,both,HER2-enriched,,2294,1914,
D2-0246,D2-0246_1-1.png,processed_images\D2-0246_1-1.png,L,37,both,Luminal B,,2294,1914,
D2-0246,D2-0246_1-2.png,processed_images\D2-0246_1-2.png,L,37,both,Luminal B,,2294,1914,
D2-0246,D2-0246_1-3.png,processed_images\D2-0246_1-3.png,L,37,both,Luminal B,,2294,1914,
D2-0246,D2-0246_1-4.png,processed_images\D2-0246_1-4.png,L,37,both,Luminal B,,2294,1914,
D2-0247,D2-0247_1-1.png,processed_images\D2-0247_1-1.png,R,66,both,Luminal A,,2294,1914,
D2-0247,D2-0247_1-2.png,processed_images\D2-0247_1-2.png,R,66,both,Luminal A,,2294,1914,
D2-0247,D2-0247_1-3.png,processed_images\D2-0247_1-3.png,R,66,both,Luminal A,,2294,1914,
D2-0247,D2-0247_1-4.png,processed_images\D2-0247_1-4.png,R,66,both,Luminal A,,2294,1914,
D2-0248,D2-0248_1-1.png,processed_images\D2-0248_1-1.png,R,47,both,HER2-enriched,,2294,1914,
D2-0248,D2-0248_1-2.png,processed_images\D2-0248_1-2.png,R,47,both,HER2-enriched,,2294,1914,
D2-0248,D2-0248_1-3.png,processed_images\D2-0248_1-3.png,R,47,both,HER2-enriched,,2294,1914,
D2-0248,D2-0248_1-4.png,processed_images\D2-0248_1-4.png,R,47,both,HER2-enriched,,2294,1914,
D2-0249,D2-0249_1-1.png,processed_images\D2-0249_1-1.png,R,58,both,HER2-enriched,,2294,1914,
D2-0249,D2-0249_1-2.png,processed_images\D2-0249_1-2.png,R,58,both,HER2-enriched,,2294,1914,
D2-0249,D2-0249_1-3.png,processed_images\D2-0249_1-3.png,R,58,both,HER2-enriched,,2294,1914,
D2-0249,D2-0249_1-4.png,processed_images\D2-0249_1-4.png,R,58,both,HER2-enriched,,2294,1914,
D2-0250,D2-0250_1-1.png,processed_images\D2-0250_1-1.png,R,53,both,triple negative,,2294,1914,
D2-0250,D2-0250_1-2.png,processed_images\D2-0250_1-2.png,R,53,both,triple negative,,2294,1914,
D2-0250,D2-0250_1-3.png,processed_images\D2-0250_1-3.png,R,53,both,triple negative,,2294,1914,
D2-0250,D2-0250_1-4.png,processed_images\D2-0250_1-4.png,R,53,both,triple negative,,2294,1914,
D2-0251,D2-0251_1-1.png,processed_images\D2-0251_1-1.png,R,39,both,HER2-enriched,,2294,1914,
D2-0251,D2-0251_1-2.png,processed_images\D2-0251_1-2.png,R,39,both,HER2-enriched,,2294,1914,
D2-0251,D2-0251_1-3.png,processed_images\D2-0251_1-3.png,R,39,both,HER2-enriched,,2294,1914,
D2-0251,D2-0251_1-4.png,processed_images\D2-0251_1-4.png,R,39,both,HER2-enriched,,2294,1914,
D2-0252,D2-0252_1-1.png,processed_images\D2-0252_1-1.png,R,42,both,HER2-enriched,,2294,1914,
D2-0252,D2-0252_1-2.png,processed_images\D2-0252_1-2.png,R,42,both,HER2-enriched,,2294,1914,
D2-0252,D2-0252_1-3.png,processed_images\D2-0252_1-3.png,R,42,both,HER2-enriched,,2294,1914,
D2-0252,D2-0252_1-4.png,processed_images\D2-0252_1-4.png,R,42,both,HER2-enriched,,2294,1914,
D2-0253,D2-0253_1-1.png,processed_images\D2-0253_1-1.png,L,50,both,Luminal B,,2294,1914,
D2-0253,D2-0253_1-2.png,processed_images\D2-0253_1-2.png,L,50,both,Luminal B,,2294,1914,
D2-0253,D2-0253_1-3.png,processed_images\D2-0253_1-3.png,L,50,both,Luminal B,,2294,1914,
D2-0253,D2-0253_1-4.png,processed_images\D2-0253_1-4.png,L,50,both,Luminal B,,2294,1914,
D2-0254,D2-0254_1-1.png,processed_images\D2-0254_1-1.png,R,60,both,Luminal B,,2294,1914,
D2-0254,D2-0254_1-2.png,processed_images\D2-0254_1-2.png,R,60,both,Luminal B,,2294,1914,
D2-0254,D2-0254_1-3.png,processed_images\D2-0254_1-3.png,R,60,both,Luminal B,,2294,1914,
D2-0254,D2-0254_1-4.png,processed_images\D2-0254_1-4.png,R,60,both,Luminal B,,2294,1914,
D2-0255,D2-0255_1-1.png,processed_images\D2-0255_1-1.png,L,44,both,Luminal A,,2294,1914,
D2-0255,D2-0255_1-2.png,processed_images\D2-0255_1-2.png,L,44,both,Luminal A,,2294,1914,
D2-0255,D2-0255_1-3.png,processed_images\D2-0255_1-3.png,L,44,both,Luminal A,,2294,1914,
D2-0255,D2-0255_1-4.png,processed_images\D2-0255_1-4.png,L,44,both,Luminal A,,2294,1914,
D2-0256,D2-0256_1-1.png,processed_images\D2-0256_1-1.png,R,55,both,Luminal A,,2294,1914,
D2-0256,D2-0256_1-2.png,processed_images\D2-0256_1-2.png,R,55,both,Luminal A,,2294,1914,
D2-0256,D2-0256_1-3.png,processed_images\D2-0256_1-3.png,R,55,both,Luminal A,,2294,1914,
D2-0256,D2-0256_1-4.png,processed_images\D2-0256_1-4.png,R,55,both,Luminal A,,2294,1914,
D2-0257,D2-0257_1-1.png,processed_images\D2-0257_1-1.png,L,58,both,Luminal B,,2294,1914,
D2-0257,D2-0257_1-2.png,processed_images\D2-0257_1-2.png,L,58,both,Luminal B,,2294,1914,
D2-0257,D2-0257_1-3.png,processed_images\D2-0257_1-3.png,L,58,both,Luminal B,,2294,1914,
D2-0257,D2-0257_1-4.png,processed_images\D2-0257_1-4.png,L,58,both,Luminal B,,2294,1914,
D2-0258,D2-0258_1-1.png,processed_images\D2-0258_1-1.png,L,51,both,Luminal B,,2294,1914,
D2-0258,D2-0258_1-2.png,processed_images\D2-0258_1-2.png,L,51,both,Luminal B,,2294,1914,
D2-0258,D2-0258_1-3.png,processed_images\D2-0258_1-3.png,L,51,both,Luminal B,,2294,1914,
D2-0258,D2-0258_1-4.png,processed_images\D2-0258_1-4.png,L,51,both,Luminal B,,2294,1914,
D2-0259,D2-0259_1-1.png,processed_images\D2-0259_1-1.png,L,36,both,Benign,,2294,1914,
D2-0259,D2-0259_1-2.png,processed_images\D2-0259_1-2.png,L,36,both,Benign,,2294,1914,
D2-0259,D2-0259_1-3.png,processed_images\D2-0259_1-3.png,R,36,both,Luminal B,,2294,1914,
D2-0259,D2-0259_1-4.png,processed_images\D2-0259_1-4.png,R,36,both,Luminal B,,2294,1914,
D2-0260,D2-0260_1-1.png,processed_images\D2-0260_1-1.png,R,42,both,HER2-enriched,,2294,1914,
D2-0260,D2-0260_1-2.png,processed_images\D2-0260_1-2.png,R,42,both,HER2-enriched,,2294,1914,
D2-0260,D2-0260_1-3.png,processed_images\D2-0260_1-3.png,R,42,both,HER2-enriched,,2294,1914,
D2-0260,D2-0260_1-4.png,processed_images\D2-0260_1-4.png,R,42,both,HER2-enriched,,2294,1914,
D2-0261,D2-0261_1-1.png,processed_images\D2-0261_1-1.png,R,34,both,Luminal B,,2294,1914,
D2-0261,D2-0261_1-2.png,processed_images\D2-0261_1-2.png,R,34,both,Luminal B,,2294,1914,
D2-0261,D2-0261_1-3.png,processed_images\D2-0261_1-3.png,R,34,both,Luminal B,,2294,1914,
D2-0261,D2-0261_1-4.png,processed_images\D2-0261_1-4.png,R,34,both,Luminal B,,2294,1914,
D2-0262,D2-0262_1-1.png,processed_images\D2-0262_1-1.png,L,31,both,Luminal B,,2294,1914,
D2-0262,D2-0262_1-2.png,processed_images\D2-0262_1-2.png,L,31,both,Luminal B,,2294,1914,
D2-0262,D2-0262_1-3.png,processed_images\D2-0262_1-3.png,L,31,both,Luminal B,,2294,1914,
D2-0262,D2-0262_1-4.png,processed_images\D2-0262_1-4.png,L,31,both,Luminal B,,2294,1914,
D2-0263,D2-0263_1-1.png,processed_images\D2-0263_1-1.png,L,74,both,HER2-enriched,,2294,1914,
D2-0263,D2-0263_1-2.png,processed_images\D2-0263_1-2.png,L,74,both,HER2-enriched,,2294,1914,
D2-0263,D2-0263_1-3.png,processed_images\D2-0263_1-3.png,L,74,both,HER2-enriched,,2294,1914,
D2-0263,D2-0263_1-4.png,processed_images\D2-0263_1-4.png,L,74,both,HER2-enriched,,2294,1914,
D2-0264,D2-0264_1-1.png,processed_images\D2-0264_1-1.png,R,39,both,triple negative,,2294,1914,
D2-0264,D2-0264_1-2.png,processed_images\D2-0264_1-2.png,R,39,both,triple negative,,2294,1914,
D2-0264,D2-0264_1-3.png,processed_images\D2-0264_1-3.png,R,39,both,triple negative,,2294,1914,
D2-0264,D2-0264_1-4.png,processed_images\D2-0264_1-4.png,R,39,both,triple negative,,2294,1914,
D2-0265,D2-0265_1-1.png,processed_images\D2-0265_1-1.png,L,27,both,Benign,,2294,1914,
D2-0265,D2-0265_1-2.png,processed_images\D2-0265_1-2.png,L,27,both,Benign,,2294,1914,
D2-0265,D2-0265_1-3.png,processed_images\D2-0265_1-3.png,R,27,both,Luminal B,,2294,1914,
D2-0265,D2-0265_1-4.png,processed_images\D2-0265_1-4.png,R,27,both,Luminal B,,2294,1914,
D2-0266,D2-0266_1-1.png,processed_images\D2-0266_1-1.png,L,49,both,HER2-enriched,,2294,1914,
D2-0266,D2-0266_1-2.png,processed_images\D2-0266_1-2.png,L,49,both,HER2-enriched,,2294,1914,
D2-0266,D2-0266_1-3.png,processed_images\D2-0266_1-3.png,L,49,both,HER2-enriched,,2294,1914,
D2-0266,D2-0266_1-4.png,processed_images\D2-0266_1-4.png,L,49,both,HER2-enriched,,2294,1914,
D2-0267,D2-0267_1-1.png,processed_images\D2-0267_1-1.png,L,42,both,Luminal B,,2294,1914,
D2-0267,D2-0267_1-2.png,processed_images\D2-0267_1-2.png,L,42,both,Luminal B,,2294,1914,
D2-0267,D2-0267_1-3.png,processed_images\D2-0267_1-3.png,L,42,both,Luminal B,,2294,1914,
D2-0267,D2-0267_1-4.png,processed_images\D2-0267_1-4.png,L,42,both,Luminal B,,2294,1914,
D2-0268,D2-0268_1-1.png,processed_images\D2-0268_1-1.png,R,60,both,HER2-enriched,,2294,1914,
D2-0268,D2-0268_1-2.png,processed_images\D2-0268_1-2.png,R,60,both,HER2-enriched,,2294,1914,
D2-0268,D2-0268_1-3.png,processed_images\D2-0268_1-3.png,R,60,both,HER2-enriched,,2294,1914,
D2-0268,D2-0268_1-4.png,processed_images\D2-0268_1-4.png,R,60,both,HER2-enriched,,2294,1914,
D2-0269,D2-0269_1-1.png,processed_images\D2-0269_1-1.png,L,51,both,HER2-enriched,,2294,1914,
D2-0269,D2-0269_1-2.png,processed_images\D2-0269_1-2.png,L,51,both,HER2-enriched,,2294,1914,
D2-0269,D2-0269_1-3.png,processed_images\D2-0269_1-3.png,L,51,both,HER2-enriched,,2294,1914,
D2-0269,D2-0269_1-4.png,processed_images\D2-0269_1-4.png,L,51,both,HER2-enriched,,2294,1914,
D2-0270,D2-0270_1-1.png,processed_images\D2-0270_1-1.png,R,46,both,Luminal A,,2294,1914,
D2-0270,D2-0270_1-2.png,processed_images\D2-0270_1-2.png,R,46,both,Luminal A,,2294,1914,
D2-0270,D2-0270_1-3.png,processed_images\D2-0270_1-3.png,R,46,both,Luminal A,,2294,1914,
D2-0270,D2-0270_1-4.png,processed_images\D2-0270_1-4.png,R,46,both,Luminal A,,2294,1914,
D2-0271,D2-0271_1-1.png,processed_images\D2-0271_1-1.png,L,35,both,HER2-enriched,,2294,1914,
D2-0271,D2-0271_1-2.png,processed_images\D2-0271_1-2.png,L,35,both,HER2-enriched,,2294,1914,
D2-0271,D2-0271_1-3.png,processed_images\D2-0271_1-3.png,L,35,both,HER2-enriched,,2294,1914,
D2-0271,D2-0271_1-4.png,processed_images\D2-0271_1-4.png,L,35,both,HER2-enriched,,2294,1914,
D2-0272,D2-0272_1-1.png,processed_images\D2-0272_1-1.png,L,63,both,HER2-enriched,,2294,1914,
D2-0272,D2-0272_1-2.png,processed_images\D2-0272_1-2.png,L,63,both,HER2-enriched,,2294,1914,
D2-0272,D2-0272_1-3.png,processed_images\D2-0272_1-3.png,L,63,both,HER2-enriched,,2294,1914,
D2-0272,D2-0272_1-4.png,processed_images\D2-0272_1-4.png,L,63,both,HER2-enriched,,2294,1914,
D2-0273,D2-0273_1-1.png,processed_images\D2-0273_1-1.png,R,51,both,Luminal B,,2294,1914,
D2-0273,D2-0273_1-2.png,processed_images\D2-0273_1-2.png,R,51,both,Luminal B,,2294,1914,
D2-0273,D2-0273_1-3.png,processed_images\D2-0273_1-3.png,R,51,both,Luminal B,,2294,1914,
D2-0273,D2-0273_1-4.png,processed_images\D2-0273_1-4.png,R,51,both,Luminal B,,2294,1914,
D2-0274,D2-0274_1-1.png,processed_images\D2-0274_1-1.png,R,63,both,Luminal B,,2294,1914,
D2-0274,D2-0274_1-2.png,processed_images\D2-0274_1-2.png,R,63,both,Luminal B,,2294,1914,
D2-0274,D2-0274_1-3.png,processed_images\D2-0274_1-3.png,R,63,both,Luminal B,,2294,1914,
D2-0274,D2-0274_1-4.png,processed_images\D2-0274_1-4.png,R,63,both,Luminal B,,2294,1914,
D2-0275,D2-0275_1-1.png,processed_images\D2-0275_1-1.png,L,46,both,Luminal B,,2294,1914,
D2-0275,D2-0275_1-2.png,processed_images\D2-0275_1-2.png,L,46,both,Luminal B,,2294,1914,
D2-0275,D2-0275_1-3.png,processed_images\D2-0275_1-3.png,L,46,both,Luminal B,,2294,1914,
D2-0275,D2-0275_1-4.png,processed_images\D2-0275_1-4.png,L,46,both,Luminal B,,2294,1914,
D2-0276,D2-0276_1-1.png,processed_images\D2-0276_1-1.png,R,62,both,HER2-enriched,,2294,1914,
D2-0276,D2-0276_1-2.png,processed_images\D2-0276_1-2.png,R,62,both,HER2-enriched,,2294,1914,
D2-0276,D2-0276_1-3.png,processed_images\D2-0276_1-3.png,R,62,both,HER2-enriched,,2294,1914,
D2-0276,D2-0276_1-4.png,processed_images\D2-0276_1-4.png,R,62,both,HER2-enriched,,2294,1914,
D2-0277,D2-0277_1-1.png,processed_images\D2-0277_1-1.png,L,61,both,Luminal B,,2294,1914,
D2-0277,D2-0277_1-2.png,processed_images\D2-0277_1-2.png,L,61,both,Luminal B,,2294,1914,
D2-0277,D2-0277_1-3.png,processed_images\D2-0277_1-3.png,L,61,both,Luminal B,,2294,1914,
D2-0277,D2-0277_1-4.png,processed_images\D2-0277_1-4.png,L,61,both,Luminal B,,2294,1914,
D2-0278,D2-0278_1-1.png,processed_images\D2-0278_1-1.png,L,44,both,Luminal B,,2294,1914,
D2-0278,D2-0278_1-2.png,processed_images\D2-0278_1-2.png,L,44,both,Luminal B,,2294,1914,
D2-0278,D2-0278_1-3.png,processed_images\D2-0278_1-3.png,L,44,both,Luminal B,,2294,1914,
D2-0278,D2-0278_1-4.png,processed_images\D2-0278_1-4.png,L,44,both,Luminal B,,2294,1914,
D2-0279,D2-0279_1-1.png,processed_images\D2-0279_1-1.png,L,34,both,Luminal B,,2294,1914,
D2-0279,D2-0279_1-2.png,processed_images\D2-0279_1-2.png,L,34,both,Luminal B,,2294,1914,
D2-0279,D2-0279_1-3.png,processed_images\D2-0279_1-3.png,L,34,both,Luminal B,,2294,1914,
D2-0279,D2-0279_1-4.png,processed_images\D2-0279_1-4.png,L,34,both,Luminal B,,2294,1914,
D2-0280,D2-0280_1-1.png,processed_images\D2-0280_1-1.png,R,45,both,Luminal B,,2294,1914,
D2-0280,D2-0280_1-2.png,processed_images\D2-0280_1-2.png,R,45,both,Luminal B,,2294,1914,
D2-0280,D2-0280_1-3.png,processed_images\D2-0280_1-3.png,R,45,both,Luminal B,,2294,1914,
D2-0280,D2-0280_1-4.png,processed_images\D2-0280_1-4.png,R,45,both,Luminal B,,2294,1914,
D2-0281,D2-0281_1-1.png,processed_images\D2-0281_1-1.png,L,49,both,Luminal A,,2294,1914,
D2-0281,D2-0281_1-2.png,processed_images\D2-0281_1-2.png,L,49,both,Luminal A,,2294,1914,
D2-0281,D2-0281_1-3.png,processed_images\D2-0281_1-3.png,L,49,both,Luminal A,,2294,1914,
D2-0281,D2-0281_1-4.png,processed_images\D2-0281_1-4.png,L,49,both,Luminal A,,2294,1914,
D2-0282,D2-0282_1-1.png,processed_images\D2-0282_1-1.png,R,30,both,Luminal B,,2294,1914,
D2-0282,D2-0282_1-2.png,processed_images\D2-0282_1-2.png,R,30,both,Luminal B,,2294,1914,
D2-0282,D2-0282_1-3.png,processed_images\D2-0282_1-3.png,R,30,both,Luminal B,,2294,1914,
D2-0282,D2-0282_1-4.png,processed_images\D2-0282_1-4.png,R,30,both,Luminal B,,2294,1914,
D2-0283,D2-0283_1-1.png,processed_images\D2-0283_1-1.png,L,58,both,Luminal B,,2294,1914,
D2-0283,D2-0283_1-2.png,processed_images\D2-0283_1-2.png,L,58,both,Luminal B,,2294,1914,
D2-0283,D2-0283_1-3.png,processed_images\D2-0283_1-3.png,L,58,both,Luminal B,,2294,1914,
D2-0283,D2-0283_1-4.png,processed_images\D2-0283_1-4.png,L,58,both,Luminal B,,2294,1914,
D2-0284,D2-0284_1-1.png,processed_images\D2-0284_1-1.png,L,38,both,Luminal A,,2294,1914,
D2-0284,D2-0284_1-2.png,processed_images\D2-0284_1-2.png,L,38,both,Luminal A,,2294,1914,
D2-0284,D2-0284_1-3.png,processed_images\D2-0284_1-3.png,L,38,both,Luminal A,,2294,1914,
D2-0284,D2-0284_1-4.png,processed_images\D2-0284_1-4.png,L,38,both,Luminal A,,2294,1914,
D2-0285,D2-0285_1-1.png,processed_images\D2-0285_1-1.png,L,53,both,Luminal B,,2294,1914,
D2-0285,D2-0285_1-2.png,processed_images\D2-0285_1-2.png,L,53,both,Luminal B,,2294,1914,
D2-0285,D2-0285_1-3.png,processed_images\D2-0285_1-3.png,L,53,both,Luminal B,,2294,1914,
D2-0285,D2-0285_1-4.png,processed_images\D2-0285_1-4.png,L,53,both,Luminal B,,2294,1914,
D2-0286,D2-0286_1-1.png,processed_images\D2-0286_1-1.png,L,47,both,Luminal A,,2294,1914,
D2-0286,D2-0286_1-2.png,processed_images\D2-0286_1-2.png,L,47,both,Luminal A,,2294,1914,
D2-0286,D2-0286_1-3.png,processed_images\D2-0286_1-3.png,L,47,both,Luminal A,,2294,1914,
D2-0286,D2-0286_1-4.png,processed_images\D2-0286_1-4.png,L,47,both,Luminal A,,2294,1914,
D2-0287,D2-0287_1-1.png,processed_images\D2-0287_1-1.png,R,68,both,HER2-enriched,,2294,1914,
D2-0287,D2-0287_1-2.png,processed_images\D2-0287_1-2.png,R,68,both,HER2-enriched,,2294,1914,
D2-0287,D2-0287_1-3.png,processed_images\D2-0287_1-3.png,R,68,both,HER2-enriched,,2294,1914,
D2-0287,D2-0287_1-4.png,processed_images\D2-0287_1-4.png,R,68,both,HER2-enriched,,2294,1914,
D2-0288,D2-0288_1-1.png,processed_images\D2-0288_1-1.png,L,34,both,Luminal B,,2294,1914,
D2-0288,D2-0288_1-2.png,processed_images\D2-0288_1-2.png,L,34,both,Luminal B,,2294,1914,
D2-0288,D2-0288_1-3.png,processed_images\D2-0288_1-3.png,L,34,both,Luminal B,,2294,1914,
D2-0288,D2-0288_1-4.png,processed_images\D2-0288_1-4.png,L,34,both,Luminal B,,2294,1914,
D2-0289,D2-0289_1-1.png,processed_images\D2-0289_1-1.png,L,56,both,HER2-enriched,,2294,1914,
D2-0289,D2-0289_1-2.png,processed_images\D2-0289_1-2.png,L,56,both,HER2-enriched,,2294,1914,
D2-0289,D2-0289_1-3.png,processed_images\D2-0289_1-3.png,L,56,both,HER2-enriched,,2294,1914,
D2-0289,D2-0289_1-4.png,processed_images\D2-0289_1-4.png,L,56,both,HER2-enriched,,2294,1914,
D2-0290,D2-0290_1-1.png,processed_images\D2-0290_1-1.png,L,52,both,Luminal B,,2294,1914,
D2-0290,D2-0290_1-2.png,processed_images\D2-0290_1-2.png,L,52,both,Luminal B,,2294,1914,
D2-0290,D2-0290_1-3.png,processed_images\D2-0290_1-3.png,L,52,both,Luminal B,,2294,1914,
D2-0290,D2-0290_1-4.png,processed_images\D2-0290_1-4.png,L,52,both,Luminal B,,2294,1914,
D2-0291,D2-0291_1-1.png,processed_images\D2-0291_1-1.png,L,50,both,triple negative,,2294,1914,
D2-0291,D2-0291_1-2.png,processed_images\D2-0291_1-2.png,L,50,both,triple negative,,2294,1914,
D2-0291,D2-0291_1-3.png,processed_images\D2-0291_1-3.png,L,50,both,triple negative,,2294,1914,
D2-0291,D2-0291_1-4.png,processed_images\D2-0291_1-4.png,L,50,both,triple negative,,2294,1914,
D2-0292,D2-0292_1-1.png,processed_images\D2-0292_1-1.png,R,56,both,HER2-enriched,,2294,1914,
D2-0292,D2-0292_1-2.png,processed_images\D2-0292_1-2.png,R,56,both,HER2-enriched,,2294,1914,
D2-0292,D2-0292_1-3.png,processed_images\D2-0292_1-3.png,R,56,both,HER2-enriched,,2294,1914,
D2-0292,D2-0292_1-4.png,processed_images\D2-0292_1-4.png,R,56,both,HER2-enriched,,2294,1914,
D2-0293,D2-0293_1-1.png,processed_images\D2-0293_1-1.png,R,59,both,HER2-enriched,,2294,1914,
D2-0293,D2-0293_1-2.png,processed_images\D2-0293_1-2.png,R,59,both,HER2-enriched,,2294,1914,
D2-0293,D2-0293_1-3.png,processed_images\D2-0293_1-3.png,R,59,both,HER2-enriched,,2294,1914,
D2-0293,D2-0293_1-4.png,processed_images\D2-0293_1-4.png,R,59,both,HER2-enriched,,2294,1914,
D2-0294,D2-0294_1-1.png,processed_images\D2-0294_1-1.png,L,43,both,HER2-enriched,,2294,1914,
D2-0294,D2-0294_1-2.png,processed_images\D2-0294_1-2.png,L,43,both,HER2-enriched,,2294,1914,
D2-0294,D2-0294_1-3.png,processed_images\D2-0294_1-3.png,L,43,both,HER2-enriched,,2294,1914,
D2-0294,D2-0294_1-4.png,processed_images\D2-0294_1-4.png,L,43,both,HER2-enriched,,2294,1914,
D2-0295,D2-0295_1-1.png,processed_images\D2-0295_1-1.png,R,48,both,Luminal B,,2294,1914,
D2-0295,D2-0295_1-2.png,processed_images\D2-0295_1-2.png,R,48,both,Luminal B,,2294,1914,
D2-0295,D2-0295_1-3.png,processed_images\D2-0295_1-3.png,R,48,both,Luminal B,,2294,1914,
D2-0295,D2-0295_1-4.png,processed_images\D2-0295_1-4.png,R,48,both,Luminal B,,2294,1914,
D2-0296,D2-0296_1-1.png,processed_images\D2-0296_1-1.png,L,45,both,Luminal B,,2294,1914,
D2-0296,D2-0296_1-2.png,processed_images\D2-0296_1-2.png,L,45,both,Luminal B,,2294,1914,
D2-0297,D2-0297_1-1.png,processed_images\D2-0297_1-1.png,L,51,both,Luminal B,,2294,1914,
D2-0297,D2-0297_1-2.png,processed_images\D2-0297_1-2.png,L,51,both,Luminal B,,2294,1914,
D2-0297,D2-0297_1-3.png,processed_images\D2-0297_1-3.png,L,51,both,Luminal B,,2294,1914,
D2-0297,D2-0297_1-4.png,processed_images\D2-0297_1-4.png,L,51,both,Luminal B,,2294,1914,
D2-0298,D2-0298_1-1.png,processed_images\D2-0298_1-1.png,L,72,both,Luminal B,,2294,1914,
D2-0298,D2-0298_1-2.png,processed_images\D2-0298_1-2.png,L,72,both,Luminal B,,2294,1914,
D2-0298,D2-0298_1-3.png,processed_images\D2-0298_1-3.png,L,72,both,Luminal B,,2294,1914,
D2-0298,D2-0298_1-4.png,processed_images\D2-0298_1-4.png,L,72,both,Luminal B,,2294,1914,
D2-0299,D2-0299_1-1.png,processed_images\D2-0299_1-1.png,L,64,both,Luminal A,,2294,1914,
D2-0299,D2-0299_1-2.png,processed_images\D2-0299_1-2.png,L,64,both,Luminal A,,2294,1914,
D2-0299,D2-0299_1-3.png,processed_images\D2-0299_1-3.png,L,64,both,Luminal A,,2294,1914,
D2-0299,D2-0299_1-4.png,processed_images\D2-0299_1-4.png,L,64,both,Luminal A,,2294,1914,
D2-0300,D2-0300_1-1.png,processed_images\D2-0300_1-1.png,R,82,both,Luminal B,,2294,1914,
D2-0300,D2-0300_1-2.png,processed_images\D2-0300_1-2.png,R,82,both,Luminal B,,2294,1914,
D2-0300,D2-0300_1-3.png,processed_images\D2-0300_1-3.png,R,82,both,Luminal B,,2294,1914,
D2-0300,D2-0300_1-4.png,processed_images\D2-0300_1-4.png,R,82,both,Luminal B,,2294,1914,
D2-0301,D2-0301_1-1.png,processed_images\D2-0301_1-1.png,L,62,both,Luminal A,,2294,1914,
D2-0301,D2-0301_1-2.png,processed_images\D2-0301_1-2.png,L,62,both,Luminal A,,2294,1914,
D2-0301,D2-0301_1-3.png,processed_images\D2-0301_1-3.png,L,62,both,Luminal A,,2294,1914,
D2-0301,D2-0301_1-4.png,processed_images\D2-0301_1-4.png,L,62,both,Luminal A,,2294,1914,
D2-0302,D2-0302_1-1.png,processed_images\D2-0302_1-1.png,L,36,both,Luminal B,,2294,1914,
D2-0302,D2-0302_1-2.png,processed_images\D2-0302_1-2.png,L,36,both,Luminal B,,2294,1914,
D2-0302,D2-0302_1-3.png,processed_images\D2-0302_1-3.png,L,36,both,Luminal B,,2294,1914,
D2-0302,D2-0302_1-4.png,processed_images\D2-0302_1-4.png,L,36,both,Luminal B,,2294,1914,
D2-0303,D2-0303_1-1.png,processed_images\D2-0303_1-1.png,L,36,both,Luminal B,,2294,1914,
D2-0303,D2-0303_1-2.png,processed_images\D2-0303_1-2.png,L,36,both,Luminal B,,2294,1914,
D2-0303,D2-0303_1-3.png,processed_images\D2-0303_1-3.png,L,36,both,Luminal B,,2294,1914,
D2-0303,D2-0303_1-4.png,processed_images\D2-0303_1-4.png,L,36,both,Luminal B,,2294,1914,
D2-0304,D2-0304_1-1.png,processed_images\D2-0304_1-1.png,R,50,both,Luminal A,,2294,1914,
D2-0304,D2-0304_1-2.png,processed_images\D2-0304_1-2.png,R,50,both,Luminal A,,2294,1914,
D2-0304,D2-0304_1-3.png,processed_images\D2-0304_1-3.png,R,50,both,Luminal A,,2294,1914,
D2-0304,D2-0304_1-4.png,processed_images\D2-0304_1-4.png,R,50,both,Luminal A,,2294,1914,
D2-0305,D2-0305_1-1.png,processed_images\D2-0305_1-1.png,L,62,both,HER2-enriched,,2294,1914,
D2-0305,D2-0305_1-2.png,processed_images\D2-0305_1-2.png,L,62,both,HER2-enriched,,2294,1914,
D2-0305,D2-0305_1-3.png,processed_images\D2-0305_1-3.png,L,62,both,HER2-enriched,,2294,1914,
D2-0305,D2-0305_1-4.png,processed_images\D2-0305_1-4.png,L,62,both,HER2-enriched,,2294,1914,
D2-0306,D2-0306_1-1.png,processed_images\D2-0306_1-1.png,L,47,both,Luminal B,,2294,1914,
D2-0306,D2-0306_1-2.png,processed_images\D2-0306_1-2.png,L,47,both,Luminal B,,2294,1914,
D2-0306,D2-0306_1-3.png,processed_images\D2-0306_1-3.png,L,47,both,Luminal B,,2294,1914,
D2-0306,D2-0306_1-4.png,processed_images\D2-0306_1-4.png,L,47,both,Luminal B,,2294,1914,
D2-0307,D2-0307_1-1.png,processed_images\D2-0307_1-1.png,R,59,both,Luminal B,,2294,1914,
D2-0307,D2-0307_1-2.png,processed_images\D2-0307_1-2.png,R,59,both,Luminal B,,2294,1914,
D2-0307,D2-0307_1-3.png,processed_images\D2-0307_1-3.png,R,59,both,Luminal B,,2294,1914,
D2-0307,D2-0307_1-4.png,processed_images\D2-0307_1-4.png,R,59,both,Luminal B,,2294,1914,
D2-0308,D2-0308_1-1.png,processed_images\D2-0308_1-1.png,L,61,both,HER2-enriched,,2294,1914,
D2-0308,D2-0308_1-2.png,processed_images\D2-0308_1-2.png,L,61,both,HER2-enriched,,2294,1914,
D2-0308,D2-0308_1-3.png,processed_images\D2-0308_1-3.png,L,61,both,HER2-enriched,,2294,1914,
D2-0308,D2-0308_1-4.png,processed_images\D2-0308_1-4.png,L,61,both,HER2-enriched,,2294,1914,
D2-0309,D2-0309_1-1.png,processed_images\D2-0309_1-1.png,R,36,both,Luminal B,,2294,1914,
D2-0309,D2-0309_1-2.png,processed_images\D2-0309_1-2.png,R,36,both,Luminal B,,2294,1914,
D2-0309,D2-0309_1-3.png,processed_images\D2-0309_1-3.png,R,36,both,Luminal B,,2294,1914,
D2-0309,D2-0309_1-4.png,processed_images\D2-0309_1-4.png,R,36,both,Luminal B,,2294,1914,
D2-0310,D2-0310_1-1.png,processed_images\D2-0310_1-1.png,L,35,both,Luminal B,,2294,1914,
D2-0310,D2-0310_1-2.png,processed_images\D2-0310_1-2.png,L,35,both,Luminal B,,2294,1914,
D2-0310,D2-0310_1-3.png,processed_images\D2-0310_1-3.png,L,35,both,Luminal B,,2294,1914,
D2-0310,D2-0310_1-4.png,processed_images\D2-0310_1-4.png,L,35,both,Luminal B,,2294,1914,
D2-0311,D2-0311_1-1.png,processed_images\D2-0311_1-1.png,L,45,both,HER2-enriched,,2294,1914,
D2-0311,D2-0311_1-2.png,processed_images\D2-0311_1-2.png,L,45,both,HER2-enriched,,2294,1914,
D2-0312,D2-0312_1-1.png,processed_images\D2-0312_1-1.png,L,55,both,HER2-enriched,,2294,1914,
D2-0312,D2-0312_1-2.png,processed_images\D2-0312_1-2.png,L,55,both,HER2-enriched,,2294,1914,
D2-0312,D2-0312_1-3.png,processed_images\D2-0312_1-3.png,L,55,both,HER2-enriched,,2294,1914,
D2-0312,D2-0312_1-4.png,processed_images\D2-0312_1-4.png,L,55,both,HER2-enriched,,2294,1914,
D2-0313,D2-0313_1-1.png,processed_images\D2-0313_1-1.png,R,53,both,Luminal B,,2294,1914,
D2-0313,D2-0313_1-2.png,processed_images\D2-0313_1-2.png,R,53,both,Luminal B,,2294,1914,
D2-0313,D2-0313_1-3.png,processed_images\D2-0313_1-3.png,R,53,both,Luminal B,,2294,1914,
D2-0313,D2-0313_1-4.png,processed_images\D2-0313_1-4.png,R,53,both,Luminal B,,2294,1914,
D2-0314,D2-0314_1-1.png,processed_images\D2-0314_1-1.png,R,61,both,Luminal A,,2294,1914,
D2-0314,D2-0314_1-2.png,processed_images\D2-0314_1-2.png,R,61,both,Luminal A,,2294,1914,
D2-0314,D2-0314_1-3.png,processed_images\D2-0314_1-3.png,R,61,both,Luminal A,,2294,1914,
D2-0314,D2-0314_1-4.png,processed_images\D2-0314_1-4.png,R,61,both,Luminal A,,2294,1914,
D2-0315,D2-0315_1-1.png,processed_images\D2-0315_1-1.png,R,53,both,Luminal A,,2294,1914,
D2-0315,D2-0315_1-2.png,processed_images\D2-0315_1-2.png,R,53,both,Luminal A,,2294,1914,
D2-0315,D2-0315_1-3.png,processed_images\D2-0315_1-3.png,R,53,both,Luminal A,,2294,1914,
D2-0315,D2-0315_1-4.png,processed_images\D2-0315_1-4.png,R,53,both,Luminal A,,2294,1914,
D2-0316,D2-0316_1-1.png,processed_images\D2-0316_1-1.png,R,62,both,Luminal B,,2294,1914,
D2-0316,D2-0316_1-2.png,processed_images\D2-0316_1-2.png,R,62,both,Luminal B,,2294,1914,
D2-0316,D2-0316_1-3.png,processed_images\D2-0316_1-3.png,R,62,both,Luminal B,,2294,1914,
D2-0316,D2-0316_1-4.png,processed_images\D2-0316_1-4.png,R,62,both,Luminal B,,2294,1914,
D2-0317,D2-0317_1-1.png,processed_images\D2-0317_1-1.png,L,57,both,HER2-enriched,,2294,1914,
D2-0317,D2-0317_1-2.png,processed_images\D2-0317_1-2.png,L,57,both,HER2-enriched,,2294,1914,
D2-0317,D2-0317_1-3.png,processed_images\D2-0317_1-3.png,L,57,both,HER2-enriched,,2294,1914,
D2-0317,D2-0317_1-4.png,processed_images\D2-0317_1-4.png,L,57,both,HER2-enriched,,2294,1914,
D2-0318,D2-0318_1-1.png,processed_images\D2-0318_1-1.png,L,60,both,Luminal B,,2294,1914,
D2-0318,D2-0318_1-2.png,processed_images\D2-0318_1-2.png,L,60,both,Luminal B,,2294,1914,
D2-0318,D2-0318_1-3.png,processed_images\D2-0318_1-3.png,L,60,both,Luminal B,,2294,1914,
D2-0318,D2-0318_1-4.png,processed_images\D2-0318_1-4.png,L,60,both,Luminal B,,2294,1914,
D2-0319,D2-0319_1-1.png,processed_images\D2-0319_1-1.png,L,66,both,Luminal B,,2294,1914,
D2-0319,D2-0319_1-2.png,processed_images\D2-0319_1-2.png,L,66,both,Luminal B,,2294,1914,
D2-0319,D2-0319_1-3.png,processed_images\D2-0319_1-3.png,L,66,both,Luminal B,,2294,1914,
D2-0319,D2-0319_1-4.png,processed_images\D2-0319_1-4.png,L,66,both,Luminal B,,2294,1914,
D2-0320,D2-0320_1-1.png,processed_images\D2-0320_1-1.png,L,51,both,Luminal B,,2294,1914,
D2-0320,D2-0320_1-2.png,processed_images\D2-0320_1-2.png,L,51,both,Luminal B,,2294,1914,
D2-0320,D2-0320_1-3.png,processed_images\D2-0320_1-3.png,L,51,both,Luminal B,,2294,1914,
D2-0320,D2-0320_1-4.png,processed_images\D2-0320_1-4.png,L,51,both,Luminal B,,2294,1914,
D2-0321,D2-0321_1-1.png,processed_images\D2-0321_1-1.png,R,49,both,Luminal B,,2294,1914,
D2-0321,D2-0321_1-2.png,processed_images\D2-0321_1-2.png,R,49,both,Luminal B,,2294,1914,
D2-0321,D2-0321_1-3.png,processed_images\D2-0321_1-3.png,R,49,both,Luminal B,,2294,1914,
D2-0321,D2-0321_1-4.png,processed_images\D2-0321_1-4.png,R,49,both,Luminal B,,2294,1914,
D2-0322,D2-0322_1-1.png,processed_images\D2-0322_1-1.png,R,57,both,Luminal B,,2294,1914,
D2-0322,D2-0322_1-2.png,processed_images\D2-0322_1-2.png,R,57,both,Luminal B,,2294,1914,
D2-0322,D2-0322_1-3.png,processed_images\D2-0322_1-3.png,R,57,both,Luminal B,,2294,1914,
D2-0322,D2-0322_1-4.png,processed_images\D2-0322_1-4.png,R,57,both,Luminal B,,2294,1914,
D2-0323,D2-0323_1-1.png,processed_images\D2-0323_1-1.png,R,29,both,HER2-enriched,,2294,1914,
D2-0323,D2-0323_1-2.png,processed_images\D2-0323_1-2.png,R,29,both,HER2-enriched,,2294,1914,
D2-0323,D2-0323_1-3.png,processed_images\D2-0323_1-3.png,R,29,both,HER2-enriched,,2294,1914,
D2-0323,D2-0323_1-4.png,processed_images\D2-0323_1-4.png,R,29,both,HER2-enriched,,2294,1914,
D2-0324,D2-0324_1-1.png,processed_images\D2-0324_1-1.png,L,33,both,Luminal B,,2294,1914,
D2-0324,D2-0324_1-2.png,processed_images\D2-0324_1-2.png,L,33,both,Luminal B,,2294,1914,
D2-0324,D2-0324_1-3.png,processed_images\D2-0324_1-3.png,L,33,both,Luminal B,,2294,1914,
D2-0324,D2-0324_1-4.png,processed_images\D2-0324_1-4.png,L,33,both,Luminal B,,2294,1914,
D2-0325,D2-0325_1-1.png,processed_images\D2-0325_1-1.png,L,34,both,Luminal B,,2294,1914,
D2-0325,D2-0325_1-2.png,processed_images\D2-0325_1-2.png,L,34,both,Luminal B,,2294,1914,
D2-0325,D2-0325_1-3.png,processed_images\D2-0325_1-3.png,L,34,both,Luminal B,,2294,1914,
D2-0325,D2-0325_1-4.png,processed_images\D2-0325_1-4.png,L,34,both,Luminal B,,2294,1914,
D2-0326,D2-0326_1-1.png,processed_images\D2-0326_1-1.png,L,44,both,Luminal B,,2294,1914,
D2-0326,D2-0326_1-2.png,processed_images\D2-0326_1-2.png,L,44,both,Luminal B,,2294,1914,
D2-0326,D2-0326_1-3.png,processed_images\D2-0326_1-3.png,L,44,both,Luminal B,,2294,1914,
D2-0326,D2-0326_1-4.png,processed_images\D2-0326_1-4.png,L,44,both,Luminal B,,2294,1914,
D2-0327,D2-0327_1-1.png,processed_images\D2-0327_1-1.png,L,58,both,Luminal A,,2294,1914,
D2-0327,D2-0327_1-2.png,processed_images\D2-0327_1-2.png,L,58,both,Luminal A,,2294,1914,
D2-0327,D2-0327_1-3.png,processed_images\D2-0327_1-3.png,L,58,both,Luminal A,,2294,1914,
D2-0327,D2-0327_1-4.png,processed_images\D2-0327_1-4.png,L,58,both,Luminal A,,2294,1914,
D2-0328,D2-0328_1-1.png,processed_images\D2-0328_1-1.png,L,61,both,HER2-enriched,,2294,1914,
D2-0328,D2-0328_1-2.png,processed_images\D2-0328_1-2.png,L,61,both,HER2-enriched,,2294,1914,
D2-0328,D2-0328_1-3.png,processed_images\D2-0328_1-3.png,L,61,both,HER2-enriched,,2294,1914,
D2-0328,D2-0328_1-4.png,processed_images\D2-0328_1-4.png,L,61,both,HER2-enriched,,2294,1914,
D2-0329,D2-0329_1-1.png,processed_images\D2-0329_1-1.png,R,42,both,HER2-enriched,,2294,1914,
D2-0329,D2-0329_1-2.png,processed_images\D2-0329_1-2.png,R,42,both,HER2-enriched,,2294,1914,
D2-0329,D2-0329_1-3.png,processed_images\D2-0329_1-3.png,R,42,both,HER2-enriched,,2294,1914,
D2-0329,D2-0329_1-4.png,processed_images\D2-0329_1-4.png,R,42,both,HER2-enriched,,2294,1914,
D2-0330,D2-0330_1-1.png,processed_images\D2-0330_1-1.png,L,51,both,Luminal A,,2294,1914,
D2-0330,D2-0330_1-2.png,processed_images\D2-0330_1-2.png,L,51,both,Luminal A,,2294,1914,
D2-0330,D2-0330_1-3.png,processed_images\D2-0330_1-3.png,L,51,both,Luminal A,,2294,1914,
D2-0330,D2-0330_1-4.png,processed_images\D2-0330_1-4.png,L,51,both,Luminal A,,2294,1914,
D2-0331,D2-0331_1-1.png,processed_images\D2-0331_1-1.png,R,44,both,Luminal A,,2294,1914,
D2-0331,D2-0331_1-2.png,processed_images\D2-0331_1-2.png,R,44,both,Luminal A,,2294,1914,
D2-0331,D2-0331_1-3.png,processed_images\D2-0331_1-3.png,R,44,both,Luminal A,,2294,1914,
D2-0331,D2-0331_1-4.png,processed_images\D2-0331_1-4.png,R,44,both,Luminal A,,2294,1914,
D2-0332,D2-0332_1-1.png,processed_images\D2-0332_1-1.png,L,50,both,HER2-enriched,,2294,1914,
D2-0332,D2-0332_1-2.png,processed_images\D2-0332_1-2.png,L,50,both,HER2-enriched,,2294,1914,
D2-0332,D2-0332_1-3.png,processed_images\D2-0332_1-3.png,L,50,both,HER2-enriched,,2294,1914,
D2-0332,D2-0332_1-4.png,processed_images\D2-0332_1-4.png,L,50,both,HER2-enriched,,2294,1914,
D2-0333,D2-0333_1-1.png,processed_images\D2-0333_1-1.png,R,85,mass,Luminal B,,2294,1914,
D2-0333,D2-0333_1-2.png,processed_images\D2-0333_1-2.png,R,85,mass,Luminal B,,2294,1914,
D2-0333,D2-0333_1-3.png,processed_images\D2-0333_1-3.png,R,85,mass,Luminal B,,2294,1914,
D2-0333,D2-0333_1-4.png,processed_images\D2-0333_1-4.png,R,85,mass,Luminal B,,2294,1914,
D2-0334,D2-0334_1-1.png,processed_images\D2-0334_1-1.png,L,77,mass,Luminal B,,2294,1914,
D2-0334,D2-0334_1-2.png,processed_images\D2-0334_1-2.png,L,77,mass,Luminal B,,2294,1914,
D2-0334,D2-0334_1-3.png,processed_images\D2-0334_1-3.png,L,77,mass,Luminal B,,2294,1914,
D2-0334,D2-0334_1-4.png,processed_images\D2-0334_1-4.png,L,77,mass,Luminal B,,2294,1914,
D2-0335,D2-0335_1-1.png,processed_images\D2-0335_1-1.png,R,61,mass,Luminal B,,2294,1914,
D2-0335,D2-0335_1-2.png,processed_images\D2-0335_1-2.png,R,61,mass,Luminal B,,2294,1914,
D2-0335,D2-0335_1-3.png,processed_images\D2-0335_1-3.png,R,61,mass,Luminal B,,2294,1914,
D2-0335,D2-0335_1-4.png,processed_images\D2-0335_1-4.png,R,61,mass,Luminal B,,2294,1914,
D2-0336,D2-0336_1-1.png,processed_images\D2-0336_1-1.png,R,64,mass,Luminal B,,2294,1914,
D2-0336,D2-0336_1-2.png,processed_images\D2-0336_1-2.png,R,64,mass,Luminal B,,2294,1914,
D2-0336,D2-0336_1-3.png,processed_images\D2-0336_1-3.png,R,64,mass,Luminal B,,2294,1914,
D2-0336,D2-0336_1-4.png,processed_images\D2-0336_1-4.png,R,64,mass,Luminal B,,2294,1914,
D2-0337,D2-0337_1-1.png,processed_images\D2-0337_1-1.png,R,54,mass,Luminal A,,2294,1914,
D2-0337,D2-0337_1-2.png,processed_images\D2-0337_1-2.png,R,54,mass,Luminal A,,2294,1914,
D2-0337,D2-0337_1-3.png,processed_images\D2-0337_1-3.png,R,54,mass,Luminal A,,2294,1914,
D2-0337,D2-0337_1-4.png,processed_images\D2-0337_1-4.png,R,54,mass,Luminal A,,2294,1914,
D2-0338,D2-0338_1-1.png,processed_images\D2-0338_1-1.png,R,81,mass,Luminal A,,2294,1914,
D2-0338,D2-0338_1-2.png,processed_images\D2-0338_1-2.png,R,81,mass,Luminal A,,2294,1914,
D2-0338,D2-0338_1-3.png,processed_images\D2-0338_1-3.png,R,81,mass,Luminal A,,2294,1914,
D2-0338,D2-0338_1-4.png,processed_images\D2-0338_1-4.png,R,81,mass,Luminal A,,2294,1914,
D2-0339,D2-0339_1-1.png,processed_images\D2-0339_1-1.png,L,61,mass,Luminal A,,2294,1914,
D2-0339,D2-0339_1-2.png,processed_images\D2-0339_1-2.png,L,61,mass,Luminal A,,2294,1914,
D2-0339,D2-0339_1-3.png,processed_images\D2-0339_1-3.png,L,61,mass,Luminal A,,2294,1914,
D2-0339,D2-0339_1-4.png,processed_images\D2-0339_1-4.png,L,61,mass,Luminal A,,2294,1914,
D2-0340,D2-0340_1-1.png,processed_images\D2-0340_1-1.png,R,52,mass,Luminal B,,2294,1914,
D2-0340,D2-0340_1-2.png,processed_images\D2-0340_1-2.png,R,52,mass,Luminal B,,2294,1914,
D2-0340,D2-0340_1-3.png,processed_images\D2-0340_1-3.png,R,52,mass,Luminal B,,2294,1914,
D2-0340,D2-0340_1-4.png,processed_images\D2-0340_1-4.png,R,52,mass,Luminal B,,2294,1914,
D2-0341,D2-0341_1-1.png,processed_images\D2-0341_1-1.png,R,41,mass,Luminal B,,2294,1914,
D2-0341,D2-0341_1-2.png,processed_images\D2-0341_1-2.png,R,41,mass,Luminal B,,2294,1914,
D2-0341,D2-0341_1-3.png,processed_images\D2-0341_1-3.png,R,41,mass,Luminal B,,2294,1914,
D2-0341,D2-0341_1-4.png,processed_images\D2-0341_1-4.png,R,41,mass,Luminal B,,2294,1914,
D2-0342,D2-0342_1-1.png,processed_images\D2-0342_1-1.png,R,52,mass,HER2-enriched,,2294,1914,
D2-0342,D2-0342_1-2.png,processed_images\D2-0342_1-2.png,R,52,mass,HER2-enriched,,2294,1914,
D2-0342,D2-0342_1-3.png,processed_images\D2-0342_1-3.png,R,52,mass,HER2-enriched,,2294,1914,
D2-0342,D2-0342_1-4.png,processed_images\D2-0342_1-4.png,R,52,mass,HER2-enriched,,2294,1914,
D2-0343,D2-0343_1-1.png,processed_images\D2-0343_1-1.png,R,51,mass,Luminal B,,2294,1914,
D2-0343,D2-0343_1-2.png,processed_images\D2-0343_1-2.png,R,51,mass,Luminal B,,2294,1914,
D2-0343,D2-0343_1-3.png,processed_images\D2-0343_1-3.png,R,51,mass,Luminal B,,2294,1914,
D2-0343,D2-0343_1-4.png,processed_images\D2-0343_1-4.png,R,51,mass,Luminal B,,2294,1914,
D2-0344,D2-0344_1-1.png,processed_images\D2-0344_1-1.png,R,64,mass,triple negative,,2294,1914,
D2-0344,D2-0344_1-2.png,processed_images\D2-0344_1-2.png,R,64,mass,triple negative,,2294,1914,
D2-0344,D2-0344_1-3.png,processed_images\D2-0344_1-3.png,R,64,mass,triple negative,,2294,1914,
D2-0344,D2-0344_1-4.png,processed_images\D2-0344_1-4.png,R,64,mass,triple negative,,2294,1914,
D2-0345,D2-0345_1-1.png,processed_images\D2-0345_1-1.png,R,50,mass,Luminal B,,2294,1914,
D2-0345,D2-0345_1-2.png,processed_images\D2-0345_1-2.png,R,50,mass,Luminal B,,2294,1914,
D2-0345,D2-0345_1-3.png,processed_images\D2-0345_1-3.png,R,50,mass,Luminal B,,2294,1914,
D2-0345,D2-0345_1-4.png,processed_images\D2-0345_1-4.png,R,50,mass,Luminal B,,2294,1914,
D2-0346,D2-0346_1-1.png,processed_images\D2-0346_1-1.png,R,34,mass,Luminal B,,2294,1914,
D2-0346,D2-0346_1-2.png,processed_images\D2-0346_1-2.png,R,34,mass,Luminal B,,2294,1914,
D2-0346,D2-0346_1-3.png,processed_images\D2-0346_1-3.png,R,34,mass,Luminal B,,2294,1914,
D2-0346,D2-0346_1-4.png,processed_images\D2-0346_1-4.png,R,34,mass,Luminal B,,2294,1914,
D2-0347,D2-0347_1-1.png,processed_images\D2-0347_1-1.png,R,49,mass,triple negative,,2294,1914,
D2-0347,D2-0347_1-2.png,processed_images\D2-0347_1-2.png,R,49,mass,triple negative,,2294,1914,
D2-0347,D2-0347_1-3.png,processed_images\D2-0347_1-3.png,R,49,mass,triple negative,,2294,1914,
D2-0347,D2-0347_1-4.png,processed_images\D2-0347_1-4.png,R,49,mass,triple negative,,2294,1914,
D2-0348,D2-0348_1-1.png,processed_images\D2-0348_1-1.png,R,48,mass,Luminal B,,2294,1914,
D2-0348,D2-0348_1-2.png,processed_images\D2-0348_1-2.png,R,48,mass,Luminal B,,2294,1914,
D2-0348,D2-0348_1-3.png,processed_images\D2-0348_1-3.png,R,48,mass,Luminal B,,2294,1914,
D2-0348,D2-0348_1-4.png,processed_images\D2-0348_1-4.png,R,48,mass,Luminal B,,2294,1914,
D2-0349,D2-0349_1-1.png,processed_images\D2-0349_1-1.png,R,47,mass,HER2-enriched,,2294,1914,
D2-0349,D2-0349_1-2.png,processed_images\D2-0349_1-2.png,R,47,mass,HER2-enriched,,2294,1914,
D2-0349,D2-0349_1-3.png,processed_images\D2-0349_1-3.png,R,47,mass,HER2-enriched,,2294,1914,
D2-0349,D2-0349_1-4.png,processed_images\D2-0349_1-4.png,R,47,mass,HER2-enriched,,2294,1914,
D2-0350,D2-0350_1-1.png,processed_images\D2-0350_1-1.png,L,62,mass,HER2-enriched,,2294,1914,
D2-0350,D2-0350_1-2.png,processed_images\D2-0350_1-2.png,L,62,mass,HER2-enriched,,2294,1914,
D2-0350,D2-0350_1-3.png,processed_images\D2-0350_1-3.png,L,62,mass,HER2-enriched,,2294,1914,
D2-0350,D2-0350_1-4.png,processed_images\D2-0350_1-4.png,L,62,mass,HER2-enriched,,2294,1914,
D2-0351,D2-0351_1-1.png,processed_images\D2-0351_1-1.png,R,43,mass,Luminal A,,2294,1914,
D2-0351,D2-0351_1-2.png,processed_images\D2-0351_1-2.png,R,43,mass,Luminal A,,2294,1914,
D2-0351,D2-0351_1-3.png,processed_images\D2-0351_1-3.png,R,43,mass,Luminal A,,2294,1914,
D2-0351,D2-0351_1-4.png,processed_images\D2-0351_1-4.png,R,43,mass,Luminal A,,2294,1914,
D2-0352,D2-0352_1-1.png,processed_images\D2-0352_1-1.png,L,73,mass,Luminal B,,2294,1914,
D2-0352,D2-0352_1-2.png,processed_images\D2-0352_1-2.png,L,73,mass,Luminal B,,2294,1914,
D2-0352,D2-0352_1-3.png,processed_images\D2-0352_1-3.png,L,73,mass,Luminal B,,2294,1914,
D2-0352,D2-0352_1-4.png,processed_images\D2-0352_1-4.png,L,73,mass,Luminal B,,2294,1914,
D2-0353,D2-0353_1-1.png,processed_images\D2-0353_1-1.png,L,51,mass,Luminal B,,2294,1914,
D2-0353,D2-0353_1-2.png,processed_images\D2-0353_1-2.png,L,51,mass,Luminal B,,2294,1914,
D2-0353,D2-0353_1-3.png,processed_images\D2-0353_1-3.png,L,51,mass,Luminal B,,2294,1914,
D2-0353,D2-0353_1-4.png,processed_images\D2-0353_1-4.png,L,51,mass,Luminal B,,2294,1914,
D2-0354,D2-0354_1-1.png,processed_images\D2-0354_1-1.png,R,48,mass,Luminal A,,2294,1914,
D2-0354,D2-0354_1-2.png,processed_images\D2-0354_1-2.png,R,48,mass,Luminal A,,2294,1914,
D2-0354,D2-0354_1-3.png,processed_images\D2-0354_1-3.png,R,48,mass,Luminal A,,2294,1914,
D2-0354,D2-0354_1-4.png,processed_images\D2-0354_1-4.png,R,48,mass,Luminal A,,2294,1914,
D2-0355,D2-0355_1-1.png,processed_images\D2-0355_1-1.png,R,47,mass,triple negative,,2294,1914,
D2-0355,D2-0355_1-2.png,processed_images\D2-0355_1-2.png,R,47,mass,triple negative,,2294,1914,
D2-0355,D2-0355_1-3.png,processed_images\D2-0355_1-3.png,R,47,mass,triple negative,,2294,1914,
D2-0355,D2-0355_1-4.png,processed_images\D2-0355_1-4.png,R,47,mass,triple negative,,2294,1914,
D2-0356,D2-0356_1-1.png,processed_images\D2-0356_1-1.png,R,57,mass,triple negative,,2294,1914,
D2-0356,D2-0356_1-2.png,processed_images\D2-0356_1-2.png,R,57,mass,triple negative,,2294,1914,
D2-0356,D2-0356_1-3.png,processed_images\D2-0356_1-3.png,R,57,mass,triple negative,,2294,1914,
D2-0356,D2-0356_1-4.png,processed_images\D2-0356_1-4.png,R,57,mass,triple negative,,2294,1914,
D2-0357,D2-0357_1-1.png,processed_images\D2-0357_1-1.png,R,42,mass,Luminal B,,2294,1914,
D2-0357,D2-0357_1-2.png,processed_images\D2-0357_1-2.png,R,42,mass,Luminal B,,2294,1914,
D2-0357,D2-0357_1-3.png,processed_images\D2-0357_1-3.png,R,42,mass,Luminal B,,2294,1914,
D2-0357,D2-0357_1-4.png,processed_images\D2-0357_1-4.png,R,42,mass,Luminal B,,2294,1914,
D2-0358,D2-0358_1-1.png,processed_images\D2-0358_1-1.png,R,36,mass,Luminal B,,2294,1914,
D2-0358,D2-0358_1-2.png,processed_images\D2-0358_1-2.png,R,36,mass,Luminal B,,2294,1914,
D2-0358,D2-0358_1-3.png,processed_images\D2-0358_1-3.png,R,36,mass,Luminal B,,2294,1914,
D2-0358,D2-0358_1-4.png,processed_images\D2-0358_1-4.png,R,36,mass,Luminal B,,2294,1914,
D2-0359,D2-0359_1-1.png,processed_images\D2-0359_1-1.png,L,49,mass,triple negative,,2294,1914,
D2-0359,D2-0359_1-2.png,processed_images\D2-0359_1-2.png,L,49,mass,triple negative,,2294,1914,
D2-0359,D2-0359_1-3.png,processed_images\D2-0359_1-3.png,L,49,mass,triple negative,,2294,1914,
D2-0359,D2-0359_1-4.png,processed_images\D2-0359_1-4.png,L,49,mass,triple negative,,2294,1914,
D2-0360,D2-0360_1-1.png,processed_images\D2-0360_1-1.png,L,47,mass,Luminal B,,2294,1914,
D2-0360,D2-0360_1-2.png,processed_images\D2-0360_1-2.png,L,47,mass,Luminal B,,2294,1914,
D2-0360,D2-0360_1-3.png,processed_images\D2-0360_1-3.png,L,47,mass,Luminal B,,2294,1914,
D2-0360,D2-0360_1-4.png,processed_images\D2-0360_1-4.png,L,47,mass,Luminal B,,2294,1914,
D2-0361,D2-0361_1-1.png,processed_images\D2-0361_1-1.png,L,69,mass,Luminal B,,2294,1914,
D2-0361,D2-0361_1-2.png,processed_images\D2-0361_1-2.png,L,69,mass,Luminal B,,2294,1914,
D2-0361,D2-0361_1-3.png,processed_images\D2-0361_1-3.png,L,69,mass,Luminal B,,2294,1914,
D2-0361,D2-0361_1-4.png,processed_images\D2-0361_1-4.png,L,69,mass,Luminal B,,2294,1914,
D2-0362,D2-0362_1-1.png,processed_images\D2-0362_1-1.png,L,49,mass,Luminal B,,2294,1914,
D2-0362,D2-0362_1-2.png,processed_images\D2-0362_1-2.png,L,49,mass,Luminal B,,2294,1914,
D2-0362,D2-0362_1-3.png,processed_images\D2-0362_1-3.png,L,49,mass,Luminal B,,2294,1914,
D2-0362,D2-0362_1-4.png,processed_images\D2-0362_1-4.png,L,49,mass,Luminal B,,2294,1914,
D2-0363,D2-0363_1-1.png,processed_images\D2-0363_1-1.png,R,66,mass,Luminal B,,2294,1914,
D2-0363,D2-0363_1-2.png,processed_images\D2-0363_1-2.png,R,66,mass,Luminal B,,2294,1914,
D2-0363,D2-0363_1-3.png,processed_images\D2-0363_1-3.png,R,66,mass,Luminal B,,2294,1914,
D2-0363,D2-0363_1-4.png,processed_images\D2-0363_1-4.png,R,66,mass,Luminal B,,2294,1914,
D2-0364,D2-0364_1-1.png,processed_images\D2-0364_1-1.png,L,50,mass,Luminal B,,2294,1914,
D2-0364,D2-0364_1-2.png,processed_images\D2-0364_1-2.png,L,50,mass,Luminal B,,2294,1914,
D2-0364,D2-0364_1-3.png,processed_images\D2-0364_1-3.png,L,50,mass,Luminal B,,2294,1914,
D2-0364,D2-0364_1-4.png,processed_images\D2-0364_1-4.png,L,50,mass,Luminal B,,2294,1914,
D2-0365,D2-0365_1-1.png,processed_images\D2-0365_1-1.png,L,56,mass,Luminal B,,2294,1914,
D2-0365,D2-0365_1-2.png,processed_images\D2-0365_1-2.png,L,56,mass,Luminal B,,2294,1914,
D2-0365,D2-0365_1-3.png,processed_images\D2-0365_1-3.png,L,56,mass,Luminal B,,2294,1914,
D2-0365,D2-0365_1-4.png,processed_images\D2-0365_1-4.png,L,56,mass,Luminal B,,2294,1914,
D2-0366,D2-0366_1-1.png,processed_images\D2-0366_1-1.png,L,56,mass,Luminal B,,2294,1914,
D2-0366,D2-0366_1-2.png,processed_images\D2-0366_1-2.png,L,56,mass,Luminal B,,2294,1914,
D2-0366,D2-0366_1-3.png,processed_images\D2-0366_1-3.png,L,56,mass,Luminal B,,2294,1914,
D2-0366,D2-0366_1-4.png,processed_images\D2-0366_1-4.png,L,56,mass,Luminal B,,2294,1914,
D2-0367,D2-0367_1-3.png,processed_images\D2-0367_1-3.png,R,47,mass,HER2-enriched,,2294,1914,
D2-0367,D2-0367_1-4.png,processed_images\D2-0367_1-4.png,R,47,mass,HER2-enriched,,2294,1914,
D2-0368,D2-0368_1-1.png,processed_images\D2-0368_1-1.png,R,50,mass,Luminal B,,2294,1914,
D2-0368,D2-0368_1-2.png,processed_images\D2-0368_1-2.png,R,50,mass,Luminal B,,2294,1914,
D2-0368,D2-0368_1-3.png,processed_images\D2-0368_1-3.png,R,50,mass,Luminal B,,2294,1914,
D2-0368,D2-0368_1-4.png,processed_images\D2-0368_1-4.png,R,50,mass,Luminal B,,2294,1914,
D2-0369,D2-0369_1-1.png,processed_images\D2-0369_1-1.png,L,50,mass,Luminal B,,2294,1914,
D2-0369,D2-0369_1-2.png,processed_images\D2-0369_1-2.png,L,50,mass,Luminal B,,2294,1914,
D2-0369,D2-0369_1-3.png,processed_images\D2-0369_1-3.png,L,50,mass,Luminal B,,2294,1914,
D2-0369,D2-0369_1-4.png,processed_images\D2-0369_1-4.png,L,50,mass,Luminal B,,2294,1914,
D2-0370,D2-0370_1-1.png,processed_images\D2-0370_1-1.png,L,46,mass,Luminal A,,2294,1914,
D2-0370,D2-0370_1-2.png,processed_images\D2-0370_1-2.png,L,46,mass,Luminal A,,2294,1914,
D2-0370,D2-0370_1-3.png,processed_images\D2-0370_1-3.png,L,46,mass,Luminal A,,2294,1914,
D2-0370,D2-0370_1-4.png,processed_images\D2-0370_1-4.png,L,46,mass,Luminal A,,2294,1914,
D2-0371,D2-0371_1-1.png,processed_images\D2-0371_1-1.png,R,40,mass,Luminal B,,2294,1914,
D2-0371,D2-0371_1-2.png,processed_images\D2-0371_1-2.png,R,40,mass,Luminal B,,2294,1914,
D2-0371,D2-0371_1-3.png,processed_images\D2-0371_1-3.png,R,40,mass,Luminal B,,2294,1914,
D2-0371,D2-0371_1-4.png,processed_images\D2-0371_1-4.png,R,40,mass,Luminal B,,2294,1914,
D2-0372,D2-0372_1-1.png,processed_images\D2-0372_1-1.png,L,56,mass,triple negative,,2294,1914,
D2-0372,D2-0372_1-2.png,processed_images\D2-0372_1-2.png,L,56,mass,triple negative,,2294,1914,
D2-0372,D2-0372_1-3.png,processed_images\D2-0372_1-3.png,L,56,mass,triple negative,,2294,1914,
D2-0372,D2-0372_1-4.png,processed_images\D2-0372_1-4.png,L,56,mass,triple negative,,2294,1914,
D2-0373,D2-0373_1-1.png,processed_images\D2-0373_1-1.png,L,59,mass,Luminal B,,2294,1914,
D2-0373,D2-0373_1-2.png,processed_images\D2-0373_1-2.png,L,59,mass,Luminal B,,2294,1914,
D2-0373,D2-0373_1-3.png,processed_images\D2-0373_1-3.png,L,59,mass,Luminal B,,2294,1914,
D2-0373,D2-0373_1-4.png,processed_images\D2-0373_1-4.png,L,59,mass,Luminal B,,2294,1914,
D2-0374,D2-0374_1-1.png,processed_images\D2-0374_1-1.png,R,62,mass,Luminal B,,2294,1914,
D2-0374,D2-0374_1-2.png,processed_images\D2-0374_1-2.png,R,62,mass,Luminal B,,2294,1914,
D2-0374,D2-0374_1-3.png,processed_images\D2-0374_1-3.png,R,62,mass,Luminal B,,2294,1914,
D2-0374,D2-0374_1-4.png,processed_images\D2-0374_1-4.png,R,62,mass,Luminal B,,2294,1914,
D2-0375,D2-0375_1-1.png,processed_images\D2-0375_1-1.png,R,49,mass,triple negative,,2294,1914,
D2-0375,D2-0375_1-2.png,processed_images\D2-0375_1-2.png,R,49,mass,triple negative,,2294,1914,
D2-0375,D2-0375_1-3.png,processed_images\D2-0375_1-3.png,R,49,mass,triple negative,,2294,1914,
D2-0375,D2-0375_1-4.png,processed_images\D2-0375_1-4.png,R,49,mass,triple negative,,2294,1914,
D2-0376,D2-0376_1-1.png,processed_images\D2-0376_1-1.png,L,59,mass,triple negative,,2294,1914,
D2-0376,D2-0376_1-2.png,processed_images\D2-0376_1-2.png,L,59,mass,triple negative,,2294,1914,
D2-0376,D2-0376_1-3.png,processed_images\D2-0376_1-3.png,L,59,mass,triple negative,,2294,1914,
D2-0376,D2-0376_1-4.png,processed_images\D2-0376_1-4.png,L,59,mass,triple negative,,2294,1914,
D2-0377,D2-0377_1-1.png,processed_images\D2-0377_1-1.png,L,65,mass,Luminal A,,2294,1914,
D2-0377,D2-0377_1-2.png,processed_images\D2-0377_1-2.png,L,65,mass,Luminal A,,2294,1914,
D2-0377,D2-0377_1-3.png,processed_images\D2-0377_1-3.png,L,65,mass,Luminal A,,2294,1914,
D2-0377,D2-0377_1-4.png,processed_images\D2-0377_1-4.png,L,65,mass,Luminal A,,2294,1914,
D2-0378,D2-0378_1-1.png,processed_images\D2-0378_1-1.png,L,43,mass,Luminal B,,2294,1914,
D2-0378,D2-0378_1-2.png,processed_images\D2-0378_1-2.png,L,43,mass,Luminal B,,2294,1914,
D2-0378,D2-0378_1-3.png,processed_images\D2-0378_1-3.png,L,43,mass,Luminal B,,2294,1914,
D2-0378,D2-0378_1-4.png,processed_images\D2-0378_1-4.png,L,43,mass,Luminal B,,2294,1914,
D2-0379,D2-0379_1-1.png,processed_images\D2-0379_1-1.png,L,52,mass,Luminal B,,2294,1914,
D2-0379,D2-0379_1-2.png,processed_images\D2-0379_1-2.png,L,52,mass,Luminal B,,2294,1914,
D2-0379,D2-0379_1-3.png,processed_images\D2-0379_1-3.png,L,52,mass,Luminal B,,2294,1914,
D2-0379,D2-0379_1-4.png,processed_images\D2-0379_1-4.png,L,52,mass,Luminal B,,2294,1914,
D2-0380,D2-0380_1-1.png,processed_images\D2-0380_1-1.png,L,52,mass,Luminal B,,2294,1914,
D2-0380,D2-0380_1-2.png,processed_images\D2-0380_1-2.png,L,52,mass,Luminal B,,2294,1914,
D2-0380,D2-0380_1-3.png,processed_images\D2-0380_1-3.png,L,52,mass,Luminal B,,2294,1914,
D2-0380,D2-0380_1-4.png,processed_images\D2-0380_1-4.png,L,52,mass,Luminal B,,2294,1914,
D2-0381,D2-0381_1-1.png,processed_images\D2-0381_1-1.png,L,65,mass,Luminal A,,2294,1914,
D2-0381,D2-0381_1-2.png,processed_images\D2-0381_1-2.png,L,65,mass,Luminal A,,2294,1914,
D2-0381,D2-0381_1-3.png,processed_images\D2-0381_1-3.png,L,65,mass,Luminal A,,2294,1914,
D2-0381,D2-0381_1-4.png,processed_images\D2-0381_1-4.png,L,65,mass,Luminal A,,2294,1914,
D2-0382,D2-0382_1-1.png,processed_images\D2-0382_1-1.png,R,67,mass,Luminal A,,2294,1914,
D2-0382,D2-0382_1-2.png,processed_images\D2-0382_1-2.png,R,67,mass,Luminal A,,2294,1914,
D2-0382,D2-0382_1-3.png,processed_images\D2-0382_1-3.png,R,67,mass,Luminal A,,2294,1914,
D2-0382,D2-0382_1-4.png,processed_images\D2-0382_1-4.png,R,67,mass,Luminal A,,2294,1914,
D2-0383,D2-0383_1-1.png,processed_images\D2-0383_1-1.png,L,62,mass,Luminal B,,2294,1914,
D2-0383,D2-0383_1-2.png,processed_images\D2-0383_1-2.png,L,62,mass,Luminal B,,2294,1914,
D2-0383,D2-0383_1-3.png,processed_images\D2-0383_1-3.png,L,62,mass,Luminal B,,2294,1914,
D2-0383,D2-0383_1-4.png,processed_images\D2-0383_1-4.png,L,62,mass,Luminal B,,2294,1914,
D2-0384,D2-0384_1-1.png,processed_images\D2-0384_1-1.png,R,41,mass,Luminal B,,2294,1914,
D2-0384,D2-0384_1-2.png,processed_images\D2-0384_1-2.png,R,41,mass,Luminal B,,2294,1914,
D2-0384,D2-0384_1-3.png,processed_images\D2-0384_1-3.png,R,41,mass,Luminal B,,2294,1914,
D2-0384,D2-0384_1-4.png,processed_images\D2-0384_1-4.png,R,41,mass,Luminal B,,2294,1914,
D2-0385,D2-0385_1-1.png,processed_images\D2-0385_1-1.png,R,43,mass,Luminal A,,2294,1914,
D2-0385,D2-0385_1-2.png,processed_images\D2-0385_1-2.png,R,43,mass,Luminal A,,2294,1914,
D2-0385,D2-0385_1-3.png,processed_images\D2-0385_1-3.png,R,43,mass,Luminal A,,2294,1914,
D2-0385,D2-0385_1-4.png,processed_images\D2-0385_1-4.png,R,43,mass,Luminal A,,2294,1914,
D2-0386,D2-0386_1-1.png,processed_images\D2-0386_1-1.png,R,40,mass,Luminal B,,2294,1914,
D2-0386,D2-0386_1-2.png,processed_images\D2-0386_1-2.png,R,40,mass,Luminal B,,2294,1914,
D2-0386,D2-0386_1-3.png,processed_images\D2-0386_1-3.png,R,40,mass,Luminal B,,2294,1914,
D2-0386,D2-0386_1-4.png,processed_images\D2-0386_1-4.png,R,40,mass,Luminal B,,2294,1914,
D2-0387,D2-0387_1-1.png,processed_images\D2-0387_1-1.png,L,53,mass,triple negative,,2294,1914,
D2-0387,D2-0387_1-2.png,processed_images\D2-0387_1-2.png,L,53,mass,triple negative,,2294,1914,
D2-0387,D2-0387_1-3.png,processed_images\D2-0387_1-3.png,L,53,mass,triple negative,,2294,1914,
D2-0387,D2-0387_1-4.png,processed_images\D2-0387_1-4.png,L,53,mass,triple negative,,2294,1914,
D2-0388,D2-0388_1-1.png,processed_images\D2-0388_1-1.png,L,44,mass,Luminal B,,2294,1914,
D2-0388,D2-0388_1-2.png,processed_images\D2-0388_1-2.png,L,44,mass,Luminal B,,2294,1914,
D2-0388,D2-0388_1-3.png,processed_images\D2-0388_1-3.png,L,44,mass,Luminal B,,2294,1914,
D2-0388,D2-0388_1-4.png,processed_images\D2-0388_1-4.png,L,44,mass,Luminal B,,2294,1914,
D2-0389,D2-0389_1-1.png,processed_images\D2-0389_1-1.png,R,47,mass,Luminal B,,2294,1914,
D2-0389,D2-0389_1-2.png,processed_images\D2-0389_1-2.png,R,47,mass,Luminal B,,2294,1914,
D2-0389,D2-0389_1-3.png,processed_images\D2-0389_1-3.png,R,47,mass,Luminal B,,2294,1914,
D2-0389,D2-0389_1-4.png,processed_images\D2-0389_1-4.png,R,47,mass,Luminal B,,2294,1914,
D2-0390,D2-0390_1-1.png,processed_images\D2-0390_1-1.png,R,39,mass,Luminal A,,2294,1914,
D2-0390,D2-0390_1-2.png,processed_images\D2-0390_1-2.png,R,39,mass,Luminal A,,2294,1914,
D2-0390,D2-0390_1-3.png,processed_images\D2-0390_1-3.png,R,39,mass,Luminal A,,2294,1914,
D2-0390,D2-0390_1-4.png,processed_images\D2-0390_1-4.png,R,39,mass,Luminal A,,2294,1914,
D2-0391,D2-0391_1-1.png,processed_images\D2-0391_1-1.png,L,41,mass,Luminal B,,2294,1914,
D2-0391,D2-0391_1-2.png,processed_images\D2-0391_1-2.png,L,41,mass,Luminal B,,2294,1914,
D2-0391,D2-0391_1-3.png,processed_images\D2-0391_1-3.png,L,41,mass,Luminal B,,2294,1914,
D2-0391,D2-0391_1-4.png,processed_images\D2-0391_1-4.png,L,41,mass,Luminal B,,2294,1914,
D2-0392,D2-0392_1-1.png,processed_images\D2-0392_1-1.png,R,55,mass,Luminal B,,2294,1914,
D2-0392,D2-0392_1-2.png,processed_images\D2-0392_1-2.png,R,55,mass,Luminal B,,2294,1914,
D2-0392,D2-0392_1-3.png,processed_images\D2-0392_1-3.png,R,55,mass,Luminal B,,2294,1914,
D2-0392,D2-0392_1-4.png,processed_images\D2-0392_1-4.png,R,55,mass,Luminal B,,2294,1914,
D2-0393,D2-0393_1-1.png,processed_images\D2-0393_1-1.png,R,35,mass,Luminal A,,2294,1914,
D2-0393,D2-0393_1-2.png,processed_images\D2-0393_1-2.png,R,35,mass,Luminal A,,2294,1914,
D2-0393,D2-0393_1-3.png,processed_images\D2-0393_1-3.png,R,35,mass,Luminal A,,2294,1914,
D2-0393,D2-0393_1-4.png,processed_images\D2-0393_1-4.png,R,35,mass,Luminal A,,2294,1914,
D2-0394,D2-0394_1-1.png,processed_images\D2-0394_1-1.png,L,46,mass,HER2-enriched,,2294,1914,
D2-0394,D2-0394_1-2.png,processed_images\D2-0394_1-2.png,L,46,mass,HER2-enriched,,2294,1914,
D2-0394,D2-0394_1-3.png,processed_images\D2-0394_1-3.png,L,46,mass,HER2-enriched,,2294,1914,
D2-0394,D2-0394_1-4.png,processed_images\D2-0394_1-4.png,L,46,mass,HER2-enriched,,2294,1914,
D2-0395,D2-0395_1-1.png,processed_images\D2-0395_1-1.png,R,39,mass,Luminal A,,2294,1914,
D2-0395,D2-0395_1-2.png,processed_images\D2-0395_1-2.png,R,39,mass,Luminal A,,2294,1914,
D2-0395,D2-0395_1-3.png,processed_images\D2-0395_1-3.png,R,39,mass,Luminal A,,2294,1914,
D2-0395,D2-0395_1-4.png,processed_images\D2-0395_1-4.png,R,39,mass,Luminal A,,2294,1914,
D2-0396,D2-0396_1-1.png,processed_images\D2-0396_1-1.png,L,43,mass,Luminal A,,2294,1914,
D2-0396,D2-0396_1-2.png,processed_images\D2-0396_1-2.png,L,43,mass,Luminal A,,2294,1914,
D2-0396,D2-0396_1-3.png,processed_images\D2-0396_1-3.png,L,43,mass,Luminal A,,2294,1914,
D2-0396,D2-0396_1-4.png,processed_images\D2-0396_1-4.png,L,43,mass,Luminal A,,2294,1914,
D2-0397,D2-0397_1-1.png,processed_images\D2-0397_1-1.png,L,52,mass,Luminal B,,2294,1914,
D2-0397,D2-0397_1-2.png,processed_images\D2-0397_1-2.png,L,52,mass,Luminal B,,2294,1914,
D2-0397,D2-0397_1-3.png,processed_images\D2-0397_1-3.png,L,52,mass,Luminal B,,2294,1914,
D2-0397,D2-0397_1-4.png,processed_images\D2-0397_1-4.png,L,52,mass,Luminal B,,2294,1914,
D2-0398,D2-0398_1-1.png,processed_images\D2-0398_1-1.png,L,50,mass,HER2-enriched,,2294,1914,
D2-0398,D2-0398_1-2.png,processed_images\D2-0398_1-2.png,L,50,mass,HER2-enriched,,2294,1914,
D2-0398,D2-0398_1-3.png,processed_images\D2-0398_1-3.png,L,50,mass,HER2-enriched,,2294,1914,
D2-0398,D2-0398_1-4.png,processed_images\D2-0398_1-4.png,L,50,mass,HER2-enriched,,2294,1914,
D2-0399,D2-0399_1-1.png,processed_images\D2-0399_1-1.png,R,61,mass,Luminal B,,2294,1914,
D2-0399,D2-0399_1-2.png,processed_images\D2-0399_1-2.png,R,61,mass,Luminal B,,2294,1914,
D2-0399,D2-0399_1-3.png,processed_images\D2-0399_1-3.png,R,61,mass,Luminal B,,2294,1914,
D2-0399,D2-0399_1-4.png,processed_images\D2-0399_1-4.png,R,61,mass,Luminal B,,2294,1914,
D2-0400,D2-0400_1-1.png,processed_images\D2-0400_1-1.png,L,63,mass,Luminal B,,2294,1914,
D2-0400,D2-0400_1-2.png,processed_images\D2-0400_1-2.png,L,63,mass,Luminal B,,2294,1914,
D2-0400,D2-0400_1-3.png,processed_images\D2-0400_1-3.png,L,63,mass,Luminal B,,2294,1914,
D2-0400,D2-0400_1-4.png,processed_images\D2-0400_1-4.png,L,63,mass,Luminal B,,2294,1914,
D2-0401,D2-0401_1-1.png,processed_images\D2-0401_1-1.png,L,67,mass,Luminal A,,2294,1914,
D2-0401,D2-0401_1-2.png,processed_images\D2-0401_1-2.png,L,67,mass,Luminal A,,2294,1914,
D2-0401,D2-0401_1-3.png,processed_images\D2-0401_1-3.png,L,67,mass,Luminal A,,2294,1914,
D2-0401,D2-0401_1-4.png,processed_images\D2-0401_1-4.png,L,67,mass,Luminal A,,2294,1914,
D2-0402,D2-0402_1-1.png,processed_images\D2-0402_1-1.png,R,49,mass,Luminal A,,2294,1914,
D2-0402,D2-0402_1-2.png,processed_images\D2-0402_1-2.png,R,49,mass,Luminal A,,2294,1914,
D2-0403,D2-0403_1-1.png,processed_images\D2-0403_1-1.png,L,35,mass,Luminal B,,2294,1914,
D2-0403,D2-0403_1-2.png,processed_images\D2-0403_1-2.png,L,35,mass,Luminal B,,2294,1914,
D2-0403,D2-0403_1-3.png,processed_images\D2-0403_1-3.png,L,35,mass,Luminal B,,2294,1914,
D2-0403,D2-0403_1-4.png,processed_images\D2-0403_1-4.png,L,35,mass,Luminal B,,2294,1914,
D2-0404,D2-0404_1-1.png,processed_images\D2-0404_1-1.png,L,47,mass,Luminal B,,2294,1914,
D2-0404,D2-0404_1-2.png,processed_images\D2-0404_1-2.png,L,47,mass,Luminal B,,2294,1914,
D2-0404,D2-0404_1-3.png,processed_images\D2-0404_1-3.png,L,47,mass,Luminal B,,2294,1914,
D2-0404,D2-0404_1-4.png,processed_images\D2-0404_1-4.png,L,47,mass,Luminal B,,2294,1914,
D2-0405,D2-0405_1-1.png,processed_images\D2-0405_1-1.png,L,57,mass,Luminal B,,2294,1914,
D2-0405,D2-0405_1-2.png,processed_images\D2-0405_1-2.png,L,57,mass,Luminal B,,2294,1914,
D2-0405,D2-0405_1-3.png,processed_images\D2-0405_1-3.png,L,57,mass,Luminal B,,2294,1914,
D2-0405,D2-0405_1-4.png,processed_images\D2-0405_1-4.png,L,57,mass,Luminal B,,2294,1914,
D2-0406,D2-0406_1-1.png,processed_images\D2-0406_1-1.png,R,51,mass,Luminal A,,2294,1914,
D2-0406,D2-0406_1-2.png,processed_images\D2-0406_1-2.png,R,51,mass,Luminal A,,2294,1914,
D2-0406,D2-0406_1-3.png,processed_images\D2-0406_1-3.png,R,51,mass,Luminal A,,2294,1914,
D2-0406,D2-0406_1-4.png,processed_images\D2-0406_1-4.png,R,51,mass,Luminal A,,2294,1914,
D2-0407,D2-0407_1-1.png,processed_images\D2-0407_1-1.png,R,59,mass,Luminal B,,2294,1914,
D2-0407,D2-0407_1-2.png,processed_images\D2-0407_1-2.png,R,59,mass,Luminal B,,2294,1914,
D2-0407,D2-0407_1-3.png,processed_images\D2-0407_1-3.png,R,59,mass,Luminal B,,2294,1914,
D2-0407,D2-0407_1-4.png,processed_images\D2-0407_1-4.png,R,59,mass,Luminal B,,2294,1914,
D2-0408,D2-0408_1-1.png,processed_images\D2-0408_1-1.png,R,48,mass,Luminal B,,2294,1914,
D2-0408,D2-0408_1-2.png,processed_images\D2-0408_1-2.png,R,48,mass,Luminal B,,2294,1914,
D2-0408,D2-0408_1-3.png,processed_images\D2-0408_1-3.png,R,48,mass,Luminal B,,2294,1914,
D2-0408,D2-0408_1-4.png,processed_images\D2-0408_1-4.png,R,48,mass,Luminal B,,2294,1914,
D2-0409,D2-0409_1-1.png,processed_images\D2-0409_1-1.png,R,27,mass,Luminal B,,2294,1914,
D2-0409,D2-0409_1-2.png,processed_images\D2-0409_1-2.png,R,27,mass,Luminal B,,2294,1914,
D2-0409,D2-0409_1-3.png,processed_images\D2-0409_1-3.png,R,27,mass,Luminal B,,2294,1914,
D2-0409,D2-0409_1-4.png,processed_images\D2-0409_1-4.png,R,27,mass,Luminal B,,2294,1914,
D2-0410,D2-0410_1-1.png,processed_images\D2-0410_1-1.png,L,43,mass,Luminal B,,2294,1914,
D2-0410,D2-0410_1-2.png,processed_images\D2-0410_1-2.png,L,43,mass,Luminal B,,2294,1914,
D2-0410,D2-0410_1-3.png,processed_images\D2-0410_1-3.png,L,43,mass,Luminal B,,2294,1914,
D2-0410,D2-0410_1-4.png,processed_images\D2-0410_1-4.png,L,43,mass,Luminal B,,2294,1914,
D2-0411,D2-0411_1-1.png,processed_images\D2-0411_1-1.png,R,48,mass,Luminal A,,2294,1914,
D2-0411,D2-0411_1-2.png,processed_images\D2-0411_1-2.png,R,48,mass,Luminal A,,2294,1914,
D2-0411,D2-0411_1-3.png,processed_images\D2-0411_1-3.png,R,48,mass,Luminal A,,2294,1914,
D2-0411,D2-0411_1-4.png,processed_images\D2-0411_1-4.png,R,48,mass,Luminal A,,2294,1914,
D2-0412,D2-0412_1-1.png,processed_images\D2-0412_1-1.png,R,41,mass,Luminal B,,2294,1914,
D2-0412,D2-0412_1-2.png,processed_images\D2-0412_1-2.png,R,41,mass,Luminal B,,2294,1914,
D2-0412,D2-0412_1-3.png,processed_images\D2-0412_1-3.png,R,41,mass,Luminal B,,2294,1914,
D2-0412,D2-0412_1-4.png,processed_images\D2-0412_1-4.png,R,41,mass,Luminal B,,2294,1914,
D2-0413,D2-0413_1-1.png,processed_images\D2-0413_1-1.png,R,71,mass,Luminal A,,2294,1914,
D2-0413,D2-0413_1-2.png,processed_images\D2-0413_1-2.png,R,71,mass,Luminal A,,2294,1914,
D2-0413,D2-0413_1-3.png,processed_images\D2-0413_1-3.png,R,71,mass,Luminal A,,2294,1914,
D2-0413,D2-0413_1-4.png,processed_images\D2-0413_1-4.png,R,71,mass,Luminal A,,2294,1914,
D2-0414,D2-0414_1-1.png,processed_images\D2-0414_1-1.png,L,39,mass,Luminal B,,2294,1914,
D2-0414,D2-0414_1-2.png,processed_images\D2-0414_1-2.png,L,39,mass,Luminal B,,2294,1914,
D2-0414,D2-0414_1-3.png,processed_images\D2-0414_1-3.png,L,39,mass,Luminal B,,2294,1914,
D2-0414,D2-0414_1-4.png,processed_images\D2-0414_1-4.png,L,39,mass,Luminal B,,2294,1914,
D2-0415,D2-0415_1-1.png,processed_images\D2-0415_1-1.png,L,43,mass,triple negative,,2294,1914,
D2-0415,D2-0415_1-2.png,processed_images\D2-0415_1-2.png,L,43,mass,triple negative,,2294,1914,
D2-0415,D2-0415_1-3.png,processed_images\D2-0415_1-3.png,L,43,mass,triple negative,,2294,1914,
D2-0415,D2-0415_1-4.png,processed_images\D2-0415_1-4.png,L,43,mass,triple negative,,2294,1914,
D2-0416,D2-0416_1-1.png,processed_images\D2-0416_1-1.png,L,49,mass,Luminal B,,2294,1914,
D2-0416,D2-0416_1-2.png,processed_images\D2-0416_1-2.png,L,49,mass,Luminal B,,2294,1914,
D2-0416,D2-0416_1-3.png,processed_images\D2-0416_1-3.png,L,49,mass,Luminal B,,2294,1914,
D2-0416,D2-0416_1-4.png,processed_images\D2-0416_1-4.png,L,49,mass,Luminal B,,2294,1914,
D2-0417,D2-0417_1-1.png,processed_images\D2-0417_1-1.png,R,47,mass,Luminal B,,2294,1914,
D2-0417,D2-0417_1-2.png,processed_images\D2-0417_1-2.png,R,47,mass,Luminal B,,2294,1914,
D2-0417,D2-0417_1-3.png,processed_images\D2-0417_1-3.png,R,47,mass,Luminal B,,2294,1914,
D2-0417,D2-0417_1-4.png,processed_images\D2-0417_1-4.png,R,47,mass,Luminal B,,2294,1914,
D2-0418,D2-0418_1-1.png,processed_images\D2-0418_1-1.png,L,83,mass,Luminal B,,2294,1914,
D2-0418,D2-0418_1-2.png,processed_images\D2-0418_1-2.png,L,83,mass,Luminal B,,2294,1914,
D2-0418,D2-0418_1-3.png,processed_images\D2-0418_1-3.png,L,83,mass,Luminal B,,2294,1914,
D2-0418,D2-0418_1-4.png,processed_images\D2-0418_1-4.png,L,83,mass,Luminal B,,2294,1914,
D2-0419,D2-0419_1-1.png,processed_images\D2-0419_1-1.png,L,48,mass,HER2-enriched,,2294,1914,
D2-0419,D2-0419_1-2.png,processed_images\D2-0419_1-2.png,L,48,mass,HER2-enriched,,2294,1914,
D2-0419,D2-0419_1-3.png,processed_images\D2-0419_1-3.png,L,48,mass,HER2-enriched,,2294,1914,
D2-0419,D2-0419_1-4.png,processed_images\D2-0419_1-4.png,L,48,mass,HER2-enriched,,2294,1914,
D2-0420,D2-0420_1-1.png,processed_images\D2-0420_1-1.png,L,49,mass,Luminal A,,2294,1914,
D2-0420,D2-0420_1-2.png,processed_images\D2-0420_1-2.png,L,49,mass,Luminal A,,2294,1914,
D2-0420,D2-0420_1-3.png,processed_images\D2-0420_1-3.png,L,49,mass,Luminal A,,2294,1914,
D2-0420,D2-0420_1-4.png,processed_images\D2-0420_1-4.png,L,49,mass,Luminal A,,2294,1914,
D2-0421,D2-0421_1-1.png,processed_images\D2-0421_1-1.png,L,59,mass,Luminal B,,2294,1914,
D2-0421,D2-0421_1-2.png,processed_images\D2-0421_1-2.png,L,59,mass,Luminal B,,2294,1914,
D2-0421,D2-0421_1-3.png,processed_images\D2-0421_1-3.png,L,59,mass,Luminal B,,2294,1914,
D2-0421,D2-0421_1-4.png,processed_images\D2-0421_1-4.png,L,59,mass,Luminal B,,2294,1914,
D2-0422,D2-0422_1-1.png,processed_images\D2-0422_1-1.png,R,48,mass,Luminal B,,2294,1914,
D2-0422,D2-0422_1-2.png,processed_images\D2-0422_1-2.png,R,48,mass,Luminal B,,2294,1914,
D2-0422,D2-0422_1-3.png,processed_images\D2-0422_1-3.png,R,48,mass,Luminal B,,2294,1914,
D2-0422,D2-0422_1-4.png,processed_images\D2-0422_1-4.png,R,48,mass,Luminal B,,2294,1914,
D2-0423,D2-0423_1-1.png,processed_images\D2-0423_1-1.png,L,48,mass,Luminal B,,2294,1914,
D2-0423,D2-0423_1-2.png,processed_images\D2-0423_1-2.png,L,48,mass,Luminal B,,2294,1914,
D2-0423,D2-0423_1-3.png,processed_images\D2-0423_1-3.png,L,48,mass,Luminal B,,2294,1914,
D2-0423,D2-0423_1-4.png,processed_images\D2-0423_1-4.png,L,48,mass,Luminal B,,2294,1914,
D2-0424,D2-0424_1-1.png,processed_images\D2-0424_1-1.png,L,65,mass,triple negative,,2294,1914,
D2-0424,D2-0424_1-2.png,processed_images\D2-0424_1-2.png,L,65,mass,triple negative,,2294,1914,
D2-0424,D2-0424_1-3.png,processed_images\D2-0424_1-3.png,L,65,mass,triple negative,,2294,1914,
D2-0424,D2-0424_1-4.png,processed_images\D2-0424_1-4.png,L,65,mass,triple negative,,2294,1914,
D2-0425,D2-0425_1-1.png,processed_images\D2-0425_1-1.png,L,56,mass,HER2-enriched,,2294,1914,
D2-0425,D2-0425_1-2.png,processed_images\D2-0425_1-2.png,L,56,mass,HER2-enriched,,2294,1914,
D2-0425,D2-0425_1-3.png,processed_images\D2-0425_1-3.png,L,56,mass,HER2-enriched,,2294,1914,
D2-0425,D2-0425_1-4.png,processed_images\D2-0425_1-4.png,L,56,mass,HER2-enriched,,2294,1914,
D2-0426,D2-0426_1-1.png,processed_images\D2-0426_1-1.png,R,27,mass,Luminal B,,2294,1914,
D2-0426,D2-0426_1-2.png,processed_images\D2-0426_1-2.png,R,27,mass,Luminal B,,2294,1914,
D2-0426,D2-0426_1-3.png,processed_images\D2-0426_1-3.png,R,27,mass,Luminal B,,2294,1914,
D2-0426,D2-0426_1-4.png,processed_images\D2-0426_1-4.png,R,27,mass,Luminal B,,2294,1914,
D2-0427,D2-0427_1-1.png,processed_images\D2-0427_1-1.png,L,69,mass,Luminal A,,2294,1914,
D2-0427,D2-0427_1-2.png,processed_images\D2-0427_1-2.png,L,69,mass,Luminal A,,2294,1914,
D2-0427,D2-0427_1-3.png,processed_images\D2-0427_1-3.png,L,69,mass,Luminal A,,2294,1914,
D2-0427,D2-0427_1-4.png,processed_images\D2-0427_1-4.png,L,69,mass,Luminal A,,2294,1914,
D2-0428,D2-0428_1-1.png,processed_images\D2-0428_1-1.png,L,49,mass,Luminal B,,2294,1914,
D2-0428,D2-0428_1-2.png,processed_images\D2-0428_1-2.png,L,49,mass,Luminal B,,2294,1914,
D2-0428,D2-0428_1-3.png,processed_images\D2-0428_1-3.png,L,49,mass,Luminal B,,2294,1914,
D2-0428,D2-0428_1-4.png,processed_images\D2-0428_1-4.png,L,49,mass,Luminal B,,2294,1914,
D2-0429,D2-0429_1-1.png,processed_images\D2-0429_1-1.png,L,46,mass,HER2-enriched,,2294,1914,
D2-0429,D2-0429_1-2.png,processed_images\D2-0429_1-2.png,L,46,mass,HER2-enriched,,2294,1914,
D2-0429,D2-0429_1-3.png,processed_images\D2-0429_1-3.png,L,46,mass,HER2-enriched,,2294,1914,
D2-0429,D2-0429_1-4.png,processed_images\D2-0429_1-4.png,L,46,mass,HER2-enriched,,2294,1914,
D2-0430,D2-0430_1-1.png,processed_images\D2-0430_1-1.png,L,58,mass,Luminal A,,2294,1914,
D2-0430,D2-0430_1-2.png,processed_images\D2-0430_1-2.png,L,58,mass,Luminal A,,2294,1914,
D2-0430,D2-0430_1-3.png,processed_images\D2-0430_1-3.png,L,58,mass,Luminal A,,2294,1914,
D2-0430,D2-0430_1-4.png,processed_images\D2-0430_1-4.png,L,58,mass,Luminal A,,2294,1914,
D2-0431,D2-0431_1-1.png,processed_images\D2-0431_1-1.png,R,44,mass,Luminal B,,2294,1914,
D2-0431,D2-0431_1-2.png,processed_images\D2-0431_1-2.png,R,44,mass,Luminal B,,2294,1914,
D2-0431,D2-0431_1-3.png,processed_images\D2-0431_1-3.png,R,44,mass,Luminal B,,2294,1914,
D2-0431,D2-0431_1-4.png,processed_images\D2-0431_1-4.png,R,44,mass,Luminal B,,2294,1914,
D2-0432,D2-0432_1-1.png,processed_images\D2-0432_1-1.png,R,65,mass,triple negative,,2294,1914,
D2-0432,D2-0432_1-2.png,processed_images\D2-0432_1-2.png,R,65,mass,triple negative,,2294,1914,
D2-0432,D2-0432_1-3.png,processed_images\D2-0432_1-3.png,R,65,mass,triple negative,,2294,1914,
D2-0432,D2-0432_1-4.png,processed_images\D2-0432_1-4.png,R,65,mass,triple negative,,2294,1914,
D2-0433,D2-0433_1-1.png,processed_images\D2-0433_1-1.png,L,42,mass,Luminal A,,2294,1914,
D2-0433,D2-0433_1-2.png,processed_images\D2-0433_1-2.png,L,42,mass,Luminal A,,2294,1914,
D2-0433,D2-0433_1-3.png,processed_images\D2-0433_1-3.png,L,42,mass,Luminal A,,2294,1914,
D2-0433,D2-0433_1-4.png,processed_images\D2-0433_1-4.png,L,42,mass,Luminal A,,2294,1914,
D2-0434,D2-0434_1-1.png,processed_images\D2-0434_1-1.png,R,51,mass,Luminal A,,2294,1914,
D2-0434,D2-0434_1-2.png,processed_images\D2-0434_1-2.png,R,51,mass,Luminal A,,2294,1914,
D2-0434,D2-0434_1-3.png,processed_images\D2-0434_1-3.png,R,51,mass,Luminal A,,2294,1914,
D2-0434,D2-0434_1-4.png,processed_images\D2-0434_1-4.png,R,51,mass,Luminal A,,2294,1914,
D2-0435,D2-0435_1-1.png,processed_images\D2-0435_1-1.png,L,35,mass,triple negative,,2294,1914,
D2-0435,D2-0435_1-2.png,processed_images\D2-0435_1-2.png,L,35,mass,triple negative,,2294,1914,
D2-0435,D2-0435_1-3.png,processed_images\D2-0435_1-3.png,L,35,mass,triple negative,,2294,1914,
D2-0435,D2-0435_1-4.png,processed_images\D2-0435_1-4.png,L,35,mass,triple negative,,2294,1914,
D2-0436,D2-0436_1-1.png,processed_images\D2-0436_1-1.png,L,37,mass,triple negative,,2294,1914,
D2-0436,D2-0436_1-2.png,processed_images\D2-0436_1-2.png,L,37,mass,triple negative,,2294,1914,
D2-0436,D2-0436_1-3.png,processed_images\D2-0436_1-3.png,L,37,mass,triple negative,,2294,1914,
D2-0436,D2-0436_1-4.png,processed_images\D2-0436_1-4.png,L,37,mass,triple negative,,2294,1914,
D2-0437,D2-0437_1-1.png,processed_images\D2-0437_1-1.png,L,59,mass,Luminal A,,2294,1914,
D2-0437,D2-0437_1-2.png,processed_images\D2-0437_1-2.png,L,59,mass,Luminal A,,2294,1914,
D2-0437,D2-0437_1-3.png,processed_images\D2-0437_1-3.png,L,59,mass,Luminal A,,2294,1914,
D2-0437,D2-0437_1-4.png,processed_images\D2-0437_1-4.png,L,59,mass,Luminal A,,2294,1914,
D2-0438,D2-0438_1-1.png,processed_images\D2-0438_1-1.png,R,63,mass,HER2-enriched,,2294,1914,
D2-0438,D2-0438_1-2.png,processed_images\D2-0438_1-2.png,R,63,mass,HER2-enriched,,2294,1914,
D2-0438,D2-0438_1-3.png,processed_images\D2-0438_1-3.png,R,63,mass,HER2-enriched,,2294,1914,
D2-0438,D2-0438_1-4.png,processed_images\D2-0438_1-4.png,R,63,mass,HER2-enriched,,2294,1914,
D2-0439,D2-0439_1-1.png,processed_images\D2-0439_1-1.png,L,49,mass,Luminal A,,2294,1914,
D2-0439,D2-0439_1-2.png,processed_images\D2-0439_1-2.png,L,49,mass,Luminal A,,2294,1914,
D2-0439,D2-0439_1-3.png,processed_images\D2-0439_1-3.png,L,49,mass,Luminal A,,2294,1914,
D2-0439,D2-0439_1-4.png,processed_images\D2-0439_1-4.png,L,49,mass,Luminal A,,2294,1914,
D2-0440,D2-0440_1-1.png,processed_images\D2-0440_1-1.png,L,59,mass,Luminal A,,2294,1914,
D2-0440,D2-0440_1-2.png,processed_images\D2-0440_1-2.png,L,59,mass,Luminal A,,2294,1914,
D2-0440,D2-0440_1-3.png,processed_images\D2-0440_1-3.png,L,59,mass,Luminal A,,2294,1914,
D2-0440,D2-0440_1-4.png,processed_images\D2-0440_1-4.png,L,59,mass,Luminal A,,2294,1914,
D2-0441,D2-0441_1-1.png,processed_images\D2-0441_1-1.png,L,67,mass,Luminal A,,2294,1914,
D2-0441,D2-0441_1-2.png,processed_images\D2-0441_1-2.png,L,67,mass,Luminal A,,2294,1914,
D2-0441,D2-0441_1-3.png,processed_images\D2-0441_1-3.png,L,67,mass,Luminal A,,2294,1914,
D2-0441,D2-0441_1-4.png,processed_images\D2-0441_1-4.png,L,67,mass,Luminal A,,2294,1914,
D2-0442,D2-0442_1-1.png,processed_images\D2-0442_1-1.png,L,40,mass,Luminal A,,2294,1914,
D2-0442,D2-0442_1-2.png,processed_images\D2-0442_1-2.png,L,40,mass,Luminal A,,2294,1914,
D2-0442,D2-0442_1-3.png,processed_images\D2-0442_1-3.png,L,40,mass,Luminal A,,2294,1914,
D2-0442,D2-0442_1-4.png,processed_images\D2-0442_1-4.png,L,40,mass,Luminal A,,2294,1914,
D2-0443,D2-0443_1-1.png,processed_images\D2-0443_1-1.png,L,64,mass,Luminal B,,2294,1914,
D2-0443,D2-0443_1-2.png,processed_images\D2-0443_1-2.png,L,64,mass,Luminal B,,2294,1914,
D2-0443,D2-0443_1-3.png,processed_images\D2-0443_1-3.png,L,64,mass,Luminal B,,2294,1914,
D2-0443,D2-0443_1-4.png,processed_images\D2-0443_1-4.png,L,64,mass,Luminal B,,2294,1914,
D2-0444,D2-0444_1-1.png,processed_images\D2-0444_1-1.png,L,55,mass,Luminal B,,2294,1914,
D2-0444,D2-0444_1-2.png,processed_images\D2-0444_1-2.png,L,55,mass,Luminal B,,2294,1914,
D2-0444,D2-0444_1-3.png,processed_images\D2-0444_1-3.png,L,55,mass,Luminal B,,2294,1914,
D2-0444,D2-0444_1-4.png,processed_images\D2-0444_1-4.png,L,55,mass,Luminal B,,2294,1914,
D2-0445,D2-0445_1-1.png,processed_images\D2-0445_1-1.png,R,39,mass,Luminal B,,2294,1914,
D2-0445,D2-0445_1-2.png,processed_images\D2-0445_1-2.png,R,39,mass,Luminal B,,2294,1914,
D2-0445,D2-0445_1-3.png,processed_images\D2-0445_1-3.png,R,39,mass,Luminal B,,2294,1914,
D2-0445,D2-0445_1-4.png,processed_images\D2-0445_1-4.png,R,39,mass,Luminal B,,2294,1914,
D2-0446,D2-0446_1-1.png,processed_images\D2-0446_1-1.png,R,58,mass,triple negative,,2294,1914,
D2-0446,D2-0446_1-2.png,processed_images\D2-0446_1-2.png,R,58,mass,triple negative,,2294,1914,
D2-0446,D2-0446_1-3.png,processed_images\D2-0446_1-3.png,R,58,mass,triple negative,,2294,1914,
D2-0446,D2-0446_1-4.png,processed_images\D2-0446_1-4.png,R,58,mass,triple negative,,2294,1914,
D2-0447,D2-0447_1-1.png,processed_images\D2-0447_1-1.png,R,66,mass,Luminal B,,2294,1914,
D2-0447,D2-0447_1-2.png,processed_images\D2-0447_1-2.png,R,66,mass,Luminal B,,2294,1914,
D2-0447,D2-0447_1-3.png,processed_images\D2-0447_1-3.png,R,66,mass,Luminal B,,2294,1914,
D2-0447,D2-0447_1-4.png,processed_images\D2-0447_1-4.png,R,66,mass,Luminal B,,2294,1914,
D2-0448,D2-0448_1-1.png,processed_images\D2-0448_1-1.png,L,53,mass,triple negative,,2294,1914,
D2-0448,D2-0448_1-2.png,processed_images\D2-0448_1-2.png,L,53,mass,triple negative,,2294,1914,
D2-0448,D2-0448_1-3.png,processed_images\D2-0448_1-3.png,L,53,mass,triple negative,,2294,1914,
D2-0448,D2-0448_1-4.png,processed_images\D2-0448_1-4.png,L,53,mass,triple negative,,2294,1914,
D2-0449,D2-0449_1-1.png,processed_images\D2-0449_1-1.png,R,42,mass,Luminal B,,2294,1914,
D2-0449,D2-0449_1-2.png,processed_images\D2-0449_1-2.png,R,42,mass,Luminal B,,2294,1914,
D2-0449,D2-0449_1-3.png,processed_images\D2-0449_1-3.png,R,42,mass,Luminal B,,2294,1914,
D2-0449,D2-0449_1-4.png,processed_images\D2-0449_1-4.png,R,42,mass,Luminal B,,2294,1914,
D2-0450,D2-0450_1-1.png,processed_images\D2-0450_1-1.png,L,73,mass,Luminal B,,2294,1914,
D2-0450,D2-0450_1-2.png,processed_images\D2-0450_1-2.png,L,73,mass,Luminal B,,2294,1914,
D2-0450,D2-0450_1-3.png,processed_images\D2-0450_1-3.png,L,73,mass,Luminal B,,2294,1914,
D2-0450,D2-0450_1-4.png,processed_images\D2-0450_1-4.png,L,73,mass,Luminal B,,2294,1914,
D2-0451,D2-0451_1-1.png,processed_images\D2-0451_1-1.png,L,56,mass,HER2-enriched,,2294,1914,
D2-0451,D2-0451_1-2.png,processed_images\D2-0451_1-2.png,L,56,mass,HER2-enriched,,2294,1914,
D2-0451,D2-0451_1-3.png,processed_images\D2-0451_1-3.png,L,56,mass,HER2-enriched,,2294,1914,
D2-0451,D2-0451_1-4.png,processed_images\D2-0451_1-4.png,L,56,mass,HER2-enriched,,2294,1914,
D2-0452,D2-0452_1-1.png,processed_images\D2-0452_1-1.png,L,58,mass,Luminal A,,2294,1914,
D2-0452,D2-0452_1-2.png,processed_images\D2-0452_1-2.png,L,58,mass,Luminal A,,2294,1914,
D2-0452,D2-0452_1-3.png,processed_images\D2-0452_1-3.png,L,58,mass,Luminal A,,2294,1914,
D2-0452,D2-0452_1-4.png,processed_images\D2-0452_1-4.png,L,58,mass,Luminal A,,2294,1914,
D2-0453,D2-0453_1-1.png,processed_images\D2-0453_1-1.png,L,40,mass,Luminal B,,2294,1914,
D2-0453,D2-0453_1-2.png,processed_images\D2-0453_1-2.png,L,40,mass,Luminal B,,2294,1914,
D2-0453,D2-0453_1-3.png,processed_images\D2-0453_1-3.png,L,40,mass,Luminal B,,2294,1914,
D2-0453,D2-0453_1-4.png,processed_images\D2-0453_1-4.png,L,40,mass,Luminal B,,2294,1914,
D2-0454,D2-0454_1-1.png,processed_images\D2-0454_1-1.png,R,51,mass,Luminal B,,2294,1914,
D2-0454,D2-0454_1-2.png,processed_images\D2-0454_1-2.png,R,51,mass,Luminal B,,2294,1914,
D2-0454,D2-0454_1-3.png,processed_images\D2-0454_1-3.png,R,51,mass,Luminal B,,2294,1914,
D2-0454,D2-0454_1-4.png,processed_images\D2-0454_1-4.png,R,51,mass,Luminal B,,2294,1914,
D2-0455,D2-0455_1-1.png,processed_images\D2-0455_1-1.png,L,46,mass,triple negative,,2294,1914,
D2-0455,D2-0455_1-2.png,processed_images\D2-0455_1-2.png,L,46,mass,triple negative,,2294,1914,
D2-0455,D2-0455_1-3.png,processed_images\D2-0455_1-3.png,L,46,mass,triple negative,,2294,1914,
D2-0455,D2-0455_1-4.png,processed_images\D2-0455_1-4.png,L,46,mass,triple negative,,2294,1914,
D2-0456,D2-0456_1-1.png,processed_images\D2-0456_1-1.png,L,53,mass,Luminal B,,2294,1914,
D2-0456,D2-0456_1-2.png,processed_images\D2-0456_1-2.png,L,53,mass,Luminal B,,2294,1914,
D2-0456,D2-0456_1-3.png,processed_images\D2-0456_1-3.png,L,53,mass,Luminal B,,2294,1914,
D2-0456,D2-0456_1-4.png,processed_images\D2-0456_1-4.png,L,53,mass,Luminal B,,2294,1914,
D2-0457,D2-0457_1-1.png,processed_images\D2-0457_1-1.png,R,53,mass,Luminal B,,2294,1914,
D2-0457,D2-0457_1-2.png,processed_images\D2-0457_1-2.png,R,53,mass,Luminal B,,2294,1914,
D2-0457,D2-0457_1-3.png,processed_images\D2-0457_1-3.png,R,53,mass,Luminal B,,2294,1914,
D2-0457,D2-0457_1-4.png,processed_images\D2-0457_1-4.png,R,53,mass,Luminal B,,2294,1914,
D2-0458,D2-0458_1-1.png,processed_images\D2-0458_1-1.png,R,57,mass,Luminal A,,2294,1914,
D2-0458,D2-0458_1-2.png,processed_images\D2-0458_1-2.png,R,57,mass,Luminal A,,2294,1914,
D2-0458,D2-0458_1-3.png,processed_images\D2-0458_1-3.png,R,57,mass,Luminal A,,2294,1914,
D2-0458,D2-0458_1-4.png,processed_images\D2-0458_1-4.png,R,57,mass,Luminal A,,2294,1914,
D2-0459,D2-0459_1-1.png,processed_images\D2-0459_1-1.png,R,36,mass,triple negative,,2294,1914,
D2-0459,D2-0459_1-2.png,processed_images\D2-0459_1-2.png,R,36,mass,triple negative,,2294,1914,
D2-0459,D2-0459_1-3.png,processed_images\D2-0459_1-3.png,R,36,mass,triple negative,,2294,1914,
D2-0459,D2-0459_1-4.png,processed_images\D2-0459_1-4.png,R,36,mass,triple negative,,2294,1914,
D2-0460,D2-0460_1-1.png,processed_images\D2-0460_1-1.png,R,60,mass,triple negative,,2294,1914,
D2-0460,D2-0460_1-2.png,processed_images\D2-0460_1-2.png,R,60,mass,triple negative,,2294,1914,
D2-0460,D2-0460_1-3.png,processed_images\D2-0460_1-3.png,R,60,mass,triple negative,,2294,1914,
D2-0460,D2-0460_1-4.png,processed_images\D2-0460_1-4.png,R,60,mass,triple negative,,2294,1914,
D2-0461,D2-0461_1-1.png,processed_images\D2-0461_1-1.png,R,42,mass,triple negative,,2294,1914,
D2-0461,D2-0461_1-2.png,processed_images\D2-0461_1-2.png,R,42,mass,triple negative,,2294,1914,
D2-0461,D2-0461_1-3.png,processed_images\D2-0461_1-3.png,R,42,mass,triple negative,,2294,1914,
D2-0461,D2-0461_1-4.png,processed_images\D2-0461_1-4.png,R,42,mass,triple negative,,2294,1914,
D2-0462,D2-0462_1-1.png,processed_images\D2-0462_1-1.png,R,50,mass,Luminal B,,2294,1914,
D2-0462,D2-0462_1-2.png,processed_images\D2-0462_1-2.png,R,50,mass,Luminal B,,2294,1914,
D2-0462,D2-0462_1-3.png,processed_images\D2-0462_1-3.png,R,50,mass,Luminal B,,2294,1914,
D2-0462,D2-0462_1-4.png,processed_images\D2-0462_1-4.png,R,50,mass,Luminal B,,2294,1914,
D2-0463,D2-0463_1-1.png,processed_images\D2-0463_1-1.png,R,73,mass,Luminal A,,2294,1914,
D2-0463,D2-0463_1-2.png,processed_images\D2-0463_1-2.png,R,73,mass,Luminal A,,2294,1914,
D2-0463,D2-0463_1-3.png,processed_images\D2-0463_1-3.png,R,73,mass,Luminal A,,2294,1914,
D2-0463,D2-0463_1-4.png,processed_images\D2-0463_1-4.png,R,73,mass,Luminal A,,2294,1914,
D2-0464,D2-0464_1-1.png,processed_images\D2-0464_1-1.png,R,76,mass,Luminal A,,2294,1914,
D2-0464,D2-0464_1-2.png,processed_images\D2-0464_1-2.png,R,76,mass,Luminal A,,2294,1914,
D2-0464,D2-0464_1-3.png,processed_images\D2-0464_1-3.png,R,76,mass,Luminal A,,2294,1914,
D2-0464,D2-0464_1-4.png,processed_images\D2-0464_1-4.png,R,76,mass,Luminal A,,2294,1914,
D2-0465,D2-0465_1-1.png,processed_images\D2-0465_1-1.png,L,29,mass,triple negative,,2294,1914,
D2-0465,D2-0465_1-2.png,processed_images\D2-0465_1-2.png,L,29,mass,triple negative,,2294,1914,
D2-0465,D2-0465_1-3.png,processed_images\D2-0465_1-3.png,L,29,mass,triple negative,,2294,1914,
D2-0465,D2-0465_1-4.png,processed_images\D2-0465_1-4.png,L,29,mass,triple negative,,2294,1914,
D2-0466,D2-0466_1-1.png,processed_images\D2-0466_1-1.png,R,47,mass,Luminal A,,2294,1914,
D2-0466,D2-0466_1-2.png,processed_images\D2-0466_1-2.png,R,47,mass,Luminal A,,2294,1914,
D2-0466,D2-0466_1-3.png,processed_images\D2-0466_1-3.png,R,47,mass,Luminal A,,2294,1914,
D2-0466,D2-0466_1-4.png,processed_images\D2-0466_1-4.png,R,47,mass,Luminal A,,2294,1914,
D2-0467,D2-0467_1-1.png,processed_images\D2-0467_1-1.png,L,51,mass,HER2-enriched,,2294,1914,
D2-0467,D2-0467_1-2.png,processed_images\D2-0467_1-2.png,L,51,mass,HER2-enriched,,2294,1914,
D2-0467,D2-0467_1-3.png,processed_images\D2-0467_1-3.png,L,51,mass,HER2-enriched,,2294,1914,
D2-0467,D2-0467_1-4.png,processed_images\D2-0467_1-4.png,L,51,mass,HER2-enriched,,2294,1914,
D2-0468,D2-0468_1-1.png,processed_images\D2-0468_1-1.png,R,57,mass,Luminal B,,2294,1914,
D2-0468,D2-0468_1-2.png,processed_images\D2-0468_1-2.png,R,57,mass,Luminal B,,2294,1914,
D2-0468,D2-0468_1-3.png,processed_images\D2-0468_1-3.png,R,57,mass,Luminal B,,2294,1914,
D2-0468,D2-0468_1-4.png,processed_images\D2-0468_1-4.png,R,57,mass,Luminal B,,2294,1914,
D2-0469,D2-0469_1-1.png,processed_images\D2-0469_1-1.png,L,50,mass,Luminal B,,2294,1914,
D2-0469,D2-0469_1-2.png,processed_images\D2-0469_1-2.png,L,50,mass,Luminal B,,2294,1914,
D2-0469,D2-0469_1-3.png,processed_images\D2-0469_1-3.png,L,50,mass,Luminal B,,2294,1914,
D2-0469,D2-0469_1-4.png,processed_images\D2-0469_1-4.png,L,50,mass,Luminal B,,2294,1914,
D2-0470,D2-0470_1-1.png,processed_images\D2-0470_1-1.png,L,56,mass,Luminal B,,2294,1914,
D2-0470,D2-0470_1-2.png,processed_images\D2-0470_1-2.png,L,56,mass,Luminal B,,2294,1914,
D2-0470,D2-0470_1-3.png,processed_images\D2-0470_1-3.png,L,56,mass,Luminal B,,2294,1914,
D2-0470,D2-0470_1-4.png,processed_images\D2-0470_1-4.png,L,56,mass,Luminal B,,2294,1914,
D2-0471,D2-0471_1-1.png,processed_images\D2-0471_1-1.png,L,57,mass,Luminal A,,2294,1914,
D2-0471,D2-0471_1-2.png,processed_images\D2-0471_1-2.png,L,57,mass,Luminal A,,2294,1914,
D2-0471,D2-0471_1-3.png,processed_images\D2-0471_1-3.png,L,57,mass,Luminal A,,2294,1914,
D2-0471,D2-0471_1-4.png,processed_images\D2-0471_1-4.png,L,57,mass,Luminal A,,2294,1914,
D2-0472,D2-0472_1-1.png,processed_images\D2-0472_1-1.png,R,41,mass,Luminal B,,2294,1914,
D2-0472,D2-0472_1-2.png,processed_images\D2-0472_1-2.png,R,41,mass,Luminal B,,2294,1914,
D2-0472,D2-0472_1-3.png,processed_images\D2-0472_1-3.png,R,41,mass,Luminal B,,2294,1914,
D2-0472,D2-0472_1-4.png,processed_images\D2-0472_1-4.png,R,41,mass,Luminal B,,2294,1914,
D2-0473,D2-0473_1-1.png,processed_images\D2-0473_1-1.png,L,57,mass,Luminal A,,2294,1914,
D2-0473,D2-0473_1-2.png,processed_images\D2-0473_1-2.png,L,57,mass,Luminal A,,2294,1914,
D2-0473,D2-0473_1-3.png,processed_images\D2-0473_1-3.png,L,57,mass,Luminal A,,2294,1914,
D2-0473,D2-0473_1-4.png,processed_images\D2-0473_1-4.png,L,57,mass,Luminal A,,2294,1914,
D2-0474,D2-0474_1-1.png,processed_images\D2-0474_1-1.png,R,35,mass,Luminal A,,2294,1914,
D2-0474,D2-0474_1-2.png,processed_images\D2-0474_1-2.png,R,35,mass,Luminal A,,2294,1914,
D2-0474,D2-0474_1-3.png,processed_images\D2-0474_1-3.png,R,35,mass,Luminal A,,2294,1914,
D2-0474,D2-0474_1-4.png,processed_images\D2-0474_1-4.png,R,35,mass,Luminal A,,2294,1914,
D2-0475,D2-0475_1-1.png,processed_images\D2-0475_1-1.png,R,59,mass,Luminal B,,2294,1914,
D2-0475,D2-0475_1-2.png,processed_images\D2-0475_1-2.png,R,59,mass,Luminal B,,2294,1914,
D2-0475,D2-0475_1-3.png,processed_images\D2-0475_1-3.png,R,59,mass,Luminal B,,2294,1914,
D2-0475,D2-0475_1-4.png,processed_images\D2-0475_1-4.png,R,59,mass,Luminal B,,2294,1914,
D2-0476,D2-0476_1-1.png,processed_images\D2-0476_1-1.png,L,46,mass,HER2-enriched,,2294,1914,
D2-0476,D2-0476_1-2.png,processed_images\D2-0476_1-2.png,L,46,mass,HER2-enriched,,2294,1914,
D2-0476,D2-0476_1-3.png,processed_images\D2-0476_1-3.png,L,46,mass,HER2-enriched,,2294,1914,
D2-0476,D2-0476_1-4.png,processed_images\D2-0476_1-4.png,L,46,mass,HER2-enriched,,2294,1914,
D2-0477,D2-0477_1-1.png,processed_images\D2-0477_1-1.png,L,51,mass,triple negative,,2294,1914,
D2-0477,D2-0477_1-2.png,processed_images\D2-0477_1-2.png,L,51,mass,triple negative,,2294,1914,
D2-0477,D2-0477_1-3.png,processed_images\D2-0477_1-3.png,L,51,mass,triple negative,,2294,1914,
D2-0477,D2-0477_1-4.png,processed_images\D2-0477_1-4.png,L,51,mass,triple negative,,2294,1914,
D2-0478,D2-0478_1-1.png,processed_images\D2-0478_1-1.png,L,34,mass,Luminal B,,2294,1914,
D2-0478,D2-0478_1-2.png,processed_images\D2-0478_1-2.png,L,34,mass,Luminal B,,2294,1914,
D2-0478,D2-0478_1-3.png,processed_images\D2-0478_1-3.png,L,34,mass,Luminal B,,2294,1914,
D2-0478,D2-0478_1-4.png,processed_images\D2-0478_1-4.png,L,34,mass,Luminal B,,2294,1914,
D2-0479,D2-0479_1-1.png,processed_images\D2-0479_1-1.png,R,60,mass,Luminal A,,2294,1914,
D2-0479,D2-0479_1-2.png,processed_images\D2-0479_1-2.png,R,60,mass,Luminal A,,2294,1914,
D2-0479,D2-0479_1-3.png,processed_images\D2-0479_1-3.png,R,60,mass,Luminal A,,2294,1914,
D2-0479,D2-0479_1-4.png,processed_images\D2-0479_1-4.png,R,60,mass,Luminal A,,2294,1914,
D2-0480,D2-0480_1-1.png,processed_images\D2-0480_1-1.png,R,49,mass,triple negative,,2294,1914,
D2-0480,D2-0480_1-2.png,processed_images\D2-0480_1-2.png,R,49,mass,triple negative,,2294,1914,
D2-0480,D2-0480_1-3.png,processed_images\D2-0480_1-3.png,R,49,mass,triple negative,,2294,1914,
D2-0480,D2-0480_1-4.png,processed_images\D2-0480_1-4.png,R,49,mass,triple negative,,2294,1914,
D2-0481,D2-0481_1-1.png,processed_images\D2-0481_1-1.png,L,42,mass,Luminal B,,2294,1914,
D2-0481,D2-0481_1-2.png,processed_images\D2-0481_1-2.png,L,42,mass,Luminal B,,2294,1914,
D2-0481,D2-0481_1-3.png,processed_images\D2-0481_1-3.png,L,42,mass,Luminal B,,2294,1914,
D2-0481,D2-0481_1-4.png,processed_images\D2-0481_1-4.png,L,42,mass,Luminal B,,2294,1914,
D2-0482,D2-0482_1-1.png,processed_images\D2-0482_1-1.png,R,44,mass,HER2-enriched,,2294,1914,
D2-0482,D2-0482_1-2.png,processed_images\D2-0482_1-2.png,R,44,mass,HER2-enriched,,2294,1914,
D2-0482,D2-0482_1-3.png,processed_images\D2-0482_1-3.png,R,44,mass,HER2-enriched,,2294,1914,
D2-0482,D2-0482_1-4.png,processed_images\D2-0482_1-4.png,R,44,mass,HER2-enriched,,2294,1914,
D2-0483,D2-0483_1-1.png,processed_images\D2-0483_1-1.png,L,59,mass,Luminal A,,2294,1914,
D2-0483,D2-0483_1-2.png,processed_images\D2-0483_1-2.png,L,59,mass,Luminal A,,2294,1914,
D2-0483,D2-0483_1-3.png,processed_images\D2-0483_1-3.png,L,59,mass,Luminal A,,2294,1914,
D2-0483,D2-0483_1-4.png,processed_images\D2-0483_1-4.png,L,59,mass,Luminal A,,2294,1914,
D2-0484,D2-0484_1-1.png,processed_images\D2-0484_1-1.png,R,42,mass,Luminal B,,2294,1914,
D2-0484,D2-0484_1-2.png,processed_images\D2-0484_1-2.png,R,42,mass,Luminal B,,2294,1914,
D2-0484,D2-0484_1-3.png,processed_images\D2-0484_1-3.png,R,42,mass,Luminal B,,2294,1914,
D2-0484,D2-0484_1-4.png,processed_images\D2-0484_1-4.png,R,42,mass,Luminal B,,2294,1914,
D2-0485,D2-0485_1-1.png,processed_images\D2-0485_1-1.png,L,59,mass,HER2-enriched,,2294,1914,
D2-0485,D2-0485_1-2.png,processed_images\D2-0485_1-2.png,L,59,mass,HER2-enriched,,2294,1914,
D2-0485,D2-0485_1-3.png,processed_images\D2-0485_1-3.png,L,59,mass,HER2-enriched,,2294,1914,
D2-0485,D2-0485_1-4.png,processed_images\D2-0485_1-4.png,L,59,mass,HER2-enriched,,2294,1914,
D2-0486,D2-0486_1-1.png,processed_images\D2-0486_1-1.png,L,42,mass,HER2-enriched,,2294,1914,
D2-0486,D2-0486_1-2.png,processed_images\D2-0486_1-2.png,L,42,mass,HER2-enriched,,2294,1914,
D2-0486,D2-0486_1-3.png,processed_images\D2-0486_1-3.png,L,42,mass,HER2-enriched,,2294,1914,
D2-0486,D2-0486_1-4.png,processed_images\D2-0486_1-4.png,L,42,mass,HER2-enriched,,2294,1914,
D2-0487,D2-0487_1-1.png,processed_images\D2-0487_1-1.png,R,74,mass,Luminal B,,2294,1914,
D2-0487,D2-0487_1-2.png,processed_images\D2-0487_1-2.png,R,74,mass,Luminal B,,2294,1914,
D2-0487,D2-0487_1-3.png,processed_images\D2-0487_1-3.png,R,74,mass,Luminal B,,2294,1914,
D2-0487,D2-0487_1-4.png,processed_images\D2-0487_1-4.png,R,74,mass,Luminal B,,2294,1914,
D2-0488,D2-0488_1-1.png,processed_images\D2-0488_1-1.png,R,47,mass,Luminal B,,2294,1914,
D2-0488,D2-0488_1-2.png,processed_images\D2-0488_1-2.png,R,47,mass,Luminal B,,2294,1914,
D2-0488,D2-0488_1-3.png,processed_images\D2-0488_1-3.png,R,47,mass,Luminal B,,2294,1914,
D2-0488,D2-0488_1-4.png,processed_images\D2-0488_1-4.png,R,47,mass,Luminal B,,2294,1914,
D2-0489,D2-0489_1-1.png,processed_images\D2-0489_1-1.png,L,58,mass,Luminal B,,2294,1914,
D2-0489,D2-0489_1-2.png,processed_images\D2-0489_1-2.png,L,58,mass,Luminal B,,2294,1914,
D2-0489,D2-0489_1-3.png,processed_images\D2-0489_1-3.png,L,58,mass,Luminal B,,2294,1914,
D2-0489,D2-0489_1-4.png,processed_images\D2-0489_1-4.png,L,58,mass,Luminal B,,2294,1914,
D2-0490,D2-0490_1-1.png,processed_images\D2-0490_1-1.png,R,62,mass,Luminal B,,2294,1914,
D2-0490,D2-0490_1-2.png,processed_images\D2-0490_1-2.png,R,62,mass,Luminal B,,2294,1914,
D2-0490,D2-0490_1-3.png,processed_images\D2-0490_1-3.png,R,62,mass,Luminal B,,2294,1914,
D2-0490,D2-0490_1-4.png,processed_images\D2-0490_1-4.png,R,62,mass,Luminal B,,2294,1914,
D2-0491,D2-0491_1-1.png,processed_images\D2-0491_1-1.png,L,45,mass,Luminal A,,2294,1914,
D2-0491,D2-0491_1-2.png,processed_images\D2-0491_1-2.png,L,45,mass,Luminal A,,2294,1914,
D2-0491,D2-0491_1-3.png,processed_images\D2-0491_1-3.png,L,45,mass,Luminal A,,2294,1914,
D2-0491,D2-0491_1-4.png,processed_images\D2-0491_1-4.png,L,45,mass,Luminal A,,2294,1914,
D2-0492,D2-0492_1-1.png,processed_images\D2-0492_1-1.png,L,32,mass,triple negative,,2294,1914,
D2-0492,D2-0492_1-2.png,processed_images\D2-0492_1-2.png,L,32,mass,triple negative,,2294,1914,
D2-0492,D2-0492_1-3.png,processed_images\D2-0492_1-3.png,L,32,mass,triple negative,,2294,1914,
D2-0492,D2-0492_1-4.png,processed_images\D2-0492_1-4.png,L,32,mass,triple negative,,2294,1914,
D2-0493,D2-0493_1-1.png,processed_images\D2-0493_1-1.png,R,49,mass,triple negative,,2294,1914,
D2-0493,D2-0493_1-2.png,processed_images\D2-0493_1-2.png,R,49,mass,triple negative,,2294,1914,
D2-0493,D2-0493_1-3.png,processed_images\D2-0493_1-3.png,R,49,mass,triple negative,,2294,1914,
D2-0493,D2-0493_1-4.png,processed_images\D2-0493_1-4.png,R,49,mass,triple negative,,2294,1914,
D2-0494,D2-0494_1-1.png,processed_images\D2-0494_1-1.png,L,44,mass,Luminal B,,2294,1914,
D2-0494,D2-0494_1-2.png,processed_images\D2-0494_1-2.png,L,44,mass,Luminal B,,2294,1914,
D2-0494,D2-0494_1-3.png,processed_images\D2-0494_1-3.png,L,44,mass,Luminal B,,2294,1914,
D2-0494,D2-0494_1-4.png,processed_images\D2-0494_1-4.png,L,44,mass,Luminal B,,2294,1914,
D2-0495,D2-0495_1-1.png,processed_images\D2-0495_1-1.png,R,49,mass,Luminal B,,2294,1914,
D2-0495,D2-0495_1-2.png,processed_images\D2-0495_1-2.png,R,49,mass,Luminal B,,2294,1914,
D2-0495,D2-0495_1-3.png,processed_images\D2-0495_1-3.png,R,49,mass,Luminal B,,2294,1914,
D2-0495,D2-0495_1-4.png,processed_images\D2-0495_1-4.png,R,49,mass,Luminal B,,2294,1914,
D2-0496,D2-0496_1-1.png,processed_images\D2-0496_1-1.png,R,48,mass,Luminal A,,2294,1914,
D2-0496,D2-0496_1-2.png,processed_images\D2-0496_1-2.png,R,48,mass,Luminal A,,2294,1914,
D2-0496,D2-0496_1-3.png,processed_images\D2-0496_1-3.png,R,48,mass,Luminal A,,2294,1914,
D2-0496,D2-0496_1-4.png,processed_images\D2-0496_1-4.png,R,48,mass,Luminal A,,2294,1914,
D2-0497,D2-0497_1-1.png,processed_images\D2-0497_1-1.png,R,39,mass,triple negative,,2294,1914,
D2-0497,D2-0497_1-2.png,processed_images\D2-0497_1-2.png,R,39,mass,triple negative,,2294,1914,
D2-0497,D2-0497_1-3.png,processed_images\D2-0497_1-3.png,R,39,mass,triple negative,,2294,1914,
D2-0497,D2-0497_1-4.png,processed_images\D2-0497_1-4.png,R,39,mass,triple negative,,2294,1914,
D2-0498,D2-0498_1-1.png,processed_images\D2-0498_1-1.png,L,46,mass,Luminal B,,2294,1914,
D2-0498,D2-0498_1-2.png,processed_images\D2-0498_1-2.png,L,46,mass,Luminal B,,2294,1914,
D2-0498,D2-0498_1-3.png,processed_images\D2-0498_1-3.png,L,46,mass,Luminal B,,2294,1914,
D2-0498,D2-0498_1-4.png,processed_images\D2-0498_1-4.png,L,46,mass,Luminal B,,2294,1914,
D2-0499,D2-0499_1-1.png,processed_images\D2-0499_1-1.png,R,53,mass,Luminal A,,2294,1914,
D2-0499,D2-0499_1-2.png,processed_images\D2-0499_1-2.png,R,53,mass,Luminal A,,2294,1914,
D2-0499,D2-0499_1-3.png,processed_images\D2-0499_1-3.png,R,53,mass,Luminal A,,2294,1914,
D2-0499,D2-0499_1-4.png,processed_images\D2-0499_1-4.png,R,53,mass,Luminal A,,2294,1914,
D2-0500,D2-0500_1-1.png,processed_images\D2-0500_1-1.png,L,46,mass,Luminal B,,2294,1914,
D2-0500,D2-0500_1-2.png,processed_images\D2-0500_1-2.png,L,46,mass,Luminal B,,2294,1914,
D2-0500,D2-0500_1-3.png,processed_images\D2-0500_1-3.png,L,46,mass,Luminal B,,2294,1914,
D2-0500,D2-0500_1-4.png,processed_images\D2-0500_1-4.png,L,46,mass,Luminal B,,2294,1914,
D2-0501,D2-0501_1-1.png,processed_images\D2-0501_1-1.png,R,72,mass,Luminal B,,2294,1914,
D2-0501,D2-0501_1-2.png,processed_images\D2-0501_1-2.png,R,72,mass,Luminal B,,2294,1914,
D2-0501,D2-0501_1-3.png,processed_images\D2-0501_1-3.png,R,72,mass,Luminal B,,2294,1914,
D2-0501,D2-0501_1-4.png,processed_images\D2-0501_1-4.png,R,72,mass,Luminal B,,2294,1914,
D2-0502,D2-0502_1-1.png,processed_images\D2-0502_1-1.png,L,83,mass,Luminal A,,2294,1914,
D2-0502,D2-0502_1-2.png,processed_images\D2-0502_1-2.png,L,83,mass,Luminal A,,2294,1914,
D2-0502,D2-0502_1-3.png,processed_images\D2-0502_1-3.png,L,83,mass,Luminal A,,2294,1914,
D2-0502,D2-0502_1-4.png,processed_images\D2-0502_1-4.png,L,83,mass,Luminal A,,2294,1914,
D2-0503,D2-0503_1-1.png,processed_images\D2-0503_1-1.png,L,40,mass,Luminal B,,2294,1914,
D2-0503,D2-0503_1-2.png,processed_images\D2-0503_1-2.png,L,40,mass,Luminal B,,2294,1914,
D2-0503,D2-0503_1-3.png,processed_images\D2-0503_1-3.png,L,40,mass,Luminal B,,2294,1914,
D2-0503,D2-0503_1-4.png,processed_images\D2-0503_1-4.png,L,40,mass,Luminal B,,2294,1914,
D2-0504,D2-0504_1-1.png,processed_images\D2-0504_1-1.png,R,53,mass,Luminal A,,2294,1914,
D2-0504,D2-0504_1-2.png,processed_images\D2-0504_1-2.png,R,53,mass,Luminal A,,2294,1914,
D2-0504,D2-0504_1-3.png,processed_images\D2-0504_1-3.png,R,53,mass,Luminal A,,2294,1914,
D2-0504,D2-0504_1-4.png,processed_images\D2-0504_1-4.png,R,53,mass,Luminal A,,2294,1914,
D2-0505,D2-0505_1-1.png,processed_images\D2-0505_1-1.png,L,65,mass,Luminal B,,2294,1914,
D2-0505,D2-0505_1-2.png,processed_images\D2-0505_1-2.png,L,65,mass,Luminal B,,2294,1914,
D2-0505,D2-0505_1-3.png,processed_images\D2-0505_1-3.png,L,65,mass,Luminal B,,2294,1914,
D2-0505,D2-0505_1-4.png,processed_images\D2-0505_1-4.png,L,65,mass,Luminal B,,2294,1914,
D2-0506,D2-0506_1-1.png,processed_images\D2-0506_1-1.png,R,47,mass,Luminal B,,2294,1914,
D2-0506,D2-0506_1-2.png,processed_images\D2-0506_1-2.png,R,47,mass,Luminal B,,2294,1914,
D2-0506,D2-0506_1-3.png,processed_images\D2-0506_1-3.png,R,47,mass,Luminal B,,2294,1914,
D2-0506,D2-0506_1-4.png,processed_images\D2-0506_1-4.png,R,47,mass,Luminal B,,2294,1914,
D2-0507,D2-0507_1-1.png,processed_images\D2-0507_1-1.png,L,51,mass,Luminal B,,2294,1914,
D2-0507,D2-0507_1-2.png,processed_images\D2-0507_1-2.png,L,51,mass,Luminal B,,2294,1914,
D2-0507,D2-0507_1-3.png,processed_images\D2-0507_1-3.png,L,51,mass,Luminal B,,2294,1914,
D2-0507,D2-0507_1-4.png,processed_images\D2-0507_1-4.png,L,51,mass,Luminal B,,2294,1914,
D2-0508,D2-0508_1-1.png,processed_images\D2-0508_1-1.png,R,63,mass,Luminal A,,2294,1914,
D2-0508,D2-0508_1-2.png,processed_images\D2-0508_1-2.png,R,63,mass,Luminal A,,2294,1914,
D2-0508,D2-0508_1-3.png,processed_images\D2-0508_1-3.png,R,63,mass,Luminal A,,2294,1914,
D2-0508,D2-0508_1-4.png,processed_images\D2-0508_1-4.png,R,63,mass,Luminal A,,2294,1914,
D2-0509,D2-0509_1-1.png,processed_images\D2-0509_1-1.png,L,65,mass,Luminal B,,2294,1914,
D2-0509,D2-0509_1-2.png,processed_images\D2-0509_1-2.png,L,65,mass,Luminal B,,2294,1914,
D2-0509,D2-0509_1-3.png,processed_images\D2-0509_1-3.png,L,65,mass,Luminal B,,2294,1914,
D2-0509,D2-0509_1-4.png,processed_images\D2-0509_1-4.png,L,65,mass,Luminal B,,2294,1914,
D2-0510,D2-0510_1-1.png,processed_images\D2-0510_1-1.png,R,43,mass,Luminal B,,2294,1914,
D2-0510,D2-0510_1-2.png,processed_images\D2-0510_1-2.png,R,43,mass,Luminal B,,2294,1914,
D2-0510,D2-0510_1-3.png,processed_images\D2-0510_1-3.png,R,43,mass,Luminal B,,2294,1914,
D2-0510,D2-0510_1-4.png,processed_images\D2-0510_1-4.png,R,43,mass,Luminal B,,2294,1914,
D2-0511,D2-0511_1-1.png,processed_images\D2-0511_1-1.png,L,71,mass,Luminal B,,2294,1914,
D2-0511,D2-0511_1-2.png,processed_images\D2-0511_1-2.png,L,71,mass,Luminal B,,2294,1914,
D2-0511,D2-0511_1-3.png,processed_images\D2-0511_1-3.png,L,71,mass,Luminal B,,2294,1914,
D2-0511,D2-0511_1-4.png,processed_images\D2-0511_1-4.png,L,71,mass,Luminal B,,2294,1914,
D2-0512,D2-0512_1-1.png,processed_images\D2-0512_1-1.png,R,38,mass,Luminal B,,2294,1914,
D2-0512,D2-0512_1-2.png,processed_images\D2-0512_1-2.png,R,38,mass,Luminal B,,2294,1914,
D2-0512,D2-0512_1-3.png,processed_images\D2-0512_1-3.png,R,38,mass,Luminal B,,2294,1914,
D2-0512,D2-0512_1-4.png,processed_images\D2-0512_1-4.png,R,38,mass,Luminal B,,2294,1914,
D2-0513,D2-0513_1-1.png,processed_images\D2-0513_1-1.png,L,49,mass,triple negative,,2294,1914,
D2-0513,D2-0513_1-2.png,processed_images\D2-0513_1-2.png,L,49,mass,triple negative,,2294,1914,
D2-0513,D2-0513_1-3.png,processed_images\D2-0513_1-3.png,L,49,mass,triple negative,,2294,1914,
D2-0513,D2-0513_1-4.png,processed_images\D2-0513_1-4.png,L,49,mass,triple negative,,2294,1914,
D2-0514,D2-0514_1-1.png,processed_images\D2-0514_1-1.png,R,37,mass,Luminal B,,2294,1914,
D2-0514,D2-0514_1-2.png,processed_images\D2-0514_1-2.png,R,37,mass,Luminal B,,2294,1914,
D2-0514,D2-0514_1-3.png,processed_images\D2-0514_1-3.png,R,37,mass,Luminal B,,2294,1914,
D2-0514,D2-0514_1-4.png,processed_images\D2-0514_1-4.png,R,37,mass,Luminal B,,2294,1914,
D2-0515,D2-0515_1-1.png,processed_images\D2-0515_1-1.png,L,40,mass,Luminal B,,2294,1914,
D2-0515,D2-0515_1-2.png,processed_images\D2-0515_1-2.png,L,40,mass,Luminal B,,2294,1914,
D2-0515,D2-0515_1-3.png,processed_images\D2-0515_1-3.png,L,40,mass,Luminal B,,2294,1914,
D2-0515,D2-0515_1-4.png,processed_images\D2-0515_1-4.png,L,40,mass,Luminal B,,2294,1914,
D2-0516,D2-0516_1-1.png,processed_images\D2-0516_1-1.png,R,45,mass,Luminal A,,2294,1914,
D2-0516,D2-0516_1-2.png,processed_images\D2-0516_1-2.png,R,45,mass,Luminal A,,2294,1914,
D2-0516,D2-0516_1-3.png,processed_images\D2-0516_1-3.png,R,45,mass,Luminal A,,2294,1914,
D2-0516,D2-0516_1-4.png,processed_images\D2-0516_1-4.png,R,45,mass,Luminal A,,2294,1914,
D2-0517,D2-0517_1-1.png,processed_images\D2-0517_1-1.png,L,48,mass,Luminal B,,2294,1914,
D2-0517,D2-0517_1-2.png,processed_images\D2-0517_1-2.png,L,48,mass,Luminal B,,2294,1914,
D2-0517,D2-0517_1-3.png,processed_images\D2-0517_1-3.png,L,48,mass,Luminal B,,2294,1914,
D2-0517,D2-0517_1-4.png,processed_images\D2-0517_1-4.png,L,48,mass,Luminal B,,2294,1914,
D2-0518,D2-0518_1-1.png,processed_images\D2-0518_1-1.png,R,50,mass,Luminal A,,2294,1914,
D2-0518,D2-0518_1-2.png,processed_images\D2-0518_1-2.png,R,50,mass,Luminal A,,2294,1914,
D2-0518,D2-0518_1-3.png,processed_images\D2-0518_1-3.png,R,50,mass,Luminal A,,2294,1914,
D2-0518,D2-0518_1-4.png,processed_images\D2-0518_1-4.png,R,50,mass,Luminal A,,2294,1914,
D2-0519,D2-0519_1-1.png,processed_images\D2-0519_1-1.png,R,40,mass,Luminal B,,2294,1914,
D2-0519,D2-0519_1-2.png,processed_images\D2-0519_1-2.png,R,40,mass,Luminal B,,2294,1914,
D2-0519,D2-0519_1-3.png,processed_images\D2-0519_1-3.png,R,40,mass,Luminal B,,2294,1914,
D2-0519,D2-0519_1-4.png,processed_images\D2-0519_1-4.png,R,40,mass,Luminal B,,2294,1914,
D2-0520,D2-0520_1-1.png,processed_images\D2-0520_1-1.png,R,42,mass,triple negative,,2294,1914,
D2-0520,D2-0520_1-2.png,processed_images\D2-0520_1-2.png,R,42,mass,triple negative,,2294,1914,
D2-0520,D2-0520_1-3.png,processed_images\D2-0520_1-3.png,R,42,mass,triple negative,,2294,1914,
D2-0520,D2-0520_1-4.png,processed_images\D2-0520_1-4.png,R,42,mass,triple negative,,2294,1914,
D2-0521,D2-0521_1-1.png,processed_images\D2-0521_1-1.png,R,59,mass,HER2-enriched,,2294,1914,
D2-0521,D2-0521_1-2.png,processed_images\D2-0521_1-2.png,R,59,mass,HER2-enriched,,2294,1914,
D2-0521,D2-0521_1-3.png,processed_images\D2-0521_1-3.png,R,59,mass,HER2-enriched,,2294,1914,
D2-0521,D2-0521_1-4.png,processed_images\D2-0521_1-4.png,R,59,mass,HER2-enriched,,2294,1914,
D2-0522,D2-0522_1-1.png,processed_images\D2-0522_1-1.png,L,44,mass,Luminal A,,2294,1914,
D2-0522,D2-0522_1-2.png,processed_images\D2-0522_1-2.png,L,44,mass,Luminal A,,2294,1914,
D2-0522,D2-0522_1-3.png,processed_images\D2-0522_1-3.png,L,44,mass,Luminal A,,2294,1914,
D2-0522,D2-0522_1-4.png,processed_images\D2-0522_1-4.png,L,44,mass,Luminal A,,2294,1914,
D2-0523,D2-0523_1-1.png,processed_images\D2-0523_1-1.png,R,52,mass,Luminal B,,2294,1914,
D2-0523,D2-0523_1-2.png,processed_images\D2-0523_1-2.png,R,52,mass,Luminal B,,2294,1914,
D2-0523,D2-0523_1-3.png,processed_images\D2-0523_1-3.png,R,52,mass,Luminal B,,2294,1914,
D2-0523,D2-0523_1-4.png,processed_images\D2-0523_1-4.png,R,52,mass,Luminal B,,2294,1914,
D2-0524,D2-0524_1-1.png,processed_images\D2-0524_1-1.png,R,44,mass,Luminal B,,2294,1914,
D2-0524,D2-0524_1-2.png,processed_images\D2-0524_1-2.png,R,44,mass,Luminal B,,2294,1914,
D2-0524,D2-0524_1-3.png,processed_images\D2-0524_1-3.png,R,44,mass,Luminal B,,2294,1914,
D2-0524,D2-0524_1-4.png,processed_images\D2-0524_1-4.png,R,44,mass,Luminal B,,2294,1914,
D2-0525,D2-0525_1-1.png,processed_images\D2-0525_1-1.png,L,56,mass,triple negative,,2294,1914,
D2-0525,D2-0525_1-2.png,processed_images\D2-0525_1-2.png,L,56,mass,triple negative,,2294,1914,
D2-0525,D2-0525_1-3.png,processed_images\D2-0525_1-3.png,L,56,mass,triple negative,,2294,1914,
D2-0525,D2-0525_1-4.png,processed_images\D2-0525_1-4.png,L,56,mass,triple negative,,2294,1914,
D2-0526,D2-0526_1-1.png,processed_images\D2-0526_1-1.png,L,52,mass,Luminal B,,2294,1914,
D2-0526,D2-0526_1-2.png,processed_images\D2-0526_1-2.png,L,52,mass,Luminal B,,2294,1914,
D2-0526,D2-0526_1-3.png,processed_images\D2-0526_1-3.png,L,52,mass,Luminal B,,2294,1914,
D2-0526,D2-0526_1-4.png,processed_images\D2-0526_1-4.png,L,52,mass,Luminal B,,2294,1914,
D2-0527,D2-0527_1-1.png,processed_images\D2-0527_1-1.png,L,46,mass,Luminal B,,2294,1914,
D2-0527,D2-0527_1-2.png,processed_images\D2-0527_1-2.png,L,46,mass,Luminal B,,2294,1914,
D2-0527,D2-0527_1-3.png,processed_images\D2-0527_1-3.png,L,46,mass,Luminal B,,2294,1914,
D2-0527,D2-0527_1-4.png,processed_images\D2-0527_1-4.png,L,46,mass,Luminal B,,2294,1914,
D2-0528,D2-0528_1-1.png,processed_images\D2-0528_1-1.png,L,61,mass,triple negative,,2294,1914,
D2-0528,D2-0528_1-2.png,processed_images\D2-0528_1-2.png,L,61,mass,triple negative,,2294,1914,
D2-0528,D2-0528_1-3.png,processed_images\D2-0528_1-3.png,L,61,mass,triple negative,,2294,1914,
D2-0528,D2-0528_1-4.png,processed_images\D2-0528_1-4.png,L,61,mass,triple negative,,2294,1914,
D2-0529,D2-0529_1-1.png,processed_images\D2-0529_1-1.png,R,51,mass,Luminal B,,2294,1914,
D2-0529,D2-0529_1-2.png,processed_images\D2-0529_1-2.png,R,51,mass,Luminal B,,2294,1914,
D2-0529,D2-0529_1-3.png,processed_images\D2-0529_1-3.png,R,51,mass,Luminal B,,2294,1914,
D2-0529,D2-0529_1-4.png,processed_images\D2-0529_1-4.png,R,51,mass,Luminal B,,2294,1914,
D2-0530,D2-0530_1-1.png,processed_images\D2-0530_1-1.png,L,51,mass,Luminal B,,2294,1914,
D2-0530,D2-0530_1-2.png,processed_images\D2-0530_1-2.png,L,51,mass,Luminal B,,2294,1914,
D2-0530,D2-0530_1-3.png,processed_images\D2-0530_1-3.png,L,51,mass,Luminal B,,2294,1914,
D2-0530,D2-0530_1-4.png,processed_images\D2-0530_1-4.png,L,51,mass,Luminal B,,2294,1914,
D2-0531,D2-0531_1-1.png,processed_images\D2-0531_1-1.png,L,61,mass,triple negative,,2294,1914,
D2-0531,D2-0531_1-2.png,processed_images\D2-0531_1-2.png,L,61,mass,triple negative,,2294,1914,
D2-0531,D2-0531_1-3.png,processed_images\D2-0531_1-3.png,L,61,mass,triple negative,,2294,1914,
D2-0531,D2-0531_1-4.png,processed_images\D2-0531_1-4.png,L,61,mass,triple negative,,2294,1914,
D2-0532,D2-0532_1-1.png,processed_images\D2-0532_1-1.png,L,50,mass,HER2-enriched,,2294,1914,
D2-0532,D2-0532_1-2.png,processed_images\D2-0532_1-2.png,L,50,mass,HER2-enriched,,2294,1914,
D2-0532,D2-0532_1-3.png,processed_images\D2-0532_1-3.png,L,50,mass,HER2-enriched,,2294,1914,
D2-0532,D2-0532_1-4.png,processed_images\D2-0532_1-4.png,L,50,mass,HER2-enriched,,2294,1914,
D2-0533,D2-0533_1-1.png,processed_images\D2-0533_1-1.png,L,60,mass,Luminal B,,2294,1914,
D2-0533,D2-0533_1-2.png,processed_images\D2-0533_1-2.png,L,60,mass,Luminal B,,2294,1914,
D2-0533,D2-0533_1-3.png,processed_images\D2-0533_1-3.png,L,60,mass,Luminal B,,2294,1914,
D2-0533,D2-0533_1-4.png,processed_images\D2-0533_1-4.png,L,60,mass,Luminal B,,2294,1914,
D2-0534,D2-0534_1-1.png,processed_images\D2-0534_1-1.png,L,47,mass,Luminal A,,2294,1914,
D2-0534,D2-0534_1-2.png,processed_images\D2-0534_1-2.png,L,47,mass,Luminal A,,2294,1914,
D2-0534,D2-0534_1-3.png,processed_images\D2-0534_1-3.png,L,47,mass,Luminal A,,2294,1914,
D2-0534,D2-0534_1-4.png,processed_images\D2-0534_1-4.png,L,47,mass,Luminal A,,2294,1914,
D2-0535,D2-0535_1-1.png,processed_images\D2-0535_1-1.png,R,58,mass,Luminal A,,2294,1914,
D2-0535,D2-0535_1-2.png,processed_images\D2-0535_1-2.png,R,58,mass,Luminal A,,2294,1914,
D2-0535,D2-0535_1-3.png,processed_images\D2-0535_1-3.png,R,58,mass,Luminal A,,2294,1914,
D2-0535,D2-0535_1-4.png,processed_images\D2-0535_1-4.png,R,58,mass,Luminal A,,2294,1914,
D2-0536,D2-0536_1-1.png,processed_images\D2-0536_1-1.png,L,45,mass,HER2-enriched,,2294,1914,
D2-0536,D2-0536_1-2.png,processed_images\D2-0536_1-2.png,L,45,mass,HER2-enriched,,2294,1914,
D2-0536,D2-0536_1-3.png,processed_images\D2-0536_1-3.png,L,45,mass,HER2-enriched,,2294,1914,
D2-0536,D2-0536_1-4.png,processed_images\D2-0536_1-4.png,L,45,mass,HER2-enriched,,2294,1914,
D2-0537,D2-0537_1-1.png,processed_images\D2-0537_1-1.png,L,51,mass,Luminal A,,2294,1914,
D2-0537,D2-0537_1-2.png,processed_images\D2-0537_1-2.png,L,51,mass,Luminal A,,2294,1914,
D2-0537,D2-0537_1-3.png,processed_images\D2-0537_1-3.png,L,51,mass,Luminal A,,2294,1914,
D2-0537,D2-0537_1-4.png,processed_images\D2-0537_1-4.png,L,51,mass,Luminal A,,2294,1914,
D2-0538,D2-0538_1-1.png,processed_images\D2-0538_1-1.png,R,56,mass,triple negative,,2294,1914,
D2-0538,D2-0538_1-2.png,processed_images\D2-0538_1-2.png,R,56,mass,triple negative,,2294,1914,
D2-0538,D2-0538_1-3.png,processed_images\D2-0538_1-3.png,R,56,mass,triple negative,,2294,1914,
D2-0538,D2-0538_1-4.png,processed_images\D2-0538_1-4.png,R,56,mass,triple negative,,2294,1914,
D2-0539,D2-0539_1-1.png,processed_images\D2-0539_1-1.png,L,61,mass,HER2-enriched,,2294,1914,
D2-0539,D2-0539_1-2.png,processed_images\D2-0539_1-2.png,L,61,mass,HER2-enriched,,2294,1914,
D2-0539,D2-0539_1-3.png,processed_images\D2-0539_1-3.png,L,61,mass,HER2-enriched,,2294,1914,
D2-0539,D2-0539_1-4.png,processed_images\D2-0539_1-4.png,L,61,mass,HER2-enriched,,2294,1914,
D2-0540,D2-0540_1-1.png,processed_images\D2-0540_1-1.png,L,42,mass,Luminal B,,2294,1914,
D2-0540,D2-0540_1-2.png,processed_images\D2-0540_1-2.png,L,42,mass,Luminal B,,2294,1914,
D2-0540,D2-0540_1-3.png,processed_images\D2-0540_1-3.png,L,42,mass,Luminal B,,2294,1914,
D2-0540,D2-0540_1-4.png,processed_images\D2-0540_1-4.png,L,42,mass,Luminal B,,2294,1914,
D2-0541,D2-0541_1-1.png,processed_images\D2-0541_1-1.png,L,50,mass,Luminal A,,2294,1914,
D2-0541,D2-0541_1-2.png,processed_images\D2-0541_1-2.png,L,50,mass,Luminal A,,2294,1914,
D2-0541,D2-0541_1-3.png,processed_images\D2-0541_1-3.png,L,50,mass,Luminal A,,2294,1914,
D2-0541,D2-0541_1-4.png,processed_images\D2-0541_1-4.png,L,50,mass,Luminal A,,2294,1914,
D2-0542,D2-0542_1-1.png,processed_images\D2-0542_1-1.png,L,37,mass,Luminal B,,2294,1914,
D2-0542,D2-0542_1-2.png,processed_images\D2-0542_1-2.png,L,37,mass,Luminal B,,2294,1914,
D2-0542,D2-0542_1-3.png,processed_images\D2-0542_1-3.png,L,37,mass,Luminal B,,2294,1914,
D2-0542,D2-0542_1-4.png,processed_images\D2-0542_1-4.png,L,37,mass,Luminal B,,2294,1914,
D2-0543,D2-0543_1-1.png,processed_images\D2-0543_1-1.png,L,44,mass,HER2-enriched,,2294,1914,
D2-0543,D2-0543_1-2.png,processed_images\D2-0543_1-2.png,L,44,mass,HER2-enriched,,2294,1914,
D2-0543,D2-0543_1-3.png,processed_images\D2-0543_1-3.png,L,44,mass,HER2-enriched,,2294,1914,
D2-0543,D2-0543_1-4.png,processed_images\D2-0543_1-4.png,L,44,mass,HER2-enriched,,2294,1914,
D2-0544,D2-0544_1-1.png,processed_images\D2-0544_1-1.png,R,60,mass,Luminal B,,2294,1914,
D2-0544,D2-0544_1-2.png,processed_images\D2-0544_1-2.png,R,60,mass,Luminal B,,2294,1914,
D2-0544,D2-0544_1-3.png,processed_images\D2-0544_1-3.png,R,60,mass,Luminal B,,2294,1914,
D2-0544,D2-0544_1-4.png,processed_images\D2-0544_1-4.png,R,60,mass,Luminal B,,2294,1914,
D2-0545,D2-0545_1-1.png,processed_images\D2-0545_1-1.png,R,46,mass,Luminal B,,2294,1914,
D2-0545,D2-0545_1-2.png,processed_images\D2-0545_1-2.png,R,46,mass,Luminal B,,2294,1914,
D2-0545,D2-0545_1-3.png,processed_images\D2-0545_1-3.png,R,46,mass,Luminal B,,2294,1914,
D2-0545,D2-0545_1-4.png,processed_images\D2-0545_1-4.png,R,46,mass,Luminal B,,2294,1914,
D2-0546,D2-0546_1-1.png,processed_images\D2-0546_1-1.png,L,46,mass,Luminal A,,2294,1914,
D2-0546,D2-0546_1-2.png,processed_images\D2-0546_1-2.png,L,46,mass,Luminal A,,2294,1914,
D2-0546,D2-0546_1-3.png,processed_images\D2-0546_1-3.png,L,46,mass,Luminal A,,2294,1914,
D2-0546,D2-0546_1-4.png,processed_images\D2-0546_1-4.png,L,46,mass,Luminal A,,2294,1914,
D2-0547,D2-0547_1-1.png,processed_images\D2-0547_1-1.png,R,31,mass,Luminal B,,2294,1914,
D2-0547,D2-0547_1-2.png,processed_images\D2-0547_1-2.png,R,31,mass,Luminal B,,2294,1914,
D2-0547,D2-0547_1-3.png,processed_images\D2-0547_1-3.png,R,31,mass,Luminal B,,2294,1914,
D2-0547,D2-0547_1-4.png,processed_images\D2-0547_1-4.png,R,31,mass,Luminal B,,2294,1914,
D2-0548,D2-0548_1-1.png,processed_images\D2-0548_1-1.png,L,40,mass,Luminal A,,2294,1914,
D2-0548,D2-0548_1-2.png,processed_images\D2-0548_1-2.png,L,40,mass,Luminal A,,2294,1914,
D2-0548,D2-0548_1-3.png,processed_images\D2-0548_1-3.png,L,40,mass,Luminal A,,2294,1914,
D2-0548,D2-0548_1-4.png,processed_images\D2-0548_1-4.png,L,40,mass,Luminal A,,2294,1914,
D2-0549,D2-0549_1-1.png,processed_images\D2-0549_1-1.png,L,70,mass,triple negative,,2294,1914,
D2-0549,D2-0549_1-2.png,processed_images\D2-0549_1-2.png,L,70,mass,triple negative,,2294,1914,
D2-0549,D2-0549_1-3.png,processed_images\D2-0549_1-3.png,L,70,mass,triple negative,,2294,1914,
D2-0549,D2-0549_1-4.png,processed_images\D2-0549_1-4.png,L,70,mass,triple negative,,2294,1914,
D2-0550,D2-0550_1-1.png,processed_images\D2-0550_1-1.png,R,46,mass,Luminal B,,2294,1914,
D2-0550,D2-0550_1-2.png,processed_images\D2-0550_1-2.png,R,46,mass,Luminal B,,2294,1914,
D2-0550,D2-0550_1-3.png,processed_images\D2-0550_1-3.png,R,46,mass,Luminal B,,2294,1914,
D2-0550,D2-0550_1-4.png,processed_images\D2-0550_1-4.png,R,46,mass,Luminal B,,2294,1914,
D2-0551,D2-0551_1-1.png,processed_images\D2-0551_1-1.png,R,57,mass,Luminal A,,2294,1914,
D2-0551,D2-0551_1-2.png,processed_images\D2-0551_1-2.png,R,57,mass,Luminal A,,2294,1914,
D2-0551,D2-0551_1-3.png,processed_images\D2-0551_1-3.png,R,57,mass,Luminal A,,2294,1914,
D2-0551,D2-0551_1-4.png,processed_images\D2-0551_1-4.png,R,57,mass,Luminal A,,2294,1914,
D2-0552,D2-0552_1-1.png,processed_images\D2-0552_1-1.png,R,33,mass,Luminal A,,2294,1914,
D2-0552,D2-0552_1-2.png,processed_images\D2-0552_1-2.png,R,33,mass,Luminal A,,2294,1914,
D2-0552,D2-0552_1-3.png,processed_images\D2-0552_1-3.png,R,33,mass,Luminal A,,2294,1914,
D2-0552,D2-0552_1-4.png,processed_images\D2-0552_1-4.png,R,33,mass,Luminal A,,2294,1914,
D2-0553,D2-0553_1-1.png,processed_images\D2-0553_1-1.png,R,51,mass,HER2-enriched,,2294,1914,
D2-0553,D2-0553_1-2.png,processed_images\D2-0553_1-2.png,R,51,mass,HER2-enriched,,2294,1914,
D2-0553,D2-0553_1-3.png,processed_images\D2-0553_1-3.png,R,51,mass,HER2-enriched,,2294,1914,
D2-0553,D2-0553_1-4.png,processed_images\D2-0553_1-4.png,R,51,mass,HER2-enriched,,2294,1914,
D2-0554,D2-0554_1-1.png,processed_images\D2-0554_1-1.png,L,58,mass,triple negative,,2294,1914,
D2-0554,D2-0554_1-2.png,processed_images\D2-0554_1-2.png,L,58,mass,triple negative,,2294,1914,
D2-0554,D2-0554_1-3.png,processed_images\D2-0554_1-3.png,L,58,mass,triple negative,,2294,1914,
D2-0554,D2-0554_1-4.png,processed_images\D2-0554_1-4.png,L,58,mass,triple negative,,2294,1914,
D2-0555,D2-0555_1-1.png,processed_images\D2-0555_1-1.png,L,43,mass,Luminal B,,2294,1914,
D2-0555,D2-0555_1-2.png,processed_images\D2-0555_1-2.png,L,43,mass,Luminal B,,2294,1914,
D2-0555,D2-0555_1-3.png,processed_images\D2-0555_1-3.png,L,43,mass,Luminal B,,2294,1914,
D2-0555,D2-0555_1-4.png,processed_images\D2-0555_1-4.png,L,43,mass,Luminal B,,2294,1914,
D2-0556,D2-0556_1-1.png,processed_images\D2-0556_1-1.png,R,68,mass,Luminal B,,2294,1914,
D2-0556,D2-0556_1-2.png,processed_images\D2-0556_1-2.png,R,68,mass,Luminal B,,2294,1914,
D2-0556,D2-0556_1-3.png,processed_images\D2-0556_1-3.png,R,68,mass,Luminal B,,2294,1914,
D2-0556,D2-0556_1-4.png,processed_images\D2-0556_1-4.png,R,68,mass,Luminal B,,2294,1914,
D2-0557,D2-0557_1-1.png,processed_images\D2-0557_1-1.png,L,52,mass,Luminal B,,2294,1914,
D2-0557,D2-0557_1-2.png,processed_images\D2-0557_1-2.png,L,52,mass,Luminal B,,2294,1914,
D2-0557,D2-0557_1-3.png,processed_images\D2-0557_1-3.png,L,52,mass,Luminal B,,2294,1914,
D2-0557,D2-0557_1-4.png,processed_images\D2-0557_1-4.png,L,52,mass,Luminal B,,2294,1914,
D2-0558,D2-0558_1-1.png,processed_images\D2-0558_1-1.png,L,66,mass,Luminal B,,2294,1914,
D2-0558,D2-0558_1-2.png,processed_images\D2-0558_1-2.png,L,66,mass,Luminal B,,2294,1914,
D2-0558,D2-0558_1-3.png,processed_images\D2-0558_1-3.png,L,66,mass,Luminal B,,2294,1914,
D2-0558,D2-0558_1-4.png,processed_images\D2-0558_1-4.png,L,66,mass,Luminal B,,2294,1914,
D2-0559,D2-0559_1-1.png,processed_images\D2-0559_1-1.png,R,51,mass,Luminal B,,2294,1914,
D2-0559,D2-0559_1-2.png,processed_images\D2-0559_1-2.png,R,51,mass,Luminal B,,2294,1914,
D2-0559,D2-0559_1-3.png,processed_images\D2-0559_1-3.png,R,51,mass,Luminal B,,2294,1914,
D2-0559,D2-0559_1-4.png,processed_images\D2-0559_1-4.png,R,51,mass,Luminal B,,2294,1914,
D2-0560,D2-0560_1-1.png,processed_images\D2-0560_1-1.png,R,49,mass,Luminal B,,2294,1914,
D2-0560,D2-0560_1-2.png,processed_images\D2-0560_1-2.png,R,49,mass,Luminal B,,2294,1914,
D2-0560,D2-0560_1-3.png,processed_images\D2-0560_1-3.png,R,49,mass,Luminal B,,2294,1914,
D2-0560,D2-0560_1-4.png,processed_images\D2-0560_1-4.png,R,49,mass,Luminal B,,2294,1914,
D2-0561,D2-0561_1-1.png,processed_images\D2-0561_1-1.png,L,44,mass,Luminal B,,2294,1914,
D2-0561,D2-0561_1-2.png,processed_images\D2-0561_1-2.png,L,44,mass,Luminal B,,2294,1914,
D2-0561,D2-0561_1-3.png,processed_images\D2-0561_1-3.png,L,44,mass,Luminal B,,2294,1914,
D2-0561,D2-0561_1-4.png,processed_images\D2-0561_1-4.png,L,44,mass,Luminal B,,2294,1914,
D2-0562,D2-0562_1-1.png,processed_images\D2-0562_1-1.png,L,50,mass,Luminal B,,2294,1914,
D2-0562,D2-0562_1-2.png,processed_images\D2-0562_1-2.png,L,50,mass,Luminal B,,2294,1914,
D2-0562,D2-0562_1-3.png,processed_images\D2-0562_1-3.png,L,50,mass,Luminal B,,2294,1914,
D2-0562,D2-0562_1-4.png,processed_images\D2-0562_1-4.png,L,50,mass,Luminal B,,2294,1914,
D2-0563,D2-0563_1-1.png,processed_images\D2-0563_1-1.png,R,41,mass,Luminal B,,2294,1914,
D2-0563,D2-0563_1-2.png,processed_images\D2-0563_1-2.png,R,41,mass,Luminal B,,2294,1914,
D2-0563,D2-0563_1-3.png,processed_images\D2-0563_1-3.png,R,41,mass,Luminal B,,2294,1914,
D2-0563,D2-0563_1-4.png,processed_images\D2-0563_1-4.png,R,41,mass,Luminal B,,2294,1914,
D2-0564,D2-0564_1-1.png,processed_images\D2-0564_1-1.png,R,30,mass,Luminal B,,2294,1914,
D2-0564,D2-0564_1-2.png,processed_images\D2-0564_1-2.png,R,30,mass,Luminal B,,2294,1914,
D2-0564,D2-0564_1-3.png,processed_images\D2-0564_1-3.png,R,30,mass,Luminal B,,2294,1914,
D2-0564,D2-0564_1-4.png,processed_images\D2-0564_1-4.png,R,30,mass,Luminal B,,2294,1914,
D2-0565,D2-0565_1-3.png,processed_images\D2-0565_1-3.png,R,75,mass,Luminal A,,2294,1914,
D2-0565,D2-0565_1-4.png,processed_images\D2-0565_1-4.png,R,75,mass,Luminal A,,2294,1914,
D2-0566,D2-0566_1-1.png,processed_images\D2-0566_1-1.png,L,65,mass,Luminal B,,2294,1914,
D2-0566,D2-0566_1-2.png,processed_images\D2-0566_1-2.png,L,65,mass,Luminal B,,2294,1914,
D2-0566,D2-0566_1-3.png,processed_images\D2-0566_1-3.png,L,65,mass,Luminal B,,2294,1914,
D2-0566,D2-0566_1-4.png,processed_images\D2-0566_1-4.png,L,65,mass,Luminal B,,2294,1914,
D2-0567,D2-0567_1-1.png,processed_images\D2-0567_1-1.png,L,42,mass,Luminal A,,2294,1914,
D2-0567,D2-0567_1-2.png,processed_images\D2-0567_1-2.png,L,42,mass,Luminal A,,2294,1914,
D2-0567,D2-0567_1-3.png,processed_images\D2-0567_1-3.png,L,42,mass,Luminal A,,2294,1914,
D2-0567,D2-0567_1-4.png,processed_images\D2-0567_1-4.png,L,42,mass,Luminal A,,2294,1914,
D2-0568,D2-0568_1-1.png,processed_images\D2-0568_1-1.png,R,62,mass,Luminal B,,2294,1914,
D2-0568,D2-0568_1-2.png,processed_images\D2-0568_1-2.png,R,62,mass,Luminal B,,2294,1914,
D2-0568,D2-0568_1-3.png,processed_images\D2-0568_1-3.png,R,62,mass,Luminal B,,2294,1914,
D2-0568,D2-0568_1-4.png,processed_images\D2-0568_1-4.png,R,62,mass,Luminal B,,2294,1914,
D2-0569,D2-0569_1-1.png,processed_images\D2-0569_1-1.png,L,45,mass,Luminal B,,2294,1914,
D2-0569,D2-0569_1-2.png,processed_images\D2-0569_1-2.png,L,45,mass,Luminal B,,2294,1914,
D2-0569,D2-0569_1-3.png,processed_images\D2-0569_1-3.png,L,45,mass,Luminal B,,2294,1914,
D2-0569,D2-0569_1-4.png,processed_images\D2-0569_1-4.png,L,45,mass,Luminal B,,2294,1914,
D2-0570,D2-0570_1-1.png,processed_images\D2-0570_1-1.png,L,29,mass,triple negative,,2294,1914,
D2-0570,D2-0570_1-2.png,processed_images\D2-0570_1-2.png,L,29,mass,triple negative,,2294,1914,
D2-0570,D2-0570_1-3.png,processed_images\D2-0570_1-3.png,L,29,mass,triple negative,,2294,1914,
D2-0570,D2-0570_1-4.png,processed_images\D2-0570_1-4.png,L,29,mass,triple negative,,2294,1914,
D2-0571,D2-0571_1-1.png,processed_images\D2-0571_1-1.png,L,64,mass,triple negative,,2294,1914,
D2-0571,D2-0571_1-2.png,processed_images\D2-0571_1-2.png,L,64,mass,triple negative,,2294,1914,
D2-0571,D2-0571_1-3.png,processed_images\D2-0571_1-3.png,L,64,mass,triple negative,,2294,1914,
D2-0571,D2-0571_1-4.png,processed_images\D2-0571_1-4.png,L,64,mass,triple negative,,2294,1914,
D2-0572,D2-0572_1-1.png,processed_images\D2-0572_1-1.png,R,44,mass,Luminal B,,2294,1914,
D2-0572,D2-0572_1-2.png,processed_images\D2-0572_1-2.png,R,44,mass,Luminal B,,2294,1914,
D2-0572,D2-0572_1-3.png,processed_images\D2-0572_1-3.png,R,44,mass,Luminal B,,2294,1914,
D2-0572,D2-0572_1-4.png,processed_images\D2-0572_1-4.png,R,44,mass,Luminal B,,2294,1914,
D2-0573,D2-0573_1-1.png,processed_images\D2-0573_1-1.png,R,44,mass,Luminal B,,2294,1914,
D2-0573,D2-0573_1-2.png,processed_images\D2-0573_1-2.png,R,44,mass,Luminal B,,2294,1914,
D2-0573,D2-0573_1-3.png,processed_images\D2-0573_1-3.png,R,44,mass,Luminal B,,2294,1914,
D2-0573,D2-0573_1-4.png,processed_images\D2-0573_1-4.png,R,44,mass,Luminal B,,2294,1914,
D2-0574,D2-0574_1-1.png,processed_images\D2-0574_1-1.png,R,49,mass,Luminal B,,2294,1914,
D2-0574,D2-0574_1-2.png,processed_images\D2-0574_1-2.png,R,49,mass,Luminal B,,2294,1914,
D2-0574,D2-0574_1-3.png,processed_images\D2-0574_1-3.png,R,49,mass,Luminal B,,2294,1914,
D2-0574,D2-0574_1-4.png,processed_images\D2-0574_1-4.png,R,49,mass,Luminal B,,2294,1914,
D2-0575,D2-0575_1-1.png,processed_images\D2-0575_1-1.png,L,56,mass,Luminal A,,2294,1914,
D2-0575,D2-0575_1-2.png,processed_images\D2-0575_1-2.png,L,56,mass,Luminal A,,2294,1914,
D2-0575,D2-0575_1-3.png,processed_images\D2-0575_1-3.png,L,56,mass,Luminal A,,2294,1914,
D2-0575,D2-0575_1-4.png,processed_images\D2-0575_1-4.png,L,56,mass,Luminal A,,2294,1914,
D2-0576,D2-0576_1-1.png,processed_images\D2-0576_1-1.png,R,57,mass,Luminal B,,2294,1914,
D2-0576,D2-0576_1-2.png,processed_images\D2-0576_1-2.png,R,57,mass,Luminal B,,2294,1914,
D2-0576,D2-0576_1-3.png,processed_images\D2-0576_1-3.png,R,57,mass,Luminal B,,2294,1914,
D2-0576,D2-0576_1-4.png,processed_images\D2-0576_1-4.png,R,57,mass,Luminal B,,2294,1914,
D2-0577,D2-0577_1-1.png,processed_images\D2-0577_1-1.png,L,45,mass,Luminal B,,2294,1914,
D2-0577,D2-0577_1-2.png,processed_images\D2-0577_1-2.png,L,45,mass,Luminal B,,2294,1914,
D2-0577,D2-0577_1-3.png,processed_images\D2-0577_1-3.png,L,45,mass,Luminal B,,2294,1914,
D2-0577,D2-0577_1-4.png,processed_images\D2-0577_1-4.png,L,45,mass,Luminal B,,2294,1914,
D2-0578,D2-0578_1-1.png,processed_images\D2-0578_1-1.png,R,44,mass,triple negative,,2294,1914,
D2-0578,D2-0578_1-2.png,processed_images\D2-0578_1-2.png,R,44,mass,triple negative,,2294,1914,
D2-0578,D2-0578_1-3.png,processed_images\D2-0578_1-3.png,R,44,mass,triple negative,,2294,1914,
D2-0578,D2-0578_1-4.png,processed_images\D2-0578_1-4.png,R,44,mass,triple negative,,2294,1914,
D2-0579,D2-0579_1-1.png,processed_images\D2-0579_1-1.png,R,46,mass,triple negative,,2294,1914,
D2-0579,D2-0579_1-2.png,processed_images\D2-0579_1-2.png,R,46,mass,triple negative,,2294,1914,
D2-0579,D2-0579_1-3.png,processed_images\D2-0579_1-3.png,R,46,mass,triple negative,,2294,1914,
D2-0579,D2-0579_1-4.png,processed_images\D2-0579_1-4.png,R,46,mass,triple negative,,2294,1914,
D2-0580,D2-0580_1-1.png,processed_images\D2-0580_1-1.png,L,41,mass,Luminal B,,2294,1914,
D2-0580,D2-0580_1-2.png,processed_images\D2-0580_1-2.png,L,41,mass,Luminal B,,2294,1914,
D2-0580,D2-0580_1-3.png,processed_images\D2-0580_1-3.png,L,41,mass,Luminal B,,2294,1914,
D2-0580,D2-0580_1-4.png,processed_images\D2-0580_1-4.png,L,41,mass,Luminal B,,2294,1914,
D2-0581,D2-0581_1-1.png,processed_images\D2-0581_1-1.png,L,41,mass,triple negative,,2294,1914,
D2-0581,D2-0581_1-2.png,processed_images\D2-0581_1-2.png,L,41,mass,triple negative,,2294,1914,
D2-0581,D2-0581_1-3.png,processed_images\D2-0581_1-3.png,L,41,mass,triple negative,,2294,1914,
D2-0581,D2-0581_1-4.png,processed_images\D2-0581_1-4.png,L,41,mass,triple negative,,2294,1914,
D2-0582,D2-0582_1-1.png,processed_images\D2-0582_1-1.png,L,45,mass,Luminal B,,2294,1914,
D2-0582,D2-0582_1-2.png,processed_images\D2-0582_1-2.png,L,45,mass,Luminal B,,2294,1914,
D2-0582,D2-0582_1-3.png,processed_images\D2-0582_1-3.png,L,45,mass,Luminal B,,2294,1914,
D2-0582,D2-0582_1-4.png,processed_images\D2-0582_1-4.png,L,45,mass,Luminal B,,2294,1914,
D2-0583,D2-0583_1-1.png,processed_images\D2-0583_1-1.png,R,46,mass,Luminal B,,2294,1914,
D2-0583,D2-0583_1-2.png,processed_images\D2-0583_1-2.png,R,46,mass,Luminal B,,2294,1914,
D2-0583,D2-0583_1-3.png,processed_images\D2-0583_1-3.png,R,46,mass,Luminal B,,2294,1914,
D2-0583,D2-0583_1-4.png,processed_images\D2-0583_1-4.png,R,46,mass,Luminal B,,2294,1914,
D2-0584,D2-0584_1-1.png,processed_images\D2-0584_1-1.png,R,51,mass,HER2-enriched,,2294,1914,
D2-0584,D2-0584_1-2.png,processed_images\D2-0584_1-2.png,R,51,mass,HER2-enriched,,2294,1914,
D2-0584,D2-0584_1-3.png,processed_images\D2-0584_1-3.png,R,51,mass,HER2-enriched,,2294,1914,
D2-0584,D2-0584_1-4.png,processed_images\D2-0584_1-4.png,R,51,mass,HER2-enriched,,2294,1914,
D2-0585,D2-0585_1-1.png,processed_images\D2-0585_1-1.png,R,30,mass,triple negative,,2294,1914,
D2-0585,D2-0585_1-2.png,processed_images\D2-0585_1-2.png,R,30,mass,triple negative,,2294,1914,
D2-0585,D2-0585_1-3.png,processed_images\D2-0585_1-3.png,R,30,mass,triple negative,,2294,1914,
D2-0585,D2-0585_1-4.png,processed_images\D2-0585_1-4.png,R,30,mass,triple negative,,2294,1914,
D2-0586,D2-0586_1-1.png,processed_images\D2-0586_1-1.png,L,46,mass,triple negative,,2294,1914,
D2-0586,D2-0586_1-2.png,processed_images\D2-0586_1-2.png,L,46,mass,triple negative,,2294,1914,
D2-0586,D2-0586_1-3.png,processed_images\D2-0586_1-3.png,L,46,mass,triple negative,,2294,1914,
D2-0586,D2-0586_1-4.png,processed_images\D2-0586_1-4.png,L,46,mass,triple negative,,2294,1914,
D2-0587,D2-0587_1-1.png,processed_images\D2-0587_1-1.png,L,45,mass,triple negative,,2294,1914,
D2-0587,D2-0587_1-2.png,processed_images\D2-0587_1-2.png,L,45,mass,triple negative,,2294,1914,
D2-0587,D2-0587_1-3.png,processed_images\D2-0587_1-3.png,L,45,mass,triple negative,,2294,1914,
D2-0587,D2-0587_1-4.png,processed_images\D2-0587_1-4.png,L,45,mass,triple negative,,2294,1914,
D2-0588,D2-0588_1-1.png,processed_images\D2-0588_1-1.png,R,61,mass,Luminal B,,2294,1914,
D2-0588,D2-0588_1-2.png,processed_images\D2-0588_1-2.png,R,61,mass,Luminal B,,2294,1914,
D2-0588,D2-0588_1-3.png,processed_images\D2-0588_1-3.png,R,61,mass,Luminal B,,2294,1914,
D2-0588,D2-0588_1-4.png,processed_images\D2-0588_1-4.png,R,61,mass,Luminal B,,2294,1914,
D2-0589,D2-0589_1-1.png,processed_images\D2-0589_1-1.png,R,68,mass,Luminal B,,2294,1914,
D2-0589,D2-0589_1-2.png,processed_images\D2-0589_1-2.png,R,68,mass,Luminal B,,2294,1914,
D2-0589,D2-0589_1-3.png,processed_images\D2-0589_1-3.png,R,68,mass,Luminal B,,2294,1914,
D2-0589,D2-0589_1-4.png,processed_images\D2-0589_1-4.png,R,68,mass,Luminal B,,2294,1914,
D2-0590,D2-0590_1-1.png,processed_images\D2-0590_1-1.png,R,50,mass,Luminal B,,2294,1914,
D2-0590,D2-0590_1-2.png,processed_images\D2-0590_1-2.png,R,50,mass,Luminal B,,2294,1914,
D2-0590,D2-0590_1-3.png,processed_images\D2-0590_1-3.png,R,50,mass,Luminal B,,2294,1914,
D2-0590,D2-0590_1-4.png,processed_images\D2-0590_1-4.png,R,50,mass,Luminal B,,2294,1914,
D2-0591,D2-0591_1-1.png,processed_images\D2-0591_1-1.png,R,46,mass,Luminal A,,2294,1914,
D2-0591,D2-0591_1-2.png,processed_images\D2-0591_1-2.png,R,46,mass,Luminal A,,2294,1914,
D2-0591,D2-0591_1-3.png,processed_images\D2-0591_1-3.png,R,46,mass,Luminal A,,2294,1914,
D2-0591,D2-0591_1-4.png,processed_images\D2-0591_1-4.png,R,46,mass,Luminal A,,2294,1914,
D2-0592,D2-0592_1-1.png,processed_images\D2-0592_1-1.png,L,53,mass,triple negative,,2294,1914,
D2-0592,D2-0592_1-2.png,processed_images\D2-0592_1-2.png,L,53,mass,triple negative,,2294,1914,
D2-0592,D2-0592_1-3.png,processed_images\D2-0592_1-3.png,L,53,mass,triple negative,,2294,1914,
D2-0592,D2-0592_1-4.png,processed_images\D2-0592_1-4.png,L,53,mass,triple negative,,2294,1914,
D2-0593,D2-0593_1-1.png,processed_images\D2-0593_1-1.png,L,57,mass,Luminal A,,2294,1914,
D2-0593,D2-0593_1-2.png,processed_images\D2-0593_1-2.png,L,57,mass,Luminal A,,2294,1914,
D2-0593,D2-0593_1-3.png,processed_images\D2-0593_1-3.png,L,57,mass,Luminal A,,2294,1914,
D2-0593,D2-0593_1-4.png,processed_images\D2-0593_1-4.png,L,57,mass,Luminal A,,2294,1914,
D2-0594,D2-0594_1-1.png,processed_images\D2-0594_1-1.png,R,45,mass,Luminal B,,2294,1914,
D2-0594,D2-0594_1-2.png,processed_images\D2-0594_1-2.png,R,45,mass,Luminal B,,2294,1914,
D2-0594,D2-0594_1-3.png,processed_images\D2-0594_1-3.png,R,45,mass,Luminal B,,2294,1914,
D2-0594,D2-0594_1-4.png,processed_images\D2-0594_1-4.png,R,45,mass,Luminal B,,2294,1914,
D2-0595,D2-0595_1-1.png,processed_images\D2-0595_1-1.png,R,46,mass,HER2-enriched,,2294,1914,
D2-0595,D2-0595_1-2.png,processed_images\D2-0595_1-2.png,R,46,mass,HER2-enriched,,2294,1914,
D2-0595,D2-0595_1-3.png,processed_images\D2-0595_1-3.png,R,46,mass,HER2-enriched,,2294,1914,
D2-0595,D2-0595_1-4.png,processed_images\D2-0595_1-4.png,R,46,mass,HER2-enriched,,2294,1914,
D2-0596,D2-0596_1-1.png,processed_images\D2-0596_1-1.png,L,52,mass,HER2-enriched,,2294,1914,
D2-0596,D2-0596_1-2.png,processed_images\D2-0596_1-2.png,L,52,mass,HER2-enriched,,2294,1914,
D2-0596,D2-0596_1-3.png,processed_images\D2-0596_1-3.png,L,52,mass,HER2-enriched,,2294,1914,
D2-0596,D2-0596_1-4.png,processed_images\D2-0596_1-4.png,L,52,mass,HER2-enriched,,2294,1914,
D2-0597,D2-0597_1-1.png,processed_images\D2-0597_1-1.png,L,38,mass,Luminal B,,2294,1914,
D2-0597,D2-0597_1-2.png,processed_images\D2-0597_1-2.png,L,38,mass,Luminal B,,2294,1914,
D2-0597,D2-0597_1-3.png,processed_images\D2-0597_1-3.png,L,38,mass,Luminal B,,2294,1914,
D2-0597,D2-0597_1-4.png,processed_images\D2-0597_1-4.png,L,38,mass,Luminal B,,2294,1914,
D2-0598,D2-0598_1-1.png,processed_images\D2-0598_1-1.png,L,51,mass,HER2-enriched,,2294,1914,
D2-0598,D2-0598_1-2.png,processed_images\D2-0598_1-2.png,L,51,mass,HER2-enriched,,2294,1914,
D2-0598,D2-0598_1-3.png,processed_images\D2-0598_1-3.png,L,51,mass,HER2-enriched,,2294,1914,
D2-0598,D2-0598_1-4.png,processed_images\D2-0598_1-4.png,L,51,mass,HER2-enriched,,2294,1914,
D2-0599,D2-0599_1-1.png,processed_images\D2-0599_1-1.png,R,44,mass,Luminal B,,2294,1914,
D2-0599,D2-0599_1-2.png,processed_images\D2-0599_1-2.png,R,44,mass,Luminal B,,2294,1914,
D2-0599,D2-0599_1-3.png,processed_images\D2-0599_1-3.png,R,44,mass,Luminal B,,2294,1914,
D2-0599,D2-0599_1-4.png,processed_images\D2-0599_1-4.png,R,44,mass,Luminal B,,2294,1914,
D2-0600,D2-0600_1-1.png,processed_images\D2-0600_1-1.png,L,41,mass,triple negative,,2294,1914,
D2-0600,D2-0600_1-2.png,processed_images\D2-0600_1-2.png,L,41,mass,triple negative,,2294,1914,
D2-0600,D2-0600_1-3.png,processed_images\D2-0600_1-3.png,L,41,mass,triple negative,,2294,1914,
D2-0600,D2-0600_1-4.png,processed_images\D2-0600_1-4.png,L,41,mass,triple negative,,2294,1914,
D2-0601,D2-0601_1-1.png,processed_images\D2-0601_1-1.png,R,39,mass,Luminal B,,2294,1914,
D2-0601,D2-0601_1-2.png,processed_images\D2-0601_1-2.png,R,39,mass,Luminal B,,2294,1914,
D2-0601,D2-0601_1-3.png,processed_images\D2-0601_1-3.png,R,39,mass,Luminal B,,2294,1914,
D2-0601,D2-0601_1-4.png,processed_images\D2-0601_1-4.png,R,39,mass,Luminal B,,2294,1914,
D2-0602,D2-0602_1-1.png,processed_images\D2-0602_1-1.png,L,42,mass,triple negative,,2294,1914,
D2-0602,D2-0602_1-2.png,processed_images\D2-0602_1-2.png,L,42,mass,triple negative,,2294,1914,
D2-0602,D2-0602_1-3.png,processed_images\D2-0602_1-3.png,L,42,mass,triple negative,,2294,1914,
D2-0602,D2-0602_1-4.png,processed_images\D2-0602_1-4.png,L,42,mass,triple negative,,2294,1914,
D2-0603,D2-0603_1-1.png,processed_images\D2-0603_1-1.png,L,44,mass,Luminal B,,2294,1914,
D2-0603,D2-0603_1-2.png,processed_images\D2-0603_1-2.png,L,44,mass,Luminal B,,2294,1914,
D2-0603,D2-0603_1-3.png,processed_images\D2-0603_1-3.png,L,44,mass,Luminal B,,2294,1914,
D2-0603,D2-0603_1-4.png,processed_images\D2-0603_1-4.png,L,44,mass,Luminal B,,2294,1914,
D2-0604,D2-0604_1-1.png,processed_images\D2-0604_1-1.png,L,43,mass,Luminal B,,2294,1914,
D2-0604,D2-0604_1-2.png,processed_images\D2-0604_1-2.png,L,43,mass,Luminal B,,2294,1914,
D2-0604,D2-0604_1-3.png,processed_images\D2-0604_1-3.png,L,43,mass,Luminal B,,2294,1914,
D2-0604,D2-0604_1-4.png,processed_images\D2-0604_1-4.png,L,43,mass,Luminal B,,2294,1914,
D2-0605,D2-0605_1-1.png,processed_images\D2-0605_1-1.png,R,55,mass,Luminal B,,2294,1914,
D2-0605,D2-0605_1-2.png,processed_images\D2-0605_1-2.png,R,55,mass,Luminal B,,2294,1914,
D2-0605,D2-0605_1-3.png,processed_images\D2-0605_1-3.png,R,55,mass,Luminal B,,2294,1914,
D2-0605,D2-0605_1-4.png,processed_images\D2-0605_1-4.png,R,55,mass,Luminal B,,2294,1914,
D2-0606,D2-0606_1-1.png,processed_images\D2-0606_1-1.png,R,53,mass,Luminal A,,2294,1914,
D2-0606,D2-0606_1-2.png,processed_images\D2-0606_1-2.png,R,53,mass,Luminal A,,2294,1914,
D2-0606,D2-0606_1-3.png,processed_images\D2-0606_1-3.png,R,53,mass,Luminal A,,2294,1914,
D2-0606,D2-0606_1-4.png,processed_images\D2-0606_1-4.png,R,53,mass,Luminal A,,2294,1914,
D2-0607,D2-0607_1-1.png,processed_images\D2-0607_1-1.png,R,51,mass,Luminal A,,2294,1914,
D2-0607,D2-0607_1-2.png,processed_images\D2-0607_1-2.png,R,51,mass,Luminal A,,2294,1914,
D2-0607,D2-0607_1-3.png,processed_images\D2-0607_1-3.png,R,51,mass,Luminal A,,2294,1914,
D2-0607,D2-0607_1-4.png,processed_images\D2-0607_1-4.png,R,51,mass,Luminal A,,2294,1914,
D2-0608,D2-0608_1-1.png,processed_images\D2-0608_1-1.png,R,28,mass,triple negative,,2294,1914,
D2-0608,D2-0608_1-2.png,processed_images\D2-0608_1-2.png,R,28,mass,triple negative,,2294,1914,
D2-0608,D2-0608_1-3.png,processed_images\D2-0608_1-3.png,R,28,mass,triple negative,,2294,1914,
D2-0608,D2-0608_1-4.png,processed_images\D2-0608_1-4.png,R,28,mass,triple negative,,2294,1914,
D2-0609,D2-0609_1-1.png,processed_images\D2-0609_1-1.png,L,56,mass,Luminal A,,2294,1914,
D2-0609,D2-0609_1-2.png,processed_images\D2-0609_1-2.png,L,56,mass,Luminal A,,2294,1914,
D2-0609,D2-0609_1-3.png,processed_images\D2-0609_1-3.png,L,56,mass,Luminal A,,2294,1914,
D2-0609,D2-0609_1-4.png,processed_images\D2-0609_1-4.png,L,56,mass,Luminal A,,2294,1914,
D2-0610,D2-0610_1-1.png,processed_images\D2-0610_1-1.png,L,66,mass,Luminal B,,2294,1914,
D2-0610,D2-0610_1-2.png,processed_images\D2-0610_1-2.png,L,66,mass,Luminal B,,2294,1914,
D2-0610,D2-0610_1-3.png,processed_images\D2-0610_1-3.png,L,66,mass,Luminal B,,2294,1914,
D2-0610,D2-0610_1-4.png,processed_images\D2-0610_1-4.png,L,66,mass,Luminal B,,2294,1914,
D2-0611,D2-0611_1-1.png,processed_images\D2-0611_1-1.png,R,59,mass,Luminal B,,2294,1914,
D2-0611,D2-0611_1-2.png,processed_images\D2-0611_1-2.png,R,59,mass,Luminal B,,2294,1914,
D2-0611,D2-0611_1-3.png,processed_images\D2-0611_1-3.png,R,59,mass,Luminal B,,2294,1914,
D2-0611,D2-0611_1-4.png,processed_images\D2-0611_1-4.png,R,59,mass,Luminal B,,2294,1914,
D2-0612,D2-0612_1-1.png,processed_images\D2-0612_1-1.png,L,33,mass,Luminal A,,2294,1914,
D2-0612,D2-0612_1-2.png,processed_images\D2-0612_1-2.png,L,33,mass,Luminal A,,2294,1914,
D2-0612,D2-0612_1-3.png,processed_images\D2-0612_1-3.png,L,33,mass,Luminal A,,2294,1914,
D2-0612,D2-0612_1-4.png,processed_images\D2-0612_1-4.png,L,33,mass,Luminal A,,2294,1914,
D2-0613,D2-0613_1-1.png,processed_images\D2-0613_1-1.png,L,50,mass,HER2-enriched,,2294,1914,
D2-0613,D2-0613_1-2.png,processed_images\D2-0613_1-2.png,L,50,mass,HER2-enriched,,2294,1914,
D2-0613,D2-0613_1-3.png,processed_images\D2-0613_1-3.png,R,50,mass,Benign,,2294,1914,
D2-0613,D2-0613_1-4.png,processed_images\D2-0613_1-4.png,R,50,mass,Benign,,2294,1914,
D2-0614,D2-0614_1-1.png,processed_images\D2-0614_1-1.png,L,78,mass,HER2-enriched,,2294,1914,
D2-0614,D2-0614_1-2.png,processed_images\D2-0614_1-2.png,L,78,mass,HER2-enriched,,2294,1914,
D2-0614,D2-0614_1-3.png,processed_images\D2-0614_1-3.png,L,78,mass,HER2-enriched,,2294,1914,
D2-0614,D2-0614_1-4.png,processed_images\D2-0614_1-4.png,L,78,mass,HER2-enriched,,2294,1914,
D2-0615,D2-0615_1-1.png,processed_images\D2-0615_1-1.png,L,57,mass,HER2-enriched,,2294,1914,
D2-0615,D2-0615_1-2.png,processed_images\D2-0615_1-2.png,L,57,mass,HER2-enriched,,2294,1914,
D2-0615,D2-0615_1-3.png,processed_images\D2-0615_1-3.png,L,57,mass,HER2-enriched,,2294,1914,
D2-0615,D2-0615_1-4.png,processed_images\D2-0615_1-4.png,L,57,mass,HER2-enriched,,2294,1914,
D2-0616,D2-0616_1-1.png,processed_images\D2-0616_1-1.png,L,49,mass,Luminal A,,2294,1914,
D2-0616,D2-0616_1-2.png,processed_images\D2-0616_1-2.png,L,49,mass,Luminal A,,2294,1914,
D2-0616,D2-0616_1-3.png,processed_images\D2-0616_1-3.png,L,49,mass,Luminal A,,2294,1914,
D2-0616,D2-0616_1-4.png,processed_images\D2-0616_1-4.png,L,49,mass,Luminal A,,2294,1914,
D2-0617,D2-0617_1-1.png,processed_images\D2-0617_1-1.png,R,77,mass,Luminal B,,2294,1914,
D2-0617,D2-0617_1-2.png,processed_images\D2-0617_1-2.png,R,77,mass,Luminal B,,2294,1914,
D2-0617,D2-0617_1-3.png,processed_images\D2-0617_1-3.png,R,77,mass,Luminal B,,2294,1914,
D2-0617,D2-0617_1-4.png,processed_images\D2-0617_1-4.png,R,77,mass,Luminal B,,2294,1914,
D2-0618,D2-0618_1-1.png,processed_images\D2-0618_1-1.png,L,51,mass,Luminal B,,2294,1914,
D2-0618,D2-0618_1-2.png,processed_images\D2-0618_1-2.png,L,51,mass,Luminal B,,2294,1914,
D2-0618,D2-0618_1-3.png,processed_images\D2-0618_1-3.png,L,51,mass,Luminal B,,2294,1914,
D2-0618,D2-0618_1-4.png,processed_images\D2-0618_1-4.png,L,51,mass,Luminal B,,2294,1914,
D2-0619,D2-0619_1-1.png,processed_images\D2-0619_1-1.png,R,34,mass,triple negative,,2294,1914,
D2-0619,D2-0619_1-2.png,processed_images\D2-0619_1-2.png,R,34,mass,triple negative,,2294,1914,
D2-0619,D2-0619_1-3.png,processed_images\D2-0619_1-3.png,R,34,mass,triple negative,,2294,1914,
D2-0619,D2-0619_1-4.png,processed_images\D2-0619_1-4.png,R,34,mass,triple negative,,2294,1914,
D2-0620,D2-0620_1-1.png,processed_images\D2-0620_1-1.png,R,52,mass,HER2-enriched,,2294,1914,
D2-0620,D2-0620_1-2.png,processed_images\D2-0620_1-2.png,R,52,mass,HER2-enriched,,2294,1914,
D2-0620,D2-0620_1-3.png,processed_images\D2-0620_1-3.png,R,52,mass,HER2-enriched,,2294,1914,
D2-0620,D2-0620_1-4.png,processed_images\D2-0620_1-4.png,R,52,mass,HER2-enriched,,2294,1914,
D2-0621,D2-0621_1-1.png,processed_images\D2-0621_1-1.png,L,45,mass,Luminal B,,2294,1914,
D2-0621,D2-0621_1-2.png,processed_images\D2-0621_1-2.png,L,45,mass,Luminal B,,2294,1914,
D2-0621,D2-0621_1-3.png,processed_images\D2-0621_1-3.png,L,45,mass,Luminal B,,2294,1914,
D2-0621,D2-0621_1-4.png,processed_images\D2-0621_1-4.png,L,45,mass,Luminal B,,2294,1914,
D2-0622,D2-0622_1-1.png,processed_images\D2-0622_1-1.png,R,42,mass,triple negative,,2294,1914,
D2-0622,D2-0622_1-2.png,processed_images\D2-0622_1-2.png,R,42,mass,triple negative,,2294,1914,
D2-0622,D2-0622_1-3.png,processed_images\D2-0622_1-3.png,R,42,mass,triple negative,,2294,1914,
D2-0622,D2-0622_1-4.png,processed_images\D2-0622_1-4.png,R,42,mass,triple negative,,2294,1914,
D2-0623,D2-0623_1-1.png,processed_images\D2-0623_1-1.png,L,52,mass,Luminal A,,2294,1914,
D2-0623,D2-0623_1-2.png,processed_images\D2-0623_1-2.png,L,52,mass,Luminal A,,2294,1914,
D2-0623,D2-0623_1-3.png,processed_images\D2-0623_1-3.png,L,52,mass,Luminal A,,2294,1914,
D2-0623,D2-0623_1-4.png,processed_images\D2-0623_1-4.png,L,52,mass,Luminal A,,2294,1914,
D2-0624,D2-0624_1-1.png,processed_images\D2-0624_1-1.png,R,66,mass,Luminal A,,2294,1914,
D2-0624,D2-0624_1-2.png,processed_images\D2-0624_1-2.png,R,66,mass,Luminal A,,2294,1914,
D2-0624,D2-0624_1-3.png,processed_images\D2-0624_1-3.png,R,66,mass,Luminal A,,2294,1914,
D2-0624,D2-0624_1-4.png,processed_images\D2-0624_1-4.png,R,66,mass,Luminal A,,2294,1914,
D2-0625,D2-0625_1-1.png,processed_images\D2-0625_1-1.png,R,43,mass,triple negative,,2294,1914,
D2-0625,D2-0625_1-2.png,processed_images\D2-0625_1-2.png,R,43,mass,triple negative,,2294,1914,
D2-0625,D2-0625_1-3.png,processed_images\D2-0625_1-3.png,R,43,mass,triple negative,,2294,1914,
D2-0625,D2-0625_1-4.png,processed_images\D2-0625_1-4.png,R,43,mass,triple negative,,2294,1914,
D2-0626,D2-0626_1-1.png,processed_images\D2-0626_1-1.png,R,54,mass,Luminal B,,2294,1914,
D2-0626,D2-0626_1-2.png,processed_images\D2-0626_1-2.png,R,54,mass,Luminal B,,2294,1914,
D2-0626,D2-0626_1-3.png,processed_images\D2-0626_1-3.png,R,54,mass,Luminal B,,2294,1914,
D2-0626,D2-0626_1-4.png,processed_images\D2-0626_1-4.png,R,54,mass,Luminal B,,2294,1914,
D2-0627,D2-0627_1-1.png,processed_images\D2-0627_1-1.png,L,38,mass,triple negative,,2294,1914,
D2-0627,D2-0627_1-2.png,processed_images\D2-0627_1-2.png,L,38,mass,triple negative,,2294,1914,
D2-0627,D2-0627_1-3.png,processed_images\D2-0627_1-3.png,L,38,mass,triple negative,,2294,1914,
D2-0627,D2-0627_1-4.png,processed_images\D2-0627_1-4.png,L,38,mass,triple negative,,2294,1914,
D2-0628,D2-0628_1-1.png,processed_images\D2-0628_1-1.png,R,56,mass,Luminal B,,2294,1914,
D2-0628,D2-0628_1-2.png,processed_images\D2-0628_1-2.png,R,56,mass,Luminal B,,2294,1914,
D2-0628,D2-0628_1-3.png,processed_images\D2-0628_1-3.png,R,56,mass,Luminal B,,2294,1914,
D2-0628,D2-0628_1-4.png,processed_images\D2-0628_1-4.png,R,56,mass,Luminal B,,2294,1914,
D2-0629,D2-0629_1-1.png,processed_images\D2-0629_1-1.png,R,55,mass,HER2-enriched,,2294,1914,
D2-0629,D2-0629_1-2.png,processed_images\D2-0629_1-2.png,R,55,mass,HER2-enriched,,2294,1914,
D2-0629,D2-0629_1-3.png,processed_images\D2-0629_1-3.png,R,55,mass,HER2-enriched,,2294,1914,
D2-0629,D2-0629_1-4.png,processed_images\D2-0629_1-4.png,R,55,mass,HER2-enriched,,2294,1914,
D2-0630,D2-0630_1-1.png,processed_images\D2-0630_1-1.png,L,43,mass,Luminal A,,2294,1914,
D2-0630,D2-0630_1-2.png,processed_images\D2-0630_1-2.png,L,43,mass,Luminal A,,2294,1914,
D2-0630,D2-0630_1-3.png,processed_images\D2-0630_1-3.png,L,43,mass,Luminal A,,2294,1914,
D2-0630,D2-0630_1-4.png,processed_images\D2-0630_1-4.png,L,43,mass,Luminal A,,2294,1914,
D2-0631,D2-0631_1-1.png,processed_images\D2-0631_1-1.png,R,42,mass,Luminal B,,2294,1914,
D2-0631,D2-0631_1-2.png,processed_images\D2-0631_1-2.png,R,42,mass,Luminal B,,2294,1914,
D2-0631,D2-0631_1-3.png,processed_images\D2-0631_1-3.png,R,42,mass,Luminal B,,2294,1914,
D2-0631,D2-0631_1-4.png,processed_images\D2-0631_1-4.png,R,42,mass,Luminal B,,2294,1914,
D2-0632,D2-0632_1-1.png,processed_images\D2-0632_1-1.png,R,41,mass,Luminal A,,2294,1914,
D2-0632,D2-0632_1-2.png,processed_images\D2-0632_1-2.png,R,41,mass,Luminal A,,2294,1914,
D2-0632,D2-0632_1-3.png,processed_images\D2-0632_1-3.png,R,41,mass,Luminal A,,2294,1914,
D2-0632,D2-0632_1-4.png,processed_images\D2-0632_1-4.png,R,41,mass,Luminal A,,2294,1914,
D2-0633,D2-0633_1-1.png,processed_images\D2-0633_1-1.png,R,35,mass,Luminal B,,2294,1914,
D2-0633,D2-0633_1-2.png,processed_images\D2-0633_1-2.png,R,35,mass,Luminal B,,2294,1914,
D2-0633,D2-0633_1-3.png,processed_images\D2-0633_1-3.png,R,35,mass,Luminal B,,2294,1914,
D2-0633,D2-0633_1-4.png,processed_images\D2-0633_1-4.png,R,35,mass,Luminal B,,2294,1914,
D2-0634,D2-0634_1-1.png,processed_images\D2-0634_1-1.png,L,61,mass,Luminal B,,2294,1914,
D2-0634,D2-0634_1-2.png,processed_images\D2-0634_1-2.png,L,61,mass,Luminal B,,2294,1914,
D2-0634,D2-0634_1-3.png,processed_images\D2-0634_1-3.png,L,61,mass,Luminal B,,2294,1914,
D2-0634,D2-0634_1-4.png,processed_images\D2-0634_1-4.png,L,61,mass,Luminal B,,2294,1914,
D2-0635,D2-0635_1-1.png,processed_images\D2-0635_1-1.png,R,42,mass,HER2-enriched,,2294,1914,
D2-0635,D2-0635_1-2.png,processed_images\D2-0635_1-2.png,R,42,mass,HER2-enriched,,2294,1914,
D2-0635,D2-0635_1-3.png,processed_images\D2-0635_1-3.png,R,42,mass,HER2-enriched,,2294,1914,
D2-0635,D2-0635_1-4.png,processed_images\D2-0635_1-4.png,R,42,mass,HER2-enriched,,2294,1914,
D2-0636,D2-0636_1-1.png,processed_images\D2-0636_1-1.png,R,46,mass,Luminal B,,2294,1914,
D2-0636,D2-0636_1-2.png,processed_images\D2-0636_1-2.png,R,46,mass,Luminal B,,2294,1914,
D2-0636,D2-0636_1-3.png,processed_images\D2-0636_1-3.png,R,46,mass,Luminal B,,2294,1914,
D2-0636,D2-0636_1-4.png,processed_images\D2-0636_1-4.png,R,46,mass,Luminal B,,2294,1914,
D2-0637,D2-0637_1-1.png,processed_images\D2-0637_1-1.png,L,36,mass,Luminal A,,2294,1914,
D2-0637,D2-0637_1-2.png,processed_images\D2-0637_1-2.png,L,36,mass,Luminal A,,2294,1914,
D2-0637,D2-0637_1-3.png,processed_images\D2-0637_1-3.png,L,36,mass,Luminal A,,2294,1914,
D2-0637,D2-0637_1-4.png,processed_images\D2-0637_1-4.png,L,36,mass,Luminal A,,2294,1914,
D2-0638,D2-0638_1-1.png,processed_images\D2-0638_1-1.png,L,49,mass,HER2-enriched,,2294,1914,
D2-0638,D2-0638_1-2.png,processed_images\D2-0638_1-2.png,L,49,mass,HER2-enriched,,2294,1914,
D2-0638,D2-0638_1-3.png,processed_images\D2-0638_1-3.png,L,49,mass,HER2-enriched,,2294,1914,
D2-0638,D2-0638_1-4.png,processed_images\D2-0638_1-4.png,L,49,mass,HER2-enriched,,2294,1914,
D2-0639,D2-0639_1-1.png,processed_images\D2-0639_1-1.png,L,33,mass,Luminal B,,2294,1914,
D2-0639,D2-0639_1-2.png,processed_images\D2-0639_1-2.png,L,33,mass,Luminal B,,2294,1914,
D2-0639,D2-0639_1-3.png,processed_images\D2-0639_1-3.png,L,33,mass,Luminal B,,2294,1914,
D2-0639,D2-0639_1-4.png,processed_images\D2-0639_1-4.png,L,33,mass,Luminal B,,2294,1914,
D2-0640,D2-0640_1-1.png,processed_images\D2-0640_1-1.png,L,59,mass,triple negative,,2294,1914,
D2-0640,D2-0640_1-2.png,processed_images\D2-0640_1-2.png,L,59,mass,triple negative,,2294,1914,
D2-0640,D2-0640_1-3.png,processed_images\D2-0640_1-3.png,L,59,mass,triple negative,,2294,1914,
D2-0640,D2-0640_1-4.png,processed_images\D2-0640_1-4.png,L,59,mass,triple negative,,2294,1914,
D2-0641,D2-0641_1-1.png,processed_images\D2-0641_1-1.png,L,48,mass,Luminal A,,2294,1914,
D2-0641,D2-0641_1-2.png,processed_images\D2-0641_1-2.png,L,48,mass,Luminal A,,2294,1914,
D2-0641,D2-0641_1-3.png,processed_images\D2-0641_1-3.png,L,48,mass,Luminal A,,2294,1914,
D2-0641,D2-0641_1-4.png,processed_images\D2-0641_1-4.png,L,48,mass,Luminal A,,2294,1914,
D2-0642,D2-0642_1-1.png,processed_images\D2-0642_1-1.png,L,60,mass,triple negative,,2294,1914,
D2-0642,D2-0642_1-2.png,processed_images\D2-0642_1-2.png,L,60,mass,triple negative,,2294,1914,
D2-0642,D2-0642_1-3.png,processed_images\D2-0642_1-3.png,L,60,mass,triple negative,,2294,1914,
D2-0642,D2-0642_1-4.png,processed_images\D2-0642_1-4.png,L,60,mass,triple negative,,2294,1914,
D2-0643,D2-0643_1-1.png,processed_images\D2-0643_1-1.png,L,40,mass,triple negative,,2294,1914,
D2-0643,D2-0643_1-2.png,processed_images\D2-0643_1-2.png,L,40,mass,triple negative,,2294,1914,
D2-0643,D2-0643_1-3.png,processed_images\D2-0643_1-3.png,L,40,mass,triple negative,,2294,1914,
D2-0643,D2-0643_1-4.png,processed_images\D2-0643_1-4.png,L,40,mass,triple negative,,2294,1914,
D2-0644,D2-0644_1-1.png,processed_images\D2-0644_1-1.png,L,44,mass,Luminal A,,2294,1914,
D2-0644,D2-0644_1-2.png,processed_images\D2-0644_1-2.png,L,44,mass,Luminal A,,2294,1914,
D2-0644,D2-0644_1-3.png,processed_images\D2-0644_1-3.png,L,44,mass,Luminal A,,2294,1914,
D2-0644,D2-0644_1-4.png,processed_images\D2-0644_1-4.png,L,44,mass,Luminal A,,2294,1914,
D2-0645,D2-0645_1-1.png,processed_images\D2-0645_1-1.png,R,53,mass,Luminal A,,2294,1914,
D2-0645,D2-0645_1-2.png,processed_images\D2-0645_1-2.png,R,53,mass,Luminal A,,2294,1914,
D2-0645,D2-0645_1-3.png,processed_images\D2-0645_1-3.png,R,53,mass,Luminal A,,2294,1914,
D2-0645,D2-0645_1-4.png,processed_images\D2-0645_1-4.png,R,53,mass,Luminal A,,2294,1914,
D2-0646,D2-0646_1-1.png,processed_images\D2-0646_1-1.png,L,42,mass,triple negative,,2294,1914,
D2-0646,D2-0646_1-2.png,processed_images\D2-0646_1-2.png,L,42,mass,triple negative,,2294,1914,
D2-0646,D2-0646_1-3.png,processed_images\D2-0646_1-3.png,L,42,mass,triple negative,,2294,1914,
D2-0646,D2-0646_1-4.png,processed_images\D2-0646_1-4.png,L,42,mass,triple negative,,2294,1914,
D2-0647,D2-0647_1-1.png,processed_images\D2-0647_1-1.png,L,75,mass,triple negative,,2294,1914,
D2-0647,D2-0647_1-2.png,processed_images\D2-0647_1-2.png,L,75,mass,triple negative,,2294,1914,
D2-0647,D2-0647_1-3.png,processed_images\D2-0647_1-3.png,L,75,mass,triple negative,,2294,1914,
D2-0647,D2-0647_1-4.png,processed_images\D2-0647_1-4.png,L,75,mass,triple negative,,2294,1914,
D2-0648,D2-0648_1-1.png,processed_images\D2-0648_1-1.png,L,58,mass,Luminal A,,2294,1914,
D2-0648,D2-0648_1-2.png,processed_images\D2-0648_1-2.png,L,58,mass,Luminal A,,2294,1914,
D2-0648,D2-0648_1-3.png,processed_images\D2-0648_1-3.png,L,58,mass,Luminal A,,2294,1914,
D2-0648,D2-0648_1-4.png,processed_images\D2-0648_1-4.png,L,58,mass,Luminal A,,2294,1914,
D2-0649,D2-0649_1-1.png,processed_images\D2-0649_1-1.png,R,66,mass,Luminal B,,2294,1914,
D2-0649,D2-0649_1-2.png,processed_images\D2-0649_1-2.png,R,66,mass,Luminal B,,2294,1914,
D2-0649,D2-0649_1-3.png,processed_images\D2-0649_1-3.png,R,66,mass,Luminal B,,2294,1914,
D2-0649,D2-0649_1-4.png,processed_images\D2-0649_1-4.png,R,66,mass,Luminal B,,2294,1914,
D2-0650,D2-0650_1-1.png,processed_images\D2-0650_1-1.png,R,46,mass,Luminal B,,2294,1914,
D2-0650,D2-0650_1-2.png,processed_images\D2-0650_1-2.png,R,46,mass,Luminal B,,2294,1914,
D2-0650,D2-0650_1-3.png,processed_images\D2-0650_1-3.png,R,46,mass,Luminal B,,2294,1914,
D2-0650,D2-0650_1-4.png,processed_images\D2-0650_1-4.png,R,46,mass,Luminal B,,2294,1914,
D2-0651,D2-0651_1-1.png,processed_images\D2-0651_1-1.png,L,69,mass,Luminal A,,2294,1914,
D2-0651,D2-0651_1-2.png,processed_images\D2-0651_1-2.png,L,69,mass,Luminal A,,2294,1914,
D2-0651,D2-0651_1-3.png,processed_images\D2-0651_1-3.png,L,69,mass,Luminal A,,2294,1914,
D2-0651,D2-0651_1-4.png,processed_images\D2-0651_1-4.png,L,69,mass,Luminal A,,2294,1914,
D2-0652,D2-0652_1-1.png,processed_images\D2-0652_1-1.png,L,40,mass,triple negative,,2294,1914,
D2-0652,D2-0652_1-2.png,processed_images\D2-0652_1-2.png,L,40,mass,triple negative,,2294,1914,
D2-0652,D2-0652_1-3.png,processed_images\D2-0652_1-3.png,L,40,mass,triple negative,,2294,1914,
D2-0652,D2-0652_1-4.png,processed_images\D2-0652_1-4.png,L,40,mass,triple negative,,2294,1914,
D2-0653,D2-0653_1-1.png,processed_images\D2-0653_1-1.png,R,47,mass,Luminal B,,2294,1914,
D2-0653,D2-0653_1-2.png,processed_images\D2-0653_1-2.png,R,47,mass,Luminal B,,2294,1914,
D2-0653,D2-0653_1-3.png,processed_images\D2-0653_1-3.png,R,47,mass,Luminal B,,2294,1914,
D2-0653,D2-0653_1-4.png,processed_images\D2-0653_1-4.png,R,47,mass,Luminal B,,2294,1914,
D2-0654,D2-0654_1-1.png,processed_images\D2-0654_1-1.png,L,85,mass,triple negative,,2294,1914,
D2-0654,D2-0654_1-2.png,processed_images\D2-0654_1-2.png,L,85,mass,triple negative,,2294,1914,
D2-0654,D2-0654_1-3.png,processed_images\D2-0654_1-3.png,L,85,mass,triple negative,,2294,1914,
D2-0654,D2-0654_1-4.png,processed_images\D2-0654_1-4.png,L,85,mass,triple negative,,2294,1914,
D2-0655,D2-0655_1-1.png,processed_images\D2-0655_1-1.png,L,49,mass,Luminal B,,2294,1914,
D2-0655,D2-0655_1-2.png,processed_images\D2-0655_1-2.png,L,49,mass,Luminal B,,2294,1914,
D2-0655,D2-0655_1-3.png,processed_images\D2-0655_1-3.png,L,49,mass,Luminal B,,2294,1914,
D2-0655,D2-0655_1-4.png,processed_images\D2-0655_1-4.png,L,49,mass,Luminal B,,2294,1914,
D2-0656,D2-0656_1-1.png,processed_images\D2-0656_1-1.png,R,78,mass,Luminal B,,2294,1914,
D2-0656,D2-0656_1-2.png,processed_images\D2-0656_1-2.png,R,78,mass,Luminal B,,2294,1914,
D2-0656,D2-0656_1-3.png,processed_images\D2-0656_1-3.png,R,78,mass,Luminal B,,2294,1914,
D2-0656,D2-0656_1-4.png,processed_images\D2-0656_1-4.png,R,78,mass,Luminal B,,2294,1914,
D2-0657,D2-0657_1-1.png,processed_images\D2-0657_1-1.png,R,44,mass,Luminal B,,2294,1914,
D2-0657,D2-0657_1-2.png,processed_images\D2-0657_1-2.png,R,44,mass,Luminal B,,2294,1914,
D2-0657,D2-0657_1-3.png,processed_images\D2-0657_1-3.png,R,44,mass,Luminal B,,2294,1914,
D2-0657,D2-0657_1-4.png,processed_images\D2-0657_1-4.png,R,44,mass,Luminal B,,2294,1914,
D2-0658,D2-0658_1-1.png,processed_images\D2-0658_1-1.png,L,64,mass,Luminal A,,2294,1914,
D2-0658,D2-0658_1-2.png,processed_images\D2-0658_1-2.png,L,64,mass,Luminal A,,2294,1914,
D2-0658,D2-0658_1-3.png,processed_images\D2-0658_1-3.png,L,64,mass,Luminal A,,2294,1914,
D2-0658,D2-0658_1-4.png,processed_images\D2-0658_1-4.png,L,64,mass,Luminal A,,2294,1914,
D2-0659,D2-0659_1-1.png,processed_images\D2-0659_1-1.png,L,45,mass,Luminal B,,2294,1914,
D2-0659,D2-0659_1-2.png,processed_images\D2-0659_1-2.png,L,45,mass,Luminal B,,2294,1914,
D2-0659,D2-0659_1-3.png,processed_images\D2-0659_1-3.png,L,45,mass,Luminal B,,2294,1914,
D2-0659,D2-0659_1-4.png,processed_images\D2-0659_1-4.png,L,45,mass,Luminal B,,2294,1914,
D2-0660,D2-0660_1-1.png,processed_images\D2-0660_1-1.png,R,75,mass,Luminal A,,2294,1914,
D2-0660,D2-0660_1-2.png,processed_images\D2-0660_1-2.png,R,75,mass,Luminal A,,2294,1914,
D2-0660,D2-0660_1-3.png,processed_images\D2-0660_1-3.png,R,75,mass,Luminal A,,2294,1914,
D2-0660,D2-0660_1-4.png,processed_images\D2-0660_1-4.png,R,75,mass,Luminal A,,2294,1914,
D2-0661,D2-0661_1-1.png,processed_images\D2-0661_1-1.png,R,64,mass,Luminal B,,2294,1914,
D2-0661,D2-0661_1-2.png,processed_images\D2-0661_1-2.png,R,64,mass,Luminal B,,2294,1914,
D2-0661,D2-0661_1-3.png,processed_images\D2-0661_1-3.png,R,64,mass,Luminal B,,2294,1914,
D2-0661,D2-0661_1-4.png,processed_images\D2-0661_1-4.png,R,64,mass,Luminal B,,2294,1914,
D2-0662,D2-0662_1-1.png,processed_images\D2-0662_1-1.png,L,32,mass,HER2-enriched,,2294,1914,
D2-0662,D2-0662_1-2.png,processed_images\D2-0662_1-2.png,L,32,mass,HER2-enriched,,2294,1914,
D2-0662,D2-0662_1-3.png,processed_images\D2-0662_1-3.png,L,32,mass,HER2-enriched,,2294,1914,
D2-0662,D2-0662_1-4.png,processed_images\D2-0662_1-4.png,L,32,mass,HER2-enriched,,2294,1914,
D2-0663,D2-0663_1-1.png,processed_images\D2-0663_1-1.png,L,52,mass,Luminal B,,2294,1914,
D2-0663,D2-0663_1-2.png,processed_images\D2-0663_1-2.png,L,52,mass,Luminal B,,2294,1914,
D2-0663,D2-0663_1-3.png,processed_images\D2-0663_1-3.png,L,52,mass,Luminal B,,2294,1914,
D2-0663,D2-0663_1-4.png,processed_images\D2-0663_1-4.png,L,52,mass,Luminal B,,2294,1914,
D2-0664,D2-0664_1-1.png,processed_images\D2-0664_1-1.png,R,65,mass,Luminal B,,2294,1914,
D2-0664,D2-0664_1-2.png,processed_images\D2-0664_1-2.png,R,65,mass,Luminal B,,2294,1914,
D2-0664,D2-0664_1-3.png,processed_images\D2-0664_1-3.png,R,65,mass,Luminal B,,2294,1914,
D2-0664,D2-0664_1-4.png,processed_images\D2-0664_1-4.png,R,65,mass,Luminal B,,2294,1914,
D2-0665,D2-0665_1-1.png,processed_images\D2-0665_1-1.png,L,48,mass,Luminal B,,2294,1914,
D2-0665,D2-0665_1-2.png,processed_images\D2-0665_1-2.png,L,48,mass,Luminal B,,2294,1914,
D2-0665,D2-0665_1-3.png,processed_images\D2-0665_1-3.png,L,48,mass,Luminal B,,2294,1914,
D2-0665,D2-0665_1-4.png,processed_images\D2-0665_1-4.png,L,48,mass,Luminal B,,2294,1914,
D2-0666,D2-0666_1-1.png,processed_images\D2-0666_1-1.png,R,58,mass,Luminal B,,2294,1914,
D2-0666,D2-0666_1-2.png,processed_images\D2-0666_1-2.png,R,58,mass,Luminal B,,2294,1914,
D2-0666,D2-0666_1-3.png,processed_images\D2-0666_1-3.png,R,58,mass,Luminal B,,2294,1914,
D2-0666,D2-0666_1-4.png,processed_images\D2-0666_1-4.png,R,58,mass,Luminal B,,2294,1914,
D2-0667,D2-0667_1-1.png,processed_images\D2-0667_1-1.png,L,29,mass,Luminal B,,2294,1914,
D2-0667,D2-0667_1-2.png,processed_images\D2-0667_1-2.png,L,29,mass,Luminal B,,2294,1914,
D2-0667,D2-0667_1-3.png,processed_images\D2-0667_1-3.png,L,29,mass,Luminal B,,2294,1914,
D2-0667,D2-0667_1-4.png,processed_images\D2-0667_1-4.png,L,29,mass,Luminal B,,2294,1914,
D2-0668,D2-0668_1-1.png,processed_images\D2-0668_1-1.png,L,62,mass,Luminal A,,2294,1914,
D2-0668,D2-0668_1-2.png,processed_images\D2-0668_1-2.png,L,62,mass,Luminal A,,2294,1914,
D2-0668,D2-0668_1-3.png,processed_images\D2-0668_1-3.png,L,62,mass,Luminal A,,2294,1914,
D2-0668,D2-0668_1-4.png,processed_images\D2-0668_1-4.png,L,62,mass,Luminal A,,2294,1914,
D2-0669,D2-0669_1-1.png,processed_images\D2-0669_1-1.png,L,54,mass,Luminal B,,2294,1914,
D2-0669,D2-0669_1-2.png,processed_images\D2-0669_1-2.png,L,54,mass,Luminal B,,2294,1914,
D2-0669,D2-0669_1-3.png,processed_images\D2-0669_1-3.png,L,54,mass,Luminal B,,2294,1914,
D2-0669,D2-0669_1-4.png,processed_images\D2-0669_1-4.png,L,54,mass,Luminal B,,2294,1914,
D2-0670,D2-0670_1-1.png,processed_images\D2-0670_1-1.png,L,69,mass,Luminal A,,2294,1914,
D2-0670,D2-0670_1-2.png,processed_images\D2-0670_1-2.png,L,69,mass,Luminal A,,2294,1914,
D2-0670,D2-0670_1-3.png,processed_images\D2-0670_1-3.png,L,69,mass,Luminal A,,2294,1914,
D2-0670,D2-0670_1-4.png,processed_images\D2-0670_1-4.png,L,69,mass,Luminal A,,2294,1914,
D2-0671,D2-0671_1-1.png,processed_images\D2-0671_1-1.png,L,48,mass,Luminal B,,2294,1914,
D2-0671,D2-0671_1-2.png,processed_images\D2-0671_1-2.png,L,48,mass,Luminal B,,2294,1914,
D2-0671,D2-0671_1-3.png,processed_images\D2-0671_1-3.png,L,48,mass,Luminal B,,2294,1914,
D2-0671,D2-0671_1-4.png,processed_images\D2-0671_1-4.png,L,48,mass,Luminal B,,2294,1914,
D2-0672,D2-0672_1-1.png,processed_images\D2-0672_1-1.png,L,45,mass,Luminal B,,2294,1914,
D2-0672,D2-0672_1-2.png,processed_images\D2-0672_1-2.png,L,45,mass,Luminal B,,2294,1914,
D2-0672,D2-0672_1-3.png,processed_images\D2-0672_1-3.png,L,45,mass,Luminal B,,2294,1914,
D2-0672,D2-0672_1-4.png,processed_images\D2-0672_1-4.png,L,45,mass,Luminal B,,2294,1914,
D2-0673,D2-0673_1-1.png,processed_images\D2-0673_1-1.png,L,59,mass,Luminal B,,2294,1914,
D2-0673,D2-0673_1-2.png,processed_images\D2-0673_1-2.png,L,59,mass,Luminal B,,2294,1914,
D2-0673,D2-0673_1-3.png,processed_images\D2-0673_1-3.png,L,59,mass,Luminal B,,2294,1914,
D2-0673,D2-0673_1-4.png,processed_images\D2-0673_1-4.png,L,59,mass,Luminal B,,2294,1914,
D2-0674,D2-0674_1-1.png,processed_images\D2-0674_1-1.png,L,60,mass,Luminal A,,2294,1914,
D2-0674,D2-0674_1-2.png,processed_images\D2-0674_1-2.png,L,60,mass,Luminal A,,2294,1914,
D2-0674,D2-0674_1-3.png,processed_images\D2-0674_1-3.png,R,60,mass,Benign,,2294,1914,
D2-0674,D2-0674_1-4.png,processed_images\D2-0674_1-4.png,R,60,mass,Benign,,2294,1914,
D2-0675,D2-0675_1-1.png,processed_images\D2-0675_1-1.png,L,41,mass,Luminal B,,2294,1914,
D2-0675,D2-0675_1-2.png,processed_images\D2-0675_1-2.png,L,41,mass,Luminal B,,2294,1914,
D2-0675,D2-0675_1-3.png,processed_images\D2-0675_1-3.png,L,41,mass,Luminal B,,2294,1914,
D2-0675,D2-0675_1-4.png,processed_images\D2-0675_1-4.png,L,41,mass,Luminal B,,2294,1914,
D2-0676,D2-0676_1-1.png,processed_images\D2-0676_1-1.png,R,43,mass,Luminal B,,2294,1914,
D2-0676,D2-0676_1-2.png,processed_images\D2-0676_1-2.png,R,43,mass,Luminal B,,2294,1914,
D2-0676,D2-0676_1-3.png,processed_images\D2-0676_1-3.png,R,43,mass,Luminal B,,2294,1914,
D2-0676,D2-0676_1-4.png,processed_images\D2-0676_1-4.png,R,43,mass,Luminal B,,2294,1914,
D2-0677,D2-0677_1-1.png,processed_images\D2-0677_1-1.png,L,46,mass,Luminal A,,2294,1914,
D2-0677,D2-0677_1-2.png,processed_images\D2-0677_1-2.png,L,46,mass,Luminal A,,2294,1914,
D2-0677,D2-0677_1-3.png,processed_images\D2-0677_1-3.png,L,46,mass,Luminal A,,2294,1914,
D2-0677,D2-0677_1-4.png,processed_images\D2-0677_1-4.png,L,46,mass,Luminal A,,2294,1914,
D2-0678,D2-0678_1-1.png,processed_images\D2-0678_1-1.png,L,74,mass,Luminal B,,2294,1914,
D2-0678,D2-0678_1-2.png,processed_images\D2-0678_1-2.png,L,74,mass,Luminal B,,2294,1914,
D2-0678,D2-0678_1-3.png,processed_images\D2-0678_1-3.png,L,74,mass,Luminal B,,2294,1914,
D2-0678,D2-0678_1-4.png,processed_images\D2-0678_1-4.png,L,74,mass,Luminal B,,2294,1914,
D2-0679,D2-0679_1-1.png,processed_images\D2-0679_1-1.png,L,51,mass,Luminal B,,2294,1914,
D2-0679,D2-0679_1-2.png,processed_images\D2-0679_1-2.png,L,51,mass,Luminal B,,2294,1914,
D2-0679,D2-0679_1-3.png,processed_images\D2-0679_1-3.png,L,51,mass,Luminal B,,2294,1914,
D2-0679,D2-0679_1-4.png,processed_images\D2-0679_1-4.png,L,51,mass,Luminal B,,2294,1914,
D2-0680,D2-0680_1-1.png,processed_images\D2-0680_1-1.png,L,38,mass,Luminal B,,2294,1914,
D2-0680,D2-0680_1-2.png,processed_images\D2-0680_1-2.png,L,38,mass,Luminal B,,2294,1914,
D2-0680,D2-0680_1-3.png,processed_images\D2-0680_1-3.png,L,38,mass,Luminal B,,2294,1914,
D2-0680,D2-0680_1-4.png,processed_images\D2-0680_1-4.png,L,38,mass,Luminal B,,2294,1914,
D2-0681,D2-0681_1-1.png,processed_images\D2-0681_1-1.png,R,33,mass,triple negative,,2294,1914,
D2-0681,D2-0681_1-2.png,processed_images\D2-0681_1-2.png,R,33,mass,triple negative,,2294,1914,
D2-0681,D2-0681_1-3.png,processed_images\D2-0681_1-3.png,R,33,mass,triple negative,,2294,1914,
D2-0681,D2-0681_1-4.png,processed_images\D2-0681_1-4.png,R,33,mass,triple negative,,2294,1914,
D2-0682,D2-0682_1-1.png,processed_images\D2-0682_1-1.png,L,44,mass,Luminal B,,2294,1914,
D2-0682,D2-0682_1-2.png,processed_images\D2-0682_1-2.png,L,44,mass,Luminal B,,2294,1914,
D2-0682,D2-0682_1-3.png,processed_images\D2-0682_1-3.png,L,44,mass,Luminal B,,2294,1914,
D2-0682,D2-0682_1-4.png,processed_images\D2-0682_1-4.png,L,44,mass,Luminal B,,2294,1914,
D2-0683,D2-0683_1-1.png,processed_images\D2-0683_1-1.png,R,43,mass,Luminal A,,2294,1914,
D2-0683,D2-0683_1-2.png,processed_images\D2-0683_1-2.png,R,43,mass,Luminal A,,2294,1914,
D2-0683,D2-0683_1-3.png,processed_images\D2-0683_1-3.png,R,43,mass,Luminal A,,2294,1914,
D2-0683,D2-0683_1-4.png,processed_images\D2-0683_1-4.png,R,43,mass,Luminal A,,2294,1914,
D2-0684,D2-0684_1-1.png,processed_images\D2-0684_1-1.png,R,49,mass,Luminal B,,2294,1914,
D2-0684,D2-0684_1-2.png,processed_images\D2-0684_1-2.png,R,49,mass,Luminal B,,2294,1914,
D2-0684,D2-0684_1-3.png,processed_images\D2-0684_1-3.png,R,49,mass,Luminal B,,2294,1914,
D2-0684,D2-0684_1-4.png,processed_images\D2-0684_1-4.png,R,49,mass,Luminal B,,2294,1914,
D2-0685,D2-0685_1-1.png,processed_images\D2-0685_1-1.png,R,42,mass,Luminal B,,2294,1914,
D2-0685,D2-0685_1-2.png,processed_images\D2-0685_1-2.png,R,42,mass,Luminal B,,2294,1914,
D2-0685,D2-0685_1-3.png,processed_images\D2-0685_1-3.png,R,42,mass,Luminal B,,2294,1914,
D2-0685,D2-0685_1-4.png,processed_images\D2-0685_1-4.png,R,42,mass,Luminal B,,2294,1914,
D2-0686,D2-0686_1-1.png,processed_images\D2-0686_1-1.png,R,48,mass,triple negative,,2294,1914,
D2-0686,D2-0686_1-2.png,processed_images\D2-0686_1-2.png,R,48,mass,triple negative,,2294,1914,
D2-0686,D2-0686_1-3.png,processed_images\D2-0686_1-3.png,R,48,mass,triple negative,,2294,1914,
D2-0686,D2-0686_1-4.png,processed_images\D2-0686_1-4.png,R,48,mass,triple negative,,2294,1914,
D2-0687,D2-0687_1-1.png,processed_images\D2-0687_1-1.png,R,49,mass,Luminal B,,2294,1914,
D2-0687,D2-0687_1-2.png,processed_images\D2-0687_1-2.png,R,49,mass,Luminal B,,2294,1914,
D2-0687,D2-0687_1-3.png,processed_images\D2-0687_1-3.png,R,49,mass,Luminal B,,2294,1914,
D2-0687,D2-0687_1-4.png,processed_images\D2-0687_1-4.png,R,49,mass,Luminal B,,2294,1914,
D2-0688,D2-0688_1-1.png,processed_images\D2-0688_1-1.png,L,51,mass,Luminal B,,2294,1914,
D2-0688,D2-0688_1-2.png,processed_images\D2-0688_1-2.png,L,51,mass,Luminal B,,2294,1914,
D2-0688,D2-0688_1-3.png,processed_images\D2-0688_1-3.png,L,51,mass,Luminal B,,2294,1914,
D2-0688,D2-0688_1-4.png,processed_images\D2-0688_1-4.png,L,51,mass,Luminal B,,2294,1914,
D2-0689,D2-0689_1-1.png,processed_images\D2-0689_1-1.png,L,30,mass,HER2-enriched,,2294,1914,
D2-0689,D2-0689_1-2.png,processed_images\D2-0689_1-2.png,L,30,mass,HER2-enriched,,2294,1914,
D2-0689,D2-0689_1-3.png,processed_images\D2-0689_1-3.png,L,30,mass,HER2-enriched,,2294,1914,
D2-0689,D2-0689_1-4.png,processed_images\D2-0689_1-4.png,L,30,mass,HER2-enriched,,2294,1914,
D2-0690,D2-0690_1-1.png,processed_images\D2-0690_1-1.png,L,60,mass,Luminal B,,2294,1914,
D2-0690,D2-0690_1-2.png,processed_images\D2-0690_1-2.png,L,60,mass,Luminal B,,2294,1914,
D2-0690,D2-0690_1-3.png,processed_images\D2-0690_1-3.png,L,60,mass,Luminal B,,2294,1914,
D2-0690,D2-0690_1-4.png,processed_images\D2-0690_1-4.png,L,60,mass,Luminal B,,2294,1914,
D2-0691,D2-0691_1-1.png,processed_images\D2-0691_1-1.png,L,44,mass,Luminal A,,2294,1914,
D2-0691,D2-0691_1-2.png,processed_images\D2-0691_1-2.png,L,44,mass,Luminal A,,2294,1914,
D2-0691,D2-0691_1-3.png,processed_images\D2-0691_1-3.png,L,44,mass,Luminal A,,2294,1914,
D2-0691,D2-0691_1-4.png,processed_images\D2-0691_1-4.png,L,44,mass,Luminal A,,2294,1914,
D2-0692,D2-0692_1-1.png,processed_images\D2-0692_1-1.png,L,52,mass,Luminal B,,2294,1914,
D2-0692,D2-0692_1-2.png,processed_images\D2-0692_1-2.png,L,52,mass,Luminal B,,2294,1914,
D2-0692,D2-0692_1-3.png,processed_images\D2-0692_1-3.png,L,52,mass,Luminal B,,2294,1914,
D2-0692,D2-0692_1-4.png,processed_images\D2-0692_1-4.png,L,52,mass,Luminal B,,2294,1914,
D2-0693,D2-0693_1-1.png,processed_images\D2-0693_1-1.png,L,54,mass,triple negative,,2294,1914,
D2-0693,D2-0693_1-2.png,processed_images\D2-0693_1-2.png,L,54,mass,triple negative,,2294,1914,
D2-0693,D2-0693_1-3.png,processed_images\D2-0693_1-3.png,L,54,mass,triple negative,,2294,1914,
D2-0693,D2-0693_1-4.png,processed_images\D2-0693_1-4.png,L,54,mass,triple negative,,2294,1914,
D2-0694,D2-0694_1-1.png,processed_images\D2-0694_1-1.png,L,46,mass,Luminal B,,2294,1914,
D2-0694,D2-0694_1-2.png,processed_images\D2-0694_1-2.png,L,46,mass,Luminal B,,2294,1914,
D2-0694,D2-0694_1-3.png,processed_images\D2-0694_1-3.png,L,46,mass,Luminal B,,2294,1914,
D2-0694,D2-0694_1-4.png,processed_images\D2-0694_1-4.png,L,46,mass,Luminal B,,2294,1914,
D2-0695,D2-0695_1-1.png,processed_images\D2-0695_1-1.png,L,44,mass,Luminal B,,2294,1914,
D2-0695,D2-0695_1-2.png,processed_images\D2-0695_1-2.png,L,44,mass,Luminal B,,2294,1914,
D2-0695,D2-0695_1-3.png,processed_images\D2-0695_1-3.png,L,44,mass,Luminal B,,2294,1914,
D2-0695,D2-0695_1-4.png,processed_images\D2-0695_1-4.png,L,44,mass,Luminal B,,2294,1914,
D2-0696,D2-0696_1-1.png,processed_images\D2-0696_1-1.png,R,55,mass,triple negative,,2294,1914,
D2-0696,D2-0696_1-2.png,processed_images\D2-0696_1-2.png,R,55,mass,triple negative,,2294,1914,
D2-0696,D2-0696_1-3.png,processed_images\D2-0696_1-3.png,R,55,mass,triple negative,,2294,1914,
D2-0696,D2-0696_1-4.png,processed_images\D2-0696_1-4.png,R,55,mass,triple negative,,2294,1914,
D2-0697,D2-0697_1-1.png,processed_images\D2-0697_1-1.png,L,33,mass,HER2-enriched,,2294,1914,
D2-0697,D2-0697_1-2.png,processed_images\D2-0697_1-2.png,L,33,mass,HER2-enriched,,2294,1914,
D2-0697,D2-0697_1-3.png,processed_images\D2-0697_1-3.png,L,33,mass,HER2-enriched,,2294,1914,
D2-0697,D2-0697_1-4.png,processed_images\D2-0697_1-4.png,L,33,mass,HER2-enriched,,2294,1914,
D2-0698,D2-0698_1-1.png,processed_images\D2-0698_1-1.png,L,42,mass,Luminal B,,2294,1914,
D2-0698,D2-0698_1-2.png,processed_images\D2-0698_1-2.png,L,42,mass,Luminal B,,2294,1914,
D2-0698,D2-0698_1-3.png,processed_images\D2-0698_1-3.png,L,42,mass,Luminal B,,2294,1914,
D2-0698,D2-0698_1-4.png,processed_images\D2-0698_1-4.png,L,42,mass,Luminal B,,2294,1914,
D2-0699,D2-0699_1-1.png,processed_images\D2-0699_1-1.png,R,37,mass,Luminal B,,2294,1914,
D2-0699,D2-0699_1-2.png,processed_images\D2-0699_1-2.png,R,37,mass,Luminal B,,2294,1914,
D2-0699,D2-0699_1-3.png,processed_images\D2-0699_1-3.png,R,37,mass,Luminal B,,2294,1914,
D2-0699,D2-0699_1-4.png,processed_images\D2-0699_1-4.png,R,37,mass,Luminal B,,2294,1914,
D2-0700,D2-0700_1-1.png,processed_images\D2-0700_1-1.png,R,51,mass,Luminal B,,2294,1914,
D2-0700,D2-0700_1-2.png,processed_images\D2-0700_1-2.png,R,51,mass,Luminal B,,2294,1914,
D2-0700,D2-0700_1-3.png,processed_images\D2-0700_1-3.png,R,51,mass,Luminal B,,2294,1914,
D2-0700,D2-0700_1-4.png,processed_images\D2-0700_1-4.png,R,51,mass,Luminal B,,2294,1914,
D2-0701,D2-0701_1-1.png,processed_images\D2-0701_1-1.png,L,38,mass,Benign,,2294,1914,
D2-0701,D2-0701_1-2.png,processed_images\D2-0701_1-2.png,L,38,mass,Benign,,2294,1914,
D2-0701,D2-0701_1-3.png,processed_images\D2-0701_1-3.png,R,38,mass,Luminal A,,2294,1914,
D2-0701,D2-0701_1-4.png,processed_images\D2-0701_1-4.png,R,38,mass,Luminal A,,2294,1914,
D2-0702,D2-0702_1-1.png,processed_images\D2-0702_1-1.png,L,43,mass,Luminal A,,2294,1914,
D2-0702,D2-0702_1-2.png,processed_images\D2-0702_1-2.png,L,43,mass,Luminal A,,2294,1914,
D2-0702,D2-0702_1-3.png,processed_images\D2-0702_1-3.png,L,43,mass,Luminal A,,2294,1914,
D2-0702,D2-0702_1-4.png,processed_images\D2-0702_1-4.png,L,43,mass,Luminal A,,2294,1914,
D2-0703,D2-0703_1-1.png,processed_images\D2-0703_1-1.png,L,46,mass,Luminal B,,2294,1914,
D2-0703,D2-0703_1-2.png,processed_images\D2-0703_1-2.png,L,46,mass,Luminal B,,2294,1914,
D2-0703,D2-0703_1-3.png,processed_images\D2-0703_1-3.png,L,46,mass,Luminal B,,2294,1914,
D2-0703,D2-0703_1-4.png,processed_images\D2-0703_1-4.png,L,46,mass,Luminal B,,2294,1914,
D2-0704,D2-0704_1-1.png,processed_images\D2-0704_1-1.png,R,63,mass,Luminal A,,2294,1914,
D2-0704,D2-0704_1-2.png,processed_images\D2-0704_1-2.png,R,63,mass,Luminal A,,2294,1914,
D2-0704,D2-0704_1-3.png,processed_images\D2-0704_1-3.png,R,63,mass,Luminal A,,2294,1914,
D2-0704,D2-0704_1-4.png,processed_images\D2-0704_1-4.png,R,63,mass,Luminal A,,2294,1914,
D2-0705,D2-0705_1-1.png,processed_images\D2-0705_1-1.png,R,37,mass,Luminal B,,2294,1914,
D2-0705,D2-0705_1-2.png,processed_images\D2-0705_1-2.png,R,37,mass,Luminal B,,2294,1914,
D2-0705,D2-0705_1-3.png,processed_images\D2-0705_1-3.png,R,37,mass,Luminal B,,2294,1914,
D2-0705,D2-0705_1-4.png,processed_images\D2-0705_1-4.png,R,37,mass,Luminal B,,2294,1914,
D2-0706,D2-0706_1-3.png,processed_images\D2-0706_1-3.png,R,44,mass,Luminal B,,2294,1914,
D2-0706,D2-0706_1-4.png,processed_images\D2-0706_1-4.png,R,44,mass,Luminal B,,2294,1914,
D2-0707,D2-0707_1-1.png,processed_images\D2-0707_1-1.png,L,42,mass,Luminal B,,2294,1914,
D2-0707,D2-0707_1-2.png,processed_images\D2-0707_1-2.png,L,42,mass,Luminal B,,2294,1914,
D2-0707,D2-0707_1-3.png,processed_images\D2-0707_1-3.png,L,42,mass,Luminal B,,2294,1914,
D2-0707,D2-0707_1-4.png,processed_images\D2-0707_1-4.png,L,42,mass,Luminal B,,2294,1914,
D2-0708,D2-0708_1-1.png,processed_images\D2-0708_1-1.png,R,63,mass,Luminal B,,2294,1914,
D2-0708,D2-0708_1-2.png,processed_images\D2-0708_1-2.png,R,63,mass,Luminal B,,2294,1914,
D2-0708,D2-0708_1-3.png,processed_images\D2-0708_1-3.png,R,63,mass,Luminal B,,2294,1914,
D2-0708,D2-0708_1-4.png,processed_images\D2-0708_1-4.png,R,63,mass,Luminal B,,2294,1914,
D2-0709,D2-0709_1-1.png,processed_images\D2-0709_1-1.png,L,49,mass,triple negative,,2294,1914,
D2-0709,D2-0709_1-2.png,processed_images\D2-0709_1-2.png,L,49,mass,triple negative,,2294,1914,
D2-0709,D2-0709_1-3.png,processed_images\D2-0709_1-3.png,L,49,mass,triple negative,,2294,1914,
D2-0709,D2-0709_1-4.png,processed_images\D2-0709_1-4.png,L,49,mass,triple negative,,2294,1914,
D2-0710,D2-0710_1-1.png,processed_images\D2-0710_1-1.png,R,43,mass,Luminal B,,2294,1914,
D2-0710,D2-0710_1-2.png,processed_images\D2-0710_1-2.png,R,43,mass,Luminal B,,2294,1914,
D2-0710,D2-0710_1-3.png,processed_images\D2-0710_1-3.png,R,43,mass,Luminal B,,2294,1914,
D2-0710,D2-0710_1-4.png,processed_images\D2-0710_1-4.png,R,43,mass,Luminal B,,2294,1914,
D2-0711,D2-0711_1-1.png,processed_images\D2-0711_1-1.png,R,32,mass,Luminal B,,2294,1914,
D2-0711,D2-0711_1-2.png,processed_images\D2-0711_1-2.png,R,32,mass,Luminal B,,2294,1914,
D2-0711,D2-0711_1-3.png,processed_images\D2-0711_1-3.png,R,32,mass,Luminal B,,2294,1914,
D2-0711,D2-0711_1-4.png,processed_images\D2-0711_1-4.png,R,32,mass,Luminal B,,2294,1914,
D2-0712,D2-0712_1-1.png,processed_images\D2-0712_1-1.png,R,52,mass,triple negative,,2294,1914,
D2-0712,D2-0712_1-2.png,processed_images\D2-0712_1-2.png,R,52,mass,triple negative,,2294,1914,
D2-0712,D2-0712_1-3.png,processed_images\D2-0712_1-3.png,R,52,mass,triple negative,,2294,1914,
D2-0712,D2-0712_1-4.png,processed_images\D2-0712_1-4.png,R,52,mass,triple negative,,2294,1914,
D2-0713,D2-0713_1-1.png,processed_images\D2-0713_1-1.png,R,31,mass,Luminal B,,2294,1914,
D2-0713,D2-0713_1-2.png,processed_images\D2-0713_1-2.png,R,31,mass,Luminal B,,2294,1914,
D2-0713,D2-0713_1-3.png,processed_images\D2-0713_1-3.png,R,31,mass,Luminal B,,2294,1914,
D2-0713,D2-0713_1-4.png,processed_images\D2-0713_1-4.png,R,31,mass,Luminal B,,2294,1914,
D2-0714,D2-0714_1-1.png,processed_images\D2-0714_1-1.png,R,51,mass,Luminal B,,2294,1914,
D2-0714,D2-0714_1-2.png,processed_images\D2-0714_1-2.png,R,51,mass,Luminal B,,2294,1914,
D2-0714,D2-0714_1-3.png,processed_images\D2-0714_1-3.png,R,51,mass,Luminal B,,2294,1914,
D2-0714,D2-0714_1-4.png,processed_images\D2-0714_1-4.png,R,51,mass,Luminal B,,2294,1914,
D2-0715,D2-0715_1-1.png,processed_images\D2-0715_1-1.png,R,51,mass,Luminal B,,2294,1914,
D2-0715,D2-0715_1-2.png,processed_images\D2-0715_1-2.png,R,51,mass,Luminal B,,2294,1914,
D2-0715,D2-0715_1-3.png,processed_images\D2-0715_1-3.png,R,51,mass,Luminal B,,2294,1914,
D2-0715,D2-0715_1-4.png,processed_images\D2-0715_1-4.png,R,51,mass,Luminal B,,2294,1914,
D2-0716,D2-0716_1-1.png,processed_images\D2-0716_1-1.png,R,48,mass,HER2-enriched,,2294,1914,
D2-0716,D2-0716_1-2.png,processed_images\D2-0716_1-2.png,R,48,mass,HER2-enriched,,2294,1914,
D2-0716,D2-0716_1-3.png,processed_images\D2-0716_1-3.png,R,48,mass,HER2-enriched,,2294,1914,
D2-0716,D2-0716_1-4.png,processed_images\D2-0716_1-4.png,R,48,mass,HER2-enriched,,2294,1914,
D2-0717,D2-0717_1-1.png,processed_images\D2-0717_1-1.png,L,62,mass,Luminal A,,2294,1914,
D2-0717,D2-0717_1-2.png,processed_images\D2-0717_1-2.png,L,62,mass,Luminal A,,2294,1914,
D2-0717,D2-0717_1-3.png,processed_images\D2-0717_1-3.png,L,62,mass,Luminal A,,2294,1914,
D2-0717,D2-0717_1-4.png,processed_images\D2-0717_1-4.png,L,62,mass,Luminal A,,2294,1914,
D2-0718,D2-0718_1-1.png,processed_images\D2-0718_1-1.png,R,62,mass,Luminal A,,2294,1914,
D2-0718,D2-0718_1-2.png,processed_images\D2-0718_1-2.png,R,62,mass,Luminal A,,2294,1914,
D2-0718,D2-0718_1-3.png,processed_images\D2-0718_1-3.png,R,62,mass,Luminal A,,2294,1914,
D2-0718,D2-0718_1-4.png,processed_images\D2-0718_1-4.png,R,62,mass,Luminal A,,2294,1914,
D2-0719,D2-0719_1-1.png,processed_images\D2-0719_1-1.png,R,53,mass,HER2-enriched,,2294,1914,
D2-0719,D2-0719_1-2.png,processed_images\D2-0719_1-2.png,R,53,mass,HER2-enriched,,2294,1914,
D2-0719,D2-0719_1-3.png,processed_images\D2-0719_1-3.png,R,53,mass,HER2-enriched,,2294,1914,
D2-0719,D2-0719_1-4.png,processed_images\D2-0719_1-4.png,R,53,mass,HER2-enriched,,2294,1914,
D2-0720,D2-0720_1-1.png,processed_images\D2-0720_1-1.png,L,39,mass,Luminal A,,2294,1914,
D2-0720,D2-0720_1-2.png,processed_images\D2-0720_1-2.png,L,39,mass,Luminal A,,2294,1914,
D2-0720,D2-0720_1-3.png,processed_images\D2-0720_1-3.png,L,39,mass,Luminal A,,2294,1914,
D2-0720,D2-0720_1-4.png,processed_images\D2-0720_1-4.png,L,39,mass,Luminal A,,2294,1914,
D2-0721,D2-0721_1-1.png,processed_images\D2-0721_1-1.png,R,60,mass,Luminal B,,2294,1914,
D2-0721,D2-0721_1-2.png,processed_images\D2-0721_1-2.png,R,60,mass,Luminal B,,2294,1914,
D2-0721,D2-0721_1-3.png,processed_images\D2-0721_1-3.png,R,60,mass,Luminal B,,2294,1914,
D2-0721,D2-0721_1-4.png,processed_images\D2-0721_1-4.png,R,60,mass,Luminal B,,2294,1914,
D2-0722,D2-0722_1-1.png,processed_images\D2-0722_1-1.png,L,53,mass,Luminal B,,2294,1914,
D2-0722,D2-0722_1-2.png,processed_images\D2-0722_1-2.png,L,53,mass,Luminal B,,2294,1914,
D2-0722,D2-0722_1-3.png,processed_images\D2-0722_1-3.png,L,53,mass,Luminal B,,2294,1914,
D2-0722,D2-0722_1-4.png,processed_images\D2-0722_1-4.png,L,53,mass,Luminal B,,2294,1914,
D2-0723,D2-0723_1-1.png,processed_images\D2-0723_1-1.png,R,49,mass,Luminal B,,2294,1914,
D2-0723,D2-0723_1-2.png,processed_images\D2-0723_1-2.png,R,49,mass,Luminal B,,2294,1914,
D2-0723,D2-0723_1-3.png,processed_images\D2-0723_1-3.png,R,49,mass,Luminal B,,2294,1914,
D2-0723,D2-0723_1-4.png,processed_images\D2-0723_1-4.png,R,49,mass,Luminal B,,2294,1914,
D2-0724,D2-0724_1-1.png,processed_images\D2-0724_1-1.png,L,29,mass,triple negative,,2294,1914,
D2-0724,D2-0724_1-2.png,processed_images\D2-0724_1-2.png,L,29,mass,triple negative,,2294,1914,
D2-0724,D2-0724_1-3.png,processed_images\D2-0724_1-3.png,L,29,mass,triple negative,,2294,1914,
D2-0724,D2-0724_1-4.png,processed_images\D2-0724_1-4.png,L,29,mass,triple negative,,2294,1914,
D2-0725,D2-0725_1-1.png,processed_images\D2-0725_1-1.png,R,50,mass,Luminal A,,2294,1914,
D2-0725,D2-0725_1-2.png,processed_images\D2-0725_1-2.png,R,50,mass,Luminal A,,2294,1914,
D2-0725,D2-0725_1-3.png,processed_images\D2-0725_1-3.png,R,50,mass,Luminal A,,2294,1914,
D2-0725,D2-0725_1-4.png,processed_images\D2-0725_1-4.png,R,50,mass,Luminal A,,2294,1914,
D2-0726,D2-0726_1-1.png,processed_images\D2-0726_1-1.png,R,64,mass,Luminal B,,2294,1914,
D2-0726,D2-0726_1-2.png,processed_images\D2-0726_1-2.png,R,64,mass,Luminal B,,2294,1914,
D2-0726,D2-0726_1-3.png,processed_images\D2-0726_1-3.png,R,64,mass,Luminal B,,2294,1914,
D2-0726,D2-0726_1-4.png,processed_images\D2-0726_1-4.png,R,64,mass,Luminal B,,2294,1914,
D2-0727,D2-0727_1-1.png,processed_images\D2-0727_1-1.png,L,69,mass,Luminal A,,2294,1914,
D2-0727,D2-0727_1-2.png,processed_images\D2-0727_1-2.png,L,69,mass,Luminal A,,2294,1914,
D2-0727,D2-0727_1-3.png,processed_images\D2-0727_1-3.png,L,69,mass,Luminal A,,2294,1914,
D2-0727,D2-0727_1-4.png,processed_images\D2-0727_1-4.png,L,69,mass,Luminal A,,2294,1914,
D2-0728,D2-0728_1-1.png,processed_images\D2-0728_1-1.png,R,69,mass,Luminal B,,2294,1914,
D2-0728,D2-0728_1-2.png,processed_images\D2-0728_1-2.png,R,69,mass,Luminal B,,2294,1914,
D2-0728,D2-0728_1-3.png,processed_images\D2-0728_1-3.png,R,69,mass,Luminal B,,2294,1914,
D2-0728,D2-0728_1-4.png,processed_images\D2-0728_1-4.png,R,69,mass,Luminal B,,2294,1914,
D2-0729,D2-0729_1-1.png,processed_images\D2-0729_1-1.png,R,44,mass,Luminal A,,2294,1914,
D2-0729,D2-0729_1-2.png,processed_images\D2-0729_1-2.png,R,44,mass,Luminal A,,2294,1914,
D2-0729,D2-0729_1-3.png,processed_images\D2-0729_1-3.png,R,44,mass,Luminal A,,2294,1914,
D2-0729,D2-0729_1-4.png,processed_images\D2-0729_1-4.png,R,44,mass,Luminal A,,2294,1914,
D2-0730,D2-0730_1-1.png,processed_images\D2-0730_1-1.png,R,50,mass,Luminal B,,2294,1914,
D2-0730,D2-0730_1-2.png,processed_images\D2-0730_1-2.png,R,50,mass,Luminal B,,2294,1914,
D2-0730,D2-0730_1-3.png,processed_images\D2-0730_1-3.png,R,50,mass,Luminal B,,2294,1914,
D2-0730,D2-0730_1-4.png,processed_images\D2-0730_1-4.png,R,50,mass,Luminal B,,2294,1914,
D2-0731,D2-0731_1-1.png,processed_images\D2-0731_1-1.png,L,36,mass,Luminal A,,2294,1914,
D2-0731,D2-0731_1-2.png,processed_images\D2-0731_1-2.png,L,36,mass,Luminal A,,2294,1914,
D2-0731,D2-0731_1-3.png,processed_images\D2-0731_1-3.png,L,36,mass,Luminal A,,2294,1914,
D2-0731,D2-0731_1-4.png,processed_images\D2-0731_1-4.png,L,36,mass,Luminal A,,2294,1914,
D2-0732,D2-0732_1-1.png,processed_images\D2-0732_1-1.png,R,33,mass,Luminal B,,2294,1914,
D2-0732,D2-0732_1-2.png,processed_images\D2-0732_1-2.png,R,33,mass,Luminal B,,2294,1914,
D2-0732,D2-0732_1-3.png,processed_images\D2-0732_1-3.png,R,33,mass,Luminal B,,2294,1914,
D2-0732,D2-0732_1-4.png,processed_images\D2-0732_1-4.png,R,33,mass,Luminal B,,2294,1914,
D2-0733,D2-0733_1-1.png,processed_images\D2-0733_1-1.png,R,50,mass,HER2-enriched,,2294,1914,
D2-0733,D2-0733_1-2.png,processed_images\D2-0733_1-2.png,R,50,mass,HER2-enriched,,2294,1914,
D2-0733,D2-0733_1-3.png,processed_images\D2-0733_1-3.png,R,50,mass,HER2-enriched,,2294,1914,
D2-0733,D2-0733_1-4.png,processed_images\D2-0733_1-4.png,R,50,mass,HER2-enriched,,2294,1914,
D2-0734,D2-0734_1-1.png,processed_images\D2-0734_1-1.png,R,58,mass,Luminal B,,2294,1914,
D2-0734,D2-0734_1-2.png,processed_images\D2-0734_1-2.png,R,58,mass,Luminal B,,2294,1914,
D2-0734,D2-0734_1-3.png,processed_images\D2-0734_1-3.png,R,58,mass,Luminal B,,2294,1914,
D2-0734,D2-0734_1-4.png,processed_images\D2-0734_1-4.png,R,58,mass,Luminal B,,2294,1914,
D2-0735,D2-0735_1-1.png,processed_images\D2-0735_1-1.png,L,48,mass,Luminal B,,2294,1914,
D2-0735,D2-0735_1-2.png,processed_images\D2-0735_1-2.png,L,48,mass,Luminal B,,2294,1914,
D2-0735,D2-0735_1-3.png,processed_images\D2-0735_1-3.png,L,48,mass,Luminal B,,2294,1914,
D2-0735,D2-0735_1-4.png,processed_images\D2-0735_1-4.png,L,48,mass,Luminal B,,2294,1914,
D2-0736,D2-0736_1-1.png,processed_images\D2-0736_1-1.png,R,48,mass,Luminal A,,2294,1914,
D2-0736,D2-0736_1-2.png,processed_images\D2-0736_1-2.png,R,48,mass,Luminal A,,2294,1914,
D2-0736,D2-0736_1-3.png,processed_images\D2-0736_1-3.png,R,48,mass,Luminal A,,2294,1914,
D2-0736,D2-0736_1-4.png,processed_images\D2-0736_1-4.png,R,48,mass,Luminal A,,2294,1914,
D2-0737,D2-0737_1-1.png,processed_images\D2-0737_1-1.png,R,44,mass,Luminal B,,2294,1914,
D2-0737,D2-0737_1-2.png,processed_images\D2-0737_1-2.png,R,44,mass,Luminal B,,2294,1914,
D2-0737,D2-0737_1-3.png,processed_images\D2-0737_1-3.png,R,44,mass,Luminal B,,2294,1914,
D2-0737,D2-0737_1-4.png,processed_images\D2-0737_1-4.png,R,44,mass,Luminal B,,2294,1914,
D2-0738,D2-0738_1-1.png,processed_images\D2-0738_1-1.png,R,43,mass,HER2-enriched,,2294,1914,
D2-0738,D2-0738_1-2.png,processed_images\D2-0738_1-2.png,R,43,mass,HER2-enriched,,2294,1914,
D2-0738,D2-0738_1-3.png,processed_images\D2-0738_1-3.png,R,43,mass,HER2-enriched,,2294,1914,
D2-0738,D2-0738_1-4.png,processed_images\D2-0738_1-4.png,R,43,mass,HER2-enriched,,2294,1914,
D2-0739,D2-0739_1-1.png,processed_images\D2-0739_1-1.png,R,49,mass,Luminal B,,2294,1914,
D2-0739,D2-0739_1-2.png,processed_images\D2-0739_1-2.png,R,49,mass,Luminal B,,2294,1914,
D2-0739,D2-0739_1-3.png,processed_images\D2-0739_1-3.png,R,49,mass,Luminal B,,2294,1914,
D2-0739,D2-0739_1-4.png,processed_images\D2-0739_1-4.png,R,49,mass,Luminal B,,2294,1914,
D2-0740,D2-0740_1-1.png,processed_images\D2-0740_1-1.png,R,53,mass,Luminal B,,2294,1914,
D2-0740,D2-0740_1-2.png,processed_images\D2-0740_1-2.png,R,53,mass,Luminal B,,2294,1914,
D2-0740,D2-0740_1-3.png,processed_images\D2-0740_1-3.png,R,53,mass,Luminal B,,2294,1914,
D2-0740,D2-0740_1-4.png,processed_images\D2-0740_1-4.png,R,53,mass,Luminal B,,2294,1914,
D2-0741,D2-0741_1-1.png,processed_images\D2-0741_1-1.png,R,42,mass,HER2-enriched,,2294,1914,
D2-0741,D2-0741_1-2.png,processed_images\D2-0741_1-2.png,R,42,mass,HER2-enriched,,2294,1914,
D2-0741,D2-0741_1-3.png,processed_images\D2-0741_1-3.png,R,42,mass,HER2-enriched,,2294,1914,
D2-0741,D2-0741_1-4.png,processed_images\D2-0741_1-4.png,R,42,mass,HER2-enriched,,2294,1914,
D2-0742,D2-0742_1-1.png,processed_images\D2-0742_1-1.png,L,72,mass,Luminal B,,2294,1914,
D2-0742,D2-0742_1-2.png,processed_images\D2-0742_1-2.png,L,72,mass,Luminal B,,2294,1914,
D2-0742,D2-0742_1-3.png,processed_images\D2-0742_1-3.png,L,72,mass,Luminal B,,2294,1914,
D2-0742,D2-0742_1-4.png,processed_images\D2-0742_1-4.png,L,72,mass,Luminal B,,2294,1914,
D2-0743,D2-0743_1-1.png,processed_images\D2-0743_1-1.png,R,39,mass,Luminal B,,2294,1914,
D2-0743,D2-0743_1-2.png,processed_images\D2-0743_1-2.png,R,39,mass,Luminal B,,2294,1914,
D2-0743,D2-0743_1-3.png,processed_images\D2-0743_1-3.png,R,39,mass,Luminal B,,2294,1914,
D2-0743,D2-0743_1-4.png,processed_images\D2-0743_1-4.png,R,39,mass,Luminal B,,2294,1914,
D2-0744,D2-0744_1-1.png,processed_images\D2-0744_1-1.png,L,38,mass,Luminal A,,2294,1914,
D2-0744,D2-0744_1-2.png,processed_images\D2-0744_1-2.png,L,38,mass,Luminal A,,2294,1914,
D2-0744,D2-0744_1-3.png,processed_images\D2-0744_1-3.png,L,38,mass,Luminal A,,2294,1914,
D2-0744,D2-0744_1-4.png,processed_images\D2-0744_1-4.png,L,38,mass,Luminal A,,2294,1914,
D2-0745,D2-0745_1-1.png,processed_images\D2-0745_1-1.png,L,43,mass,triple negative,,2294,1914,
D2-0745,D2-0745_1-2.png,processed_images\D2-0745_1-2.png,L,43,mass,triple negative,,2294,1914,
D2-0745,D2-0745_1-3.png,processed_images\D2-0745_1-3.png,L,43,mass,triple negative,,2294,1914,
D2-0745,D2-0745_1-4.png,processed_images\D2-0745_1-4.png,L,43,mass,triple negative,,2294,1914,
D2-0746,D2-0746_1-1.png,processed_images\D2-0746_1-1.png,R,59,mass,HER2-enriched,,2294,1914,
D2-0746,D2-0746_1-2.png,processed_images\D2-0746_1-2.png,R,59,mass,HER2-enriched,,2294,1914,
D2-0746,D2-0746_1-3.png,processed_images\D2-0746_1-3.png,R,59,mass,HER2-enriched,,2294,1914,
D2-0746,D2-0746_1-4.png,processed_images\D2-0746_1-4.png,R,59,mass,HER2-enriched,,2294,1914,
D2-0747,D2-0747_1-1.png,processed_images\D2-0747_1-1.png,R,53,mass,Luminal B,,2294,1914,
D2-0747,D2-0747_1-2.png,processed_images\D2-0747_1-2.png,R,53,mass,Luminal B,,2294,1914,
D2-0747,D2-0747_1-3.png,processed_images\D2-0747_1-3.png,R,53,mass,Luminal B,,2294,1914,
D2-0747,D2-0747_1-4.png,processed_images\D2-0747_1-4.png,R,53,mass,Luminal B,,2294,1914,
D2-0748,D2-0748_1-1.png,processed_images\D2-0748_1-1.png,R,29,mass,Luminal B,,2294,1914,
D2-0748,D2-0748_1-2.png,processed_images\D2-0748_1-2.png,R,29,mass,Luminal B,,2294,1914,
D2-0748,D2-0748_1-3.png,processed_images\D2-0748_1-3.png,R,29,mass,Luminal B,,2294,1914,
D2-0748,D2-0748_1-4.png,processed_images\D2-0748_1-4.png,R,29,mass,Luminal B,,2294,1914,
D2-0749,D2-0749_1-1.png,processed_images\D2-0749_1-1.png,L,42,mass,Luminal B,,2294,1914,
D2-0749,D2-0749_1-2.png,processed_images\D2-0749_1-2.png,L,42,mass,Luminal B,,2294,1914,
D2-0749,D2-0749_1-3.png,processed_images\D2-0749_1-3.png,L,42,mass,Luminal B,,2294,1914,
D2-0749,D2-0749_1-4.png,processed_images\D2-0749_1-4.png,L,42,mass,Luminal B,,2294,1914,
